<?xml version="1.0" encoding="UTF-8"?>
<window>
	<defaultcontrol always="true">8</defaultcontrol>
	<controls>
		<control type="image">
			<left>1270r</left>
			<top>0</top>
			<width>1280</width>
			<height>720</height>
			<texture>$INFO[ListItem.Art(fanart)]</texture>
		</control>
		<control type="image">
			<left>0</left>
			<top>0</top>
			<width>1920</width>
			<height>1080</height>
			<texture diffuse="backgrounds/backgrounddiffuse.png">$INFO[Skin.CurrentTheme,special://skin/extras/backgrounds/,.jpg]</texture>
		</control>
		<control type="image">
			<left>0</left>
			<top>0</top>
			<width>1920</width>
			<height>1080</height>
			<texture diffuse="backgrounds/backgrounddiffuse.png">$INFO[Skin.String(CustomBackgroundPath)]</texture>
			<visible>Skin.HasSetting(UseCustomBackground) + Skin.String(CustomBackgroundPath)</visible>
		</control>
		<control type="group">
		<visible>!Skin.HasSetting(Touchmode)</visible>
			<control type="image">
				<right>20</right>
				<top>95</top>
				<width>60</width>
				<height>60</height>
				<texture colordiffuse="button.nf">backgrounds/white.png</texture>
			</control>
			<control type="button" id="998">
				<right>15</right>
				<top>90</top>
				<width>70</width>
				<height>70</height>
				<label></label>
				<font/>
				<onclick>ActivateWindow(home)</onclick>
				<texturefocus colordiffuse="$INFO[Skin.String(color.500)]">icons/home.png</texturefocus>
				<texturenofocus colordiffuse="white">icons/home.png</texturenofocus>
				<onleft>999</onleft>
				<onright>8</onright>
				<onup></onup>
				<ondown></ondown>
			</control>
			<control type="image">
				<right>100</right>
				<top>95</top>
				<width>60</width>
				<height>60</height>
				<texture colordiffuse="button.nf">backgrounds/white.png</texture>
			</control>
			<control type="button" id="999">
				<right>95</right>
				<top>90</top>
				<width>70</width>
				<height>70</height>
				<label></label>
				<font/>
				<onclick>back</onclick>
				<texturefocus colordiffuse="$INFO[Skin.String(color.500)]">icons/back.png</texturefocus>
				<texturenofocus colordiffuse="white">icons/back.png</texturenofocus>
				<onleft>10</onleft>
				<onright>998</onright>
				<onup></onup>
				<ondown></ondown>
			</control>
		</control>
		<control type="group">
			<visible>!Skin.HasSetting(View50HideClock)</visible>
			<visible>!Player.HasAudio + !Skin.HasSetting(homepageMusicinfo)</visible>
			<visible>!Player.HasVideo + !Skin.HasSetting(homepageVideoinfo)</visible>
			<control type="label">
				<visible>!Skin.HasSetting(Shadow)</visible>
				<top>122r</top>
				<left>23</left>
				<width>500</width>
				<height>22</height>
				<font>font14</font>
				<align>left</align>
				<aligny>center</aligny>
				<label>$INFO[System.Date]</label>
				<textcolor>black</textcolor>
				<shadowcolor>black</shadowcolor>
			</control>
			<control type="label">
				<top>125r</top>
				<left>20</left>
				<width>500</width>
				<height>22</height>
				<font>font14</font>
				<align>left</align>
				<aligny>center</aligny>
				<label>$INFO[System.Date]</label>
				<textcolor>white</textcolor>
				<shadowcolor>black</shadowcolor>
			</control>
			<control type="label">
				<visible>!Skin.HasSetting(Shadow)</visible>
				<top>77r</top>
				<left>23</left>
				<width>500</width>
				<height>30</height>
				<align>left</align>
				<aligny>center</aligny>
				<font>font35_title</font>
				<textcolor>black</textcolor>
				<shadowcolor>black</shadowcolor>
				<label>$INFO[System.Time(hh:mm:ss)]</label>
			</control>
			<control type="label">
				<top>80r</top>
				<left>20</left>
				<width>500</width>
				<height>30</height>
				<align>left</align>
				<aligny>center</aligny>
				<font>font35_title</font>
				<textcolor>$INFO[Skin.String(color.500)]</textcolor>
				<shadowcolor>black</shadowcolor>
				<label>$INFO[System.Time(hh:mm:ss)]</label>
			</control>
		</control>
		<control type="image">
			<visible>!Skin.HasSetting(Shadow)</visible>
			<left>5</left>
			<top>938</top>
			<width>1920</width>
			<height>64</height>
			<texture colordiffuse="black">menu_bar_views.png</texture>
		</control>
		<control type="image">
			<left>0</left>
			<top>935</top>
			<width>1920</width>
			<height>64</height>
			<texture colordiffuse="$INFO[Skin.String(color.500)]">menu_bar_views.png</texture>
		</control>
		<control type="group">
			<left>0</left>
			<top>510</top>
			<visible>Player.HasAudio + !Skin.HasSetting(homepageMusicinfo) + String.IsEmpty(Window(Videos).Property(PlayingBackgroundMedia))</visible>
			<control type="group">
				<control type="label">
					<left>20</left>
					<top>440</top>
					<height>38</height>
					<width>560</width>
					<align>left</align>
					<aligny>center</aligny>
					<font>breadcrumb</font>
					<textcolor>$INFO[Skin.String(color.500)]</textcolor>
					<shadowcolor>black</shadowcolor>
					<label>$INFO[Player.Title]</label>
					<scroll>true</scroll>
				</control>
				<control type="label">
					<left>20</left>
					<top>470</top>
					<height>38</height>
					<width>560</width>
					<align>left</align>
					<aligny>center</aligny>
					<font>breadcrumb.secondary</font>
					<textcolor>$INFO[Skin.String(color.500)]</textcolor>
					<shadowcolor>black</shadowcolor>
					<label>$INFO[MusicPlayer.Artist] [COLORwhite]$INFO[MusicPlayer.Album]$INFO[musicplayer.discnumber, - $LOCALIZE[427]: ][/COLOR]</label>
					<scroll>true</scroll>
				</control>
				<control type="label">
					<left>20</left>
					<top>500</top>
					<height>38</height>
					<width>560</width>
					<align>left</align>
					<aligny>center</aligny>
					<font>breadcrumb.secondary</font>
					<textcolor>white</textcolor>
					<shadowcolor>black</shadowcolor>
					<label>$INFO[Player.Time] / $INFO[Player.Duration,]</label>
					<scroll>true</scroll>
				</control>
			</control>
		</control>
		<control type="group">
			<left>0</left>
			<top>510</top>
			<visible>Player.HasAudio + !Skin.HasSetting(homepageMusicinfo) + String.IsEmpty(Window(Videos).Property(PlayingBackgroundMedia))</visible>
			<control type="group">
				<control type="label">
					<left>20</left>
					<top>440</top>
					<height>38</height>
					<width>560</width>
					<align>left</align>
					<aligny>center</aligny>
					<font>breadcrumb</font>
					<textcolor>$INFO[Skin.String(color.500)]</textcolor>
					<shadowcolor>black</shadowcolor>
					<label>$INFO[Player.Title]</label>
					<scroll>true</scroll>
				</control>
				<control type="label">
					<left>20</left>
					<top>470</top>
					<height>38</height>
					<width>560</width>
					<align>left</align>
					<aligny>center</aligny>
					<font>breadcrumb.secondary</font>
					<textcolor>$INFO[Skin.String(color.500)]</textcolor>
					<shadowcolor>black</shadowcolor>
					<label>$INFO[MusicPlayer.Artist] [COLORwhite]$INFO[MusicPlayer.Album]$INFO[musicplayer.discnumber, - $LOCALIZE[427]: ][/COLOR]</label>
					<scroll>true</scroll>
				</control>
				<control type="label">
					<left>20</left>
					<top>500</top>
					<height>38</height>
					<width>560</width>
					<align>left</align>
					<aligny>center</aligny>
					<font>breadcrumb.secondary</font>
					<textcolor>white</textcolor>
					<shadowcolor>black</shadowcolor>
					<label>$INFO[Player.Time] / $INFO[Player.Duration,]</label>
					<scroll>true</scroll>
				</control>
			</control>
		</control>
		<control type="group">
			<left>0</left>
			<top>480</top>
			<visible>Player.HasVideo + !Skin.HasSetting(homepageVideoinfo) + String.IsEmpty(Window(Videos).Property(PlayingBackgroundMedia))</visible>
				<control type="group">
				<visible>!VideoPlayer.Content(Movies) + !VideoPlayer.Content(Episodes) + !VideoPlayer.Content(LiveTV)</visible>
				<control type="label">
					<left>20</left>
					<top>500</top>
					<height>38</height>
					<width>560</width>
					<align>left</align>
					<aligny>center</aligny>
					<font>breadcrumb</font>
					<textcolor>$INFO[Skin.String(color.500)]</textcolor>
					<shadowcolor>black</shadowcolor>
					<label>$INFO[Player.Title]</label>
					<scroll>true</scroll>
				</control>
				<control type="label">
					<left>20</left>
					<top>530</top>
					<height>38</height>
					<width>560</width>
					<align>left</align>
					<aligny>center</aligny>
					<font>breadcrumb.secondary</font>
					<textcolor>white</textcolor>
					<shadowcolor>black</shadowcolor>
					<label>$INFO[Player.Time] / $INFO[Player.Duration,]</label>
				</control>
			</control>
			<control type="group">
				<visible>VideoPlayer.Content(LiveTV)</visible>
				<control type="label">
					<left>20</left>
					<top>470</top>
					<height>38</height>
					<width>560</width>
					<align>left</align>
					<aligny>center</aligny>
					<font>breadcrumb</font>
					<textcolor>$INFO[Skin.String(color.500)]</textcolor>
					<shadowcolor>black</shadowcolor>
					<label>$INFO[Player.Title]</label>
					<scroll>true</scroll>
				</control>
				<control type="label">
					<left>20</left>
					<top>500</top>
					<height>38</height>
					<width>560</width>
					<align>left</align>
					<aligny>center</aligny>
					<font>breadcrumb.secondary</font>
					<textcolor>white</textcolor>
					<shadowcolor>black</shadowcolor>
					<label>$INFO[VideoPlayer.ChannelName]</label>
					<scroll>true</scroll>
				</control>
				<control type="label">
					<left>20</left>
					<top>530</top>
					<height>38</height>
					<width>560</width>
					<align>left</align>
					<aligny>center</aligny>
					<font>breadcrumb.secondary</font>
					<textcolor>white</textcolor>
					<shadowcolor>black</shadowcolor>
					<label>$INFO[Player.Time] / $INFO[Player.Duration,]</label>
				</control>
			</control>
			<control type="group">
				<visible>VideoPlayer.Content(Movies)</visible>
				<control type="label">
					<left>20</left>
					<top>470</top>
					<height>38</height>
					<width>560</width>
					<align>left</align>
					<aligny>center</aligny>
					<font>breadcrumb</font>
					<textcolor>$INFO[Skin.String(color.500)]</textcolor>
					<shadowcolor>black</shadowcolor>
					<label>$INFO[Player.Title]</label>
					<scroll>true</scroll>
				</control>
				<control type="label">
					<left>20</left>
					<top>500</top>
					<height>38</height>
					<width>560</width>
					<align>left</align>
					<aligny>center</aligny>
					<font>breadcrumb.secondary</font>
					<textcolor>white</textcolor>
					<shadowcolor>black</shadowcolor>
					<label>$INFO[VideoPlayer.Studio]</label>
					<scroll>true</scroll>
				</control>
				<control type="label">
					<left>20</left>
					<top>530</top>
					<height>38</height>
					<width>560</width>
					<align>left</align>
					<aligny>center</aligny>
					<font>breadcrumb.secondary</font>
					<textcolor>white</textcolor>
					<shadowcolor>black</shadowcolor>
					<label>$INFO[Player.Time] / $INFO[Player.Duration,]</label>
				</control>
			</control>
			<control type="group">
				<visible>VideoPlayer.Content(Episodes)</visible>
				<control type="label">
					<left>20</left>
					<top>470</top>
					<height>38</height>
					<width>560</width>
					<align>left</align>
					<aligny>center</aligny>
					<font>breadcrumb</font>
					<textcolor>$INFO[Skin.String(color.500)]</textcolor>
					<shadowcolor>black</shadowcolor>
					<label>$INFO[Player.Title]</label>
					<scroll>true</scroll>
				</control>
				<control type="label">
					<left>20</left>
					<top>500</top>
					<height>38</height>
					<width>560</width>
					<align>left</align>
					<aligny>center</aligny>
					<font>breadcrumb.secondary</font>
					<textcolor>white</textcolor>
					<shadowcolor>black</shadowcolor>
					<label>$INFO[VideoPlayer.TVShowTitle] ($INFO[VideoPlayer.Season,$LOCALIZE[20373] , - ]$INFO[VideoPlayer.episode,$LOCALIZE[20359] ,])</label>
					<scroll>true</scroll>
				</control>
				<control type="label">
					<left>20</left>
					<top>530</top>
					<height>38</height>
					<width>450</width>
					<align>left</align>
					<aligny>center</aligny>
					<font>breadcrumb.secondary</font>
					<textcolor>white</textcolor>
					<shadowcolor>black</shadowcolor>
					<label>$INFO[Player.Time] / $INFO[Player.Duration,]</label>
				</control>
			</control>
		</control>
		<control type="group">
			<right>20</right>
			<width>1880</width>
			<visible>!Window.IsActive(FileBrowser) + !Window.IsActive(SelectDialog)</visible>
			<control type="grouplist" id="9000">
				<top>20</top>
				<width>1880</width>
				<height>60</height>
				<align>right</align>
				<itemgap>10</itemgap>
				<orientation>horizontal</orientation>
				<onleft></onleft>
				<onright></onright>
				<onup>9003</onup>
				<ondown>49</ondown>
				<control type="button" id="8">
					<width>250</width>
					<height>60</height>
					<texturefocus colordiffuse="$INFO[Skin.String(color.500)]">backgrounds/white.png</texturefocus>
					<texturenofocus colordiffuse="button.nf">backgrounds/white.png</texturenofocus>
					<font>label</font>
					<textcolor>white</textcolor>
					<focusedcolor>white</focusedcolor>
					<shadowcolor>black</shadowcolor>
					<align>center</align>
					<label>208</label>
					<onclick></onclick>
					<onup>50</onup>
					<ondown>50</ondown>
					<onleft>998</onleft>
					<onright>11</onright>
				</control>
				<control type="button" id="11">
					<width>250</width>
					<height>60</height>
					<texturefocus colordiffuse="$INFO[Skin.String(color.500)]">backgrounds/white.png</texturefocus>
					<texturenofocus colordiffuse="button.nf">backgrounds/white.png</texturenofocus>
					<font>label</font>
					<textcolor>white</textcolor>
					<focusedcolor>white</focusedcolor>
					<shadowcolor>black</shadowcolor>
					<align>center</align>
					<label>20410</label>
					<onclick></onclick>
					<onup>50</onup>
					<ondown>50</ondown>
					<onleft>8</onleft>
					<onright>6</onright>
				</control>
				<control type="button" id="6">
					<width>250</width>
					<height>60</height>
					<texturefocus colordiffuse="$INFO[Skin.String(color.500)]">backgrounds/white.png</texturefocus>
					<texturenofocus colordiffuse="button.nf">backgrounds/white.png</texturenofocus>
					<font>label</font>
					<textcolor>white</textcolor>
					<focusedcolor>white</focusedcolor>
					<shadowcolor>black</shadowcolor>
					<align>center</align>
					<label>184</label>
					<onclick></onclick>
					<onup>50</onup>
					<ondown>50</ondown>
					<onleft>11</onleft>
					<onright>10</onright>
				</control>
				<control type="button" id="10">
					<width>250</width>
					<height>60</height>
					<texturefocus colordiffuse="$INFO[Skin.String(color.500)]">backgrounds/white.png</texturefocus>
					<texturenofocus colordiffuse="button.nf">backgrounds/white.png</texturenofocus>
					<font>label</font>
					<textcolor>white</textcolor>
					<focusedcolor>white</focusedcolor>
					<shadowcolor>black</shadowcolor>
					<align>center</align>
					<label>13511</label>
					<onclick></onclick>
					<onup>50</onup>
					<ondown>50</ondown>
					<onleft>6</onleft>
					<onright>999</onright>
				</control>
			</control>
			<control type="image">
				<visible>!Skin.HasSetting(Shadow)</visible>
				<left>25</left>
				<top>7</top>
				<width>400</width>
				<height>155</height>
				<aspectratio>keep</aspectratio>
				<texture colordiffuse="black">$INFO[ListItem.Art(clearlogo)]</texture>
			</control>
			<control type="image">
				<left>20</left>
				<top>2</top>
				<width>400</width>
				<height>155</height>
				<aspectratio>keep</aspectratio>
				<texture>$INFO[ListItem.Art(clearlogo)]</texture>
			</control>
			<control type="image">
				<visible>!Skin.HasSetting(Shadow)</visible>
				<left>25</left>
				<top>7</top>
				<width>400</width>
				<height>155</height>
				<aspectratio>keep</aspectratio>
				<texture colordiffuse="black">$INFO[ListItem.Art(tvshow.clearlogo)]</texture>
			</control>
			<control type="image">
				<left>20</left>
				<top>2</top>
				<width>400</width>
				<height>155</height>
				<aspectratio>keep</aspectratio>
				<texture>$INFO[ListItem.Art(tvshow.clearlogo)]</texture>
			</control>
			<control type="label">
				<visible>!Skin.HasSetting(Shadow)</visible>
				<left>23</left>
				<top>83</top>
				<width>705</width>
				<height>60</height>
				<font>info.title</font>
				<align>left</align>
				<aligny>center</aligny>
				<textcolor>black</textcolor>
				<label>$INFO[Listitem.Title]</label>
				<visible>String.IsEmpty(ListItem.Art(clearlogo))</visible>
				<visible>String.IsEmpty(ListItem.Art(tvshow.clearlogo))</visible>
				<scroll>true</scroll>
			</control>
			<control type="label">
				<left>20</left>
				<top>80</top>
				<width>705</width>
				<height>60</height>
				<font>info.title</font>
				<align>left</align>
				<aligny>center</aligny>
				<textcolor>$INFO[Skin.String(color.500)]</textcolor>
				<label>$INFO[Listitem.Title]</label>
				<visible>String.IsEmpty(ListItem.Art(clearlogo))</visible>
				<visible>String.IsEmpty(ListItem.Art(tvshow.clearlogo))</visible>
				<scroll>true</scroll>
			</control>
			
			<control type="image">
				<visible>!Skin.HasSetting(Shadow)</visible>
				<left>23</left>
				<top>176</top>
				<width>30</width>
				<height>30</height>
				<aspectratio>keep</aspectratio>
				<texture colordiffuse="black">icons/calendar.png</texture>
			</control>
			<control type="image">
				<left>20</left>
				<top>173</top>
				<width>30</width>
				<height>30</height>
				<aspectratio>keep</aspectratio>
				<texture>icons/calendar.png</texture>
			</control>
			<control type="label">
				<visible>!Skin.HasSetting(Shadow)</visible>
				<left>63</left>
				<top>174</top>
				<width>240</width>
				<height>35</height>
				<font>button2</font>
				<align>left</align>
				<aligny>center</aligny>
				<textcolor>black</textcolor>
				<shadowcolor>black</shadowcolor>
				<label>$INFO[ListItem.Premiered]</label>
			</control>
			<control type="label">
				<left>60</left>
				<top>171</top>
				<width>240</width>
				<height>35</height>
				<font>button2</font>
				<align>left</align>
				<aligny>center</aligny>
				<textcolor>$INFO[Skin.String(color.500)]</textcolor>
				<shadowcolor>black</shadowcolor>
				<label>$INFO[ListItem.Premiered]</label>
			</control>
			<control type="image">
				<visible>!Skin.HasSetting(Shadow)</visible>
				<left>233</left>
				<top>176</top>
				<width>30</width>
				<height>30</height>
				<aspectratio>keep</aspectratio>
				<texture colordiffuse="black">icons/clock.png</texture>
			</control>
			<control type="image">
				<left>230</left>
				<top>173</top>
				<width>30</width>
				<height>30</height>
				<aspectratio>keep</aspectratio>
				<texture>icons/clock.png</texture>
			</control>
			<control type="label">
				<visible>!Skin.HasSetting(Shadow)</visible>
				<left>273</left>
				<top>174</top>
				<width>240</width>
				<height>35</height>
				<font>button2</font>
				<align>left</align>
				<aligny>center</aligny>
				<textcolor>black</textcolor>
				<shadowcolor>black</shadowcolor>
				<label>$INFO[ListItem.Duration]</label>
			</control>
			<control type="label">
				<left>270</left>
				<top>171</top>
				<width>240</width>
				<height>35</height>
				<font>button2</font>
				<align>left</align>
				<aligny>center</aligny>
				<textcolor>$INFO[Skin.String(color.500)]</textcolor>
				<shadowcolor>black</shadowcolor>
				<label>$INFO[ListItem.Duration]</label>
			</control>
			<control type="image">
				<visible>!Skin.HasSetting(Shadow)</visible>
				<left>413</left>
				<top>176</top>
				<width>30</width>
				<height>30</height>
				<aspectratio>keep</aspectratio>
				<texture colordiffuse="black">icons/favourites.png</texture>
			</control>
			<control type="image">
				<left>410</left>
				<top>173</top>
				<width>30</width>
				<height>30</height>
				<aspectratio>keep</aspectratio>
				<texture>icons/favourites.png</texture>
			</control>
			<control type="label">
				<visible>!Skin.HasSetting(Shadow)</visible>
				<left>455</left>
				<top>174</top>
				<width>585</width>
				<height>35</height>
				<font>button2</font>
				<align>left</align>
				<aligny>center</aligny>
				<textcolor>black</textcolor>
				<shadowcolor>black</shadowcolor>
				<label>$INFO[ListItem.RatingAndVotes]</label>
				<scroll>true</scroll>
			</control>
			<control type="label">
				<left>452</left>
				<top>171</top>
				<width>585</width>
				<height>35</height>
				<font>button2</font>
				<align>left</align>
				<aligny>center</aligny>
				<textcolor>$INFO[Skin.String(color.500)]</textcolor>
				<shadowcolor>black</shadowcolor>
				<label>$INFO[ListItem.RatingAndVotes]</label>
				<scroll>true</scroll>
			</control>
			<control type="image">
				<visible>!Skin.HasSetting(Shadow)</visible>
				<left>18</left>
				<top>225</top>
				<width>45</width>
				<height>45</height>
				<aspectratio>keep</aspectratio>
				<texture colordiffuse="black">icons/genre.png</texture>
			</control>
			<control type="image">
				<left>15</left>
				<top>222</top>
				<width>45</width>
				<height>45</height>
				<aspectratio>keep</aspectratio>
				<texture>icons/genre.png</texture>
			</control>
			<control type="label">
				<visible>!Skin.HasSetting(Shadow)</visible>
				<left>63</left>
				<top>230</top>
				<width>665</width>
				<height>35</height>
				<font>button2</font>
				<align>left</align>
				<aligny>center</aligny>
				<textcolor>black</textcolor>
				<shadowcolor>black</shadowcolor>
				<label fallback="[I]Keine Informationen[/I]">$INFO[ListItem.Genre]</label>
				<scroll>true</scroll>
			</control>
			<control type="label">
				<left>60</left>
				<top>227</top>
				<width>665</width>
				<height>35</height>
				<font>button2</font>
				<align>left</align>
				<aligny>center</aligny>
				<textcolor>$INFO[Skin.String(color.500)]</textcolor>
				<shadowcolor>black</shadowcolor>
				<label fallback="[I]Keine Informationen[/I]">$INFO[ListItem.Genre]</label>
				<scroll>true</scroll>
			</control>
			<control type="image">
				<visible>!Skin.HasSetting(Shadow)</visible>
				<left>23</left>
				<top>288</top>
				<width>30</width>
				<height>30</height>
				<aspectratio>keep</aspectratio>
				<texture colordiffuse="black">icons/regisseur.png</texture>
			</control>
			<control type="image">
				<left>20</left>
				<top>285</top>
				<width>30</width>
				<height>30</height>
				<aspectratio>keep</aspectratio>
				<texture>icons/regisseur.png</texture>
			</control>
			<control type="label">
				<visible>!Skin.HasSetting(Shadow)</visible>
				<left>63</left>
				<top>285</top>
				<width>665</width>
				<height>35</height>
				<font>button2</font>
				<align>left</align>
				<aligny>center</aligny>
				<textcolor>black</textcolor>
				<shadowcolor>black</shadowcolor>
				<label fallback="[I]Keine Informationen[/I]">$INFO[ListItem.Director]</label>
				<scroll>true</scroll>
			</control>
			<control type="label">
				<left>60</left>
				<top>282</top>
				<width>665</width>
				<height>35</height>
				<font>button2</font>
				<align>left</align>
				<aligny>center</aligny>
				<textcolor>$INFO[Skin.String(color.500)]</textcolor>
				<shadowcolor>black</shadowcolor>
				<label fallback="[I]Keine Informationen[/I]">$INFO[ListItem.Director]</label>
				<scroll>true</scroll>
			</control>
			<control type="image">
				<visible>!Skin.HasSetting(Shadow)</visible>
				<left>23</left>
				<top>345</top>
				<width>30</width>
				<height>30</height>
				<aspectratio>keep</aspectratio>
				<texture colordiffuse="black">icons/writer.png</texture>
			</control>
			<control type="image">
				<left>20</left>
				<top>342</top>
				<width>30</width>
				<height>30</height>
				<aspectratio>keep</aspectratio>
				<texture>icons/writer.png</texture>
			</control>
			<control type="label">
				<visible>!Skin.HasSetting(Shadow)</visible>
				<left>63</left>
				<top>340</top>
				<width>665</width>
				<height>35</height>
				<font>button2</font>
				<align>left</align>
				<aligny>center</aligny>
				<textcolor>black</textcolor>
				<shadowcolor>black</shadowcolor>
				<label fallback="[I]Keine Informationen[/I]">$INFO[ListItem.Writer]</label>
				<scroll>true</scroll>
			</control>
			<control type="label">
				<left>60</left>
				<top>337</top>
				<width>665</width>
				<height>35</height>
				<font>button2</font>
				<align>left</align>
				<aligny>center</aligny>
				<textcolor>$INFO[Skin.String(color.500)]</textcolor>
				<shadowcolor>black</shadowcolor>
				<label fallback="[I]Keine Informationen[/I]">$INFO[ListItem.Writer]</label>
				<scroll>true</scroll>
			</control>
			<control type="image">
				<visible>!Skin.HasSetting(Shadow)</visible>
				<left>23</left>
				<top>400</top>
				<width>30</width>
				<height>30</height>
				<aspectratio>keep</aspectratio>
				<texture colordiffuse="black">icons/studio.png</texture>
			</control>
			<control type="image">
				<left>20</left>
				<top>397</top>
				<width>30</width>
				<height>30</height>
				<aspectratio>keep</aspectratio>
				<texture>icons/studio.png</texture>
			</control>
			<control type="label">
				<visible>!Skin.HasSetting(Shadow)</visible>
				<left>63</left>
				<top>395</top>
				<width>665</width>
				<height>35</height>
				<font>button2</font>
				<align>left</align>
				<aligny>center</aligny>
				<textcolor>black</textcolor>
				<shadowcolor>black</shadowcolor>
				<label fallback="[I]Keine Informationen[/I]">$INFO[ListItem.Studio]</label>
				<scroll>true</scroll>
			</control>
			<control type="label">
				<left>60</left>
				<top>392</top>
				<width>665</width>
				<height>35</height>
				<font>button2</font>
				<align>left</align>
				<aligny>center</aligny>
				<textcolor>$INFO[Skin.String(color.500)]</textcolor>
				<shadowcolor>black</shadowcolor>
				<label fallback="[I]Keine Informationen[/I]">$INFO[ListItem.Studio]</label>
				<scroll>true</scroll>
			</control>
			<control type="image">
				<visible>!Skin.HasSetting(Shadow)</visible>
				<left>23</left>
				<top>455</top>
				<width>30</width>
				<height>30</height>
				<aspectratio>keep</aspectratio>
				<texture colordiffuse="black">icons/country.png</texture>
			</control>
			<control type="image">
				<left>20</left>
				<top>452</top>
				<width>30</width>
				<height>30</height>
				<aspectratio>keep</aspectratio>
				<texture>icons/country.png</texture>
			</control>
			<control type="label">
				<visible>!Skin.HasSetting(Shadow)</visible>
				<left>63</left>
				<top>453</top>
				<width>665</width>
				<height>35</height>
				<font>button2</font>
				<align>left</align>
				<aligny>center</aligny>
				<textcolor>black</textcolor>
				<shadowcolor>black</shadowcolor>
				<label fallback="[I]Keine Informationen[/I]">$INFO[ListItem.Country]</label>
				<scroll>true</scroll>
			</control>
			<control type="label">
				<left>60</left>
				<top>450</top>
				<width>665</width>
				<height>35</height>
				<font>button2</font>
				<align>left</align>
				<aligny>center</aligny>
				<textcolor>$INFO[Skin.String(color.500)]</textcolor>
				<shadowcolor>black</shadowcolor>
				<label fallback="[I]Keine Informationen[/I]">$INFO[ListItem.Country]</label>
				<scroll>true</scroll>
			</control>
			<control type="image">
				<left>0</left>
				<top>510</top>
				<width>750</width>
				<height>140</height>
				<texture>$INFO[ListItem.Art(banner)]</texture>
			</control>
			<control type="image">
				<visible>!Skin.HasSetting(Shadow)</visible>
				<left>365r</left>
				<top>315</top>
				<width>400</width>
				<height>400</height>
				<aspectratio>keep</aspectratio>
				<texture flipx="true" colordiffuse="black">$INFO[ListItem.Art(tvshow.characterart)]</texture>
				<visible>Container.Content(Episodes)</visible>
			</control>
			<control type="image">
				<left>370r</left>
				<top>310</top>
				<width>400</width>
				<height>400</height>
				<aspectratio>keep</aspectratio>
				<texture flipx="true">$INFO[ListItem.Art(tvshow.characterart)]</texture>
				<visible>Container.Content(Episodes)</visible>
			</control>
			<control type="label">
				<visible>!Skin.HasSetting(Shadow)</visible>
				<left>773</left>
				<top>638</top>
				<width>520</width>
				<height>35</height>
				<font>button2</font>
				<align>left</align>
				<aligny>center</aligny>
				<textcolor>black</textcolor>
				<shadowcolor>black</shadowcolor>
				<label>$INFO[ListItem.Title]</label>
				<visible>Container.Content(Episodes)</visible>
				<scroll>true</scroll>
			</control>
			<control type="label">
				<left>770</left>
				<top>635</top>
				<width>520</width>
				<height>35</height>
				<font>button2</font>
				<align>left</align>
				<aligny>center</aligny>
				<textcolor>$INFO[Skin.String(color.500)]</textcolor>
				<shadowcolor>black</shadowcolor>
				<label>$INFO[ListItem.Title]</label>
				<visible>Container.Content(Episodes)</visible>
				<scroll>true</scroll>
			</control>
			<control type="textbox">
				<visible>!Skin.HasSetting(Shadow)</visible>
				<left>773</left>
				<top>683</top>
				<width>520</width>
				<height>220</height>
				<font>font12</font>
				<align>justify</align>
				<textcolor>black</textcolor>
				<shadowcolor>black</shadowcolor>
				<label>$INFO[Listitem.Tagline] $INFO[ListItem.Plot]</label>
				<autoscroll time="2000" delay="6000" repeat="10000">true</autoscroll>
				<visible>Container.Content(Movies) | Container.Content(Sets) | Container.Content(TVShows) | Container.Content(Seasons)</visible>
			</control>
			<control type="textbox">
				<left>770</left>
				<top>680</top>
				<width>520</width>
				<height>220</height>
				<font>font12</font>
				<align>justify</align>
				<textcolor>$INFO[Skin.String(color.500)]</textcolor>
				<shadowcolor>black</shadowcolor>
				<label>$INFO[Listitem.Tagline] [COLORwhite]$INFO[ListItem.Plot][/COLOR]</label>
				<autoscroll time="2000" delay="6000" repeat="10000">true</autoscroll>
				<visible>Container.Content(Movies) | Container.Content(Sets) | Container.Content(TVShows) | Container.Content(Seasons)</visible>
			</control>
			<control type="textbox">
				<visible>!Skin.HasSetting(Shadow)</visible>
				<left>773</left>
				<top>683</top>
				<width>695</width>
				<height>220</height>
				<font>font12</font>
				<align>justify</align>
				<textcolor>black</textcolor>
				<shadowcolor>black</shadowcolor>
				<label>$INFO[Listitem.Tagline] $INFO[ListItem.Plot]</label>
				<autoscroll time="2000" delay="6000" repeat="10000">true</autoscroll>
				<visible>Container.Content(Episodes)</visible>
			</control>
			<control type="textbox">
				<left>770</left>
				<top>680</top>
				<width>695</width>
				<height>220</height>
				<font>font12</font>
				<align>justify</align>
				<textcolor>$INFO[Skin.String(color.500)]</textcolor>
				<shadowcolor>black</shadowcolor>
				<label>$INFO[Listitem.Tagline] [COLORwhite]$INFO[ListItem.Plot][/COLOR]</label>
				<autoscroll time="2000" delay="6000" repeat="10000">true</autoscroll>
				<visible>Container.Content(Episodes)</visible>
			</control>
			<control type="image">
				<top>545</top>
                <left>380r</left>
                <width>380</width>
                <height>380</height>
                <fadetime>1000</fadetime>
                <texture diffuse="backgrounds/cdart-mask.png">$VAR[PosterThumb]</texture>
                <animation type="Conditional" condition="!Container(50).OnNext + !Container(50).OnPrevious" reversible="false">
                    <effect type="fade" start="0" end="100" time="50" delay="500"/>
                </animation>
                <animation type="Conditional" condition="!Container(50).OnNext + !Container(50).OnPrevious" reversible="false">
                    <effect type="slide" start="0,0" end="-200,0" time="500" delay="1000" tween="cubic"/>
                </animation>
                <animation type="Visible" reversible="false">
					<effect type="fade" start="0" end="100" time="1500" tween="cubic"/>
                </animation>
                <animation type="Hidden" reversible="false">
                    <effect type="fade" start="100" end="0" time="500" tween="cubic"/>
                </animation>
				<animation effect="rotate" end="-360" center="auto" time="12000" loop="true" reversible="false" condition="true">Conditional</animation>
				<visible>!String.IsEmpty(ListItem.Genre)</visible>
				<visible>!String.IsEmpty(ListItem.Premiered)</visible>
				<visible>!Container.Content(Episodes)</visible>
			</control>
			<control type="image">
				<top>545</top>
                <left>380r</left>
                <width>380</width>
                <height>380</height>
                <fadetime>1000</fadetime>
                <texture>backgrounds/cdarttop.png</texture>
                <animation type="Conditional" condition="!Container(50).OnNext + !Container(50).OnPrevious" reversible="false">
                    <effect type="fade" start="0" end="100" time="50" delay="500"/>
                </animation>
                <animation type="Conditional" condition="!Container(50).OnNext + !Container(50).OnPrevious" reversible="false">
                    <effect type="slide" start="0,0" end="-200,0" time="500" delay="1000" tween="cubic"/>
                </animation>
                <animation type="Visible" reversible="false">
					<effect type="fade" start="0" end="100" time="1500" tween="cubic"/>
                </animation>
                <animation type="Hidden" reversible="false">
                    <effect type="fade" start="100" end="0" time="500" tween="cubic"/>
                </animation>
				<animation effect="rotate" end="-360" center="auto" time="12000" loop="true" reversible="false" condition="true">Conditional</animation>
				<visible>!String.IsEmpty(ListItem.Genre)</visible>
				<visible>!String.IsEmpty(ListItem.Premiered)</visible>
				<visible>!Container.Content(Episodes)</visible>
			</control>
			<control type="image">
				<top>545</top>
                <left>380r</left>
                <width>380</width>
                <height>380</height>
                <fadetime>1000</fadetime>
                <texture>$INFO[ListItem.Art(discart)]</texture>
                <animation type="Conditional" condition="!Container(50).OnNext + !Container(50).OnPrevious" reversible="false">
                    <effect type="fade" start="0" end="100" time="50" delay="500"/>
                </animation>
                <animation type="Conditional" condition="!Container(50).OnNext + !Container(50).OnPrevious" reversible="false">
                    <effect type="slide" start="0,0" end="-200,0" time="500" delay="1000" tween="cubic"/>
                </animation>
                <animation type="Visible" reversible="false">
					<effect type="fade" start="0" end="100" time="1500" tween="cubic"/>
                </animation>
                <animation type="Hidden" reversible="false">
                    <effect type="fade" start="100" end="0" time="500" tween="cubic"/>
                </animation>
				<animation effect="rotate" end="-360" center="auto" time="12000" loop="true" reversible="false" condition="true">Conditional</animation>
			</control>
			<control type="image">
				<left>390r</left>
				<top>435</top>
				<width>400</width>
				<height>500</height>
				<aspectratio aligny="bottom">stretch</aspectratio>
				<texture background="true">$VAR[PosterThumb]</texture>
				<bordertexture>backgrounds/poster shadow.png</bordertexture>
				<bordersize>10</bordersize>
				<visible>Container.Content(Movies) | Container.Content(Sets) | Container.Content(TVShows) | Container.Content(Seasons)</visible>
			</control>
			<control type="image">
				<left>390r</left>
				<top>685</top>
				<width>395</width>
				<height>220</height>
				<aspectratio aligny="bottom">stretch</aspectratio>
				<texture background="true">$VAR[PosterThumb]</texture>
				<bordersize>2</bordersize>
				<bordertexture colordiffuse="$INFO[Skin.String(color.500)]">backgrounds/white.png</bordertexture>
				<visible>Container.Content(Episodes)</visible>
			</control>
			<control type="group">
				<control type="image">
					<visible>Container.Content(Movies) | Container.Content(Sets) | Container.Content(TVShows) | Container.Content(Seasons)</visible>
					<left>385r</left>
					<top>400</top>
					<width>390</width>
					<height>530</height>
					<aspectratio aligny="bottom">stretch</aspectratio>
					<texture colordiffuse="black">shell/stream.png</texture>
					<visible>!String.IsEmpty(ListItem.Rating)</visible>
				</control>
				<control type="image">
					<visible>Container.Content(Movies) | Container.Content(Sets) | Container.Content(TVShows) | Container.Content(Seasons)</visible>
					<visible>!Library.HasContent(TVShows)</visible>
					<left>385r</left>
					<top>400</top>
					<width>390</width>
					<height>530</height>
					<aspectratio aligny="bottom">stretch</aspectratio>
					<texture colordiffuse="black">shell/stream.png</texture>
					<visible>!String.IsEmpty(ListItem.Rating)</visible>
				</control>
				<control type="label">
					<visible>Container.Content(Movies) | Container.Content(Sets)</visible>
					<left>395r</left>
					<top>406</top>
					<width>410</width>
					<height>35</height>
					<font>label</font>
					<align>center</align>
					<aligny>center</aligny>
					<textcolor>white</textcolor>
					<shadowcolor>black</shadowcolor>
					<label>[B]STREAM[/B]</label>
					<visible>!String.IsEmpty(ListItem.Rating)</visible>
					<visible>!Container.Content(TVShows)</visible>
					<visible>!Container.Content(Seasons)</visible>
					<visible>!Container.Content(Episodes)</visible>
				</control>
				<control type="label">
					<visible>Container.Content(Movies) | Container.Content(Sets) | Container.Content(TVShows) | Container.Content(Seasons)</visible>
					<visible>!Library.HasContent(TVShows)</visible>
					<left>395r</left>
					<top>406</top>
					<width>410</width>
					<height>35</height>
					<font>label</font>
					<align>center</align>
					<aligny>center</aligny>
					<textcolor>white</textcolor>
					<shadowcolor>black</shadowcolor>
					<label>[B]STREAM[/B]</label>
					<visible>!String.IsEmpty(ListItem.Rating)</visible>
				</control>
				<control type="group">
					<visible>Library.HasContent(Movies)</visible>
					<visible>Container.Content(Movies) | Container.Content(Sets)</visible>
					<control type="image">
						<left>385r</left>
						<top>400</top>
						<width>390</width>
						<height>530</height>
						<aspectratio aligny="bottom">stretch</aspectratio>
						<texture>shell/dvd.png</texture>
						<visible>String.Contains(ListItem.VideoResolution,288)</visible>
					</control>
					<control type="image">
						<left>385r</left>
						<top>400</top>
						<width>390</width>
						<height>530</height>
						<aspectratio aligny="bottom">stretch</aspectratio>
						<texture>shell/dvd.png</texture>
						<visible>String.Contains(ListItem.VideoResolution,480)</visible>
					</control>
					<control type="image">
						<left>385r</left>
						<top>400</top>
						<width>390</width>
						<height>530</height>
						<aspectratio aligny="bottom">stretch</aspectratio>
						<texture>shell/dvd.png</texture>
						<visible>String.Contains(ListItem.VideoResolution,540)</visible>
					</control>
					<control type="image">
						<left>385r</left>
						<top>400</top>
						<width>390</width>
						<height>530</height>
						<aspectratio aligny="bottom">stretch</aspectratio>
						<texture>shell/dvd.png</texture>
						<visible>String.Contains(ListItem.VideoResolution,576)</visible>
					</control>
					<control type="image">
						<left>385r</left>
						<top>400</top>
						<width>390</width>
						<height>530</height>
						<aspectratio aligny="bottom">stretch</aspectratio>
						<texture>shell/1080p.png</texture>
						<visible>String.Contains(ListItem.VideoResolution,720)</visible>
					</control>
					<control type="image">
						<left>385r</left>
						<top>400</top>
						<width>390</width>
						<height>530</height>
						<aspectratio aligny="bottom">stretch</aspectratio>
						<texture>shell/1080p.png</texture>
						<visible>String.Contains(ListItem.VideoResolution,1080)</visible>
					</control>
					<control type="image">
						<left>385r</left>
						<top>400</top>
						<width>390</width>
						<height>530</height>
						<aspectratio aligny="bottom">stretch</aspectratio>
						<texture background="true">shell/4k.png</texture>
						<visible>String.Contains(ListItem.VideoResolution,4k)</visible>
					</control>
					<control type="image">
						<left>385r</left>
						<top>400</top>
						<width>390</width>
						<height>530</height>
						<aspectratio aligny="bottom">stretch</aspectratio>
						<texture background="true">shell/set.png</texture>
						<visible>ListItem.IsCollection</visible>
					</control>
					<control type="label">
						<left>385r</left>
						<top>408</top>
						<width>390</width>
						<height>35</height>
						<font>label</font>
						<align>center</align>
						<aligny>center</aligny>
						<textcolor>white</textcolor>
						<shadowcolor>black</shadowcolor>
						<label>[B]FILMREIHE[/B]</label>
						<visible>ListItem.IsCollection</visible>
					</control>
				</control>
				<control type="image">
					<visible>!Skin.HasSetting(View50HideTVshowShell)</visible>
					<visible>Library.HasContent(TVShows)</visible>
					<left>385r</left>
					<top>400</top>
					<width>390</width>
					<height>530</height>
					<aspectratio aligny="bottom">stretch</aspectratio>
					<texture>shell/tvshow.png</texture>
					<visible>Container.Content(TVShows) | Container.Content(Seasons)</visible>
					<visible>!String.IsEmpty(ListItem.Genre)</visible>
				</control>
				<control type="label">
					<visible>!Skin.HasSetting(View50HideTVshowShell)</visible>
					<visible>Library.HasContent(TVShows)</visible>
					<left>385r</left>
					<top>408</top>
					<width>390</width>
					<height>35</height>
					<font>label</font>
					<align>center</align>
					<aligny>center</aligny>
					<textcolor>white</textcolor>
					<shadowcolor>black</shadowcolor>
					<label>[B]SERIE[/B]</label>
					<visible>Container.Content(TVShows) | Container.Content(Seasons)</visible>
					<visible>!String.IsEmpty(ListItem.Genre)</visible>
				</control>
			</control>
			<control type="image">
				<visible>!Skin.HasSetting(Shadow)</visible>
				<left>370r</left>
				<top>840</top>
				<width>90</width>
				<height>78</height>
				<aspectratio>keep</aspectratio>
				<texture colordiffuse="black">$VAR[mpaa]</texture>
				<visible>Container.Content(Movies) | Container.Content(Sets) | Container.Content(TVShows) | Container.Content(Seasons)</visible>
			</control>
			<control type="image">
				<left>370r</left>
				<top>840</top>
				<width>90</width>
				<height>78</height>
				<aspectratio>keep</aspectratio>
				<texture>$VAR[mpaa]</texture>
				<visible>Container.Content(Movies) | Container.Content(Sets) | Container.Content(TVShows) | Container.Content(Seasons)</visible>
			</control>
			<control type="image">
				<visible>!Skin.HasSetting(Shadow)</visible>
				<left>380r</left>
				<top>820</top>
				<width>90</width>
				<height>78</height>
				<aspectratio>keep</aspectratio>
				<texture colordiffuse="black">$VAR[mpaa]</texture>
				<visible>Container.Content(Episodes)</visible>
			</control>
			<control type="image">
				<left>380r</left>
				<top>820</top>
				<width>90</width>
				<height>78</height>
				<aspectratio>keep</aspectratio>
				<texture>$VAR[mpaa]</texture>
				<visible>Container.Content(Episodes)</visible>
			</control>
			<control type="group">
				<visible>Container.Content(Movies) | Container.Content(Seasons) | Container.Content(TVShows) | Container.Content(Episodes)| Container.Content(Sets)</visible>
				<visible>!String.IsEmpty(ListItem.AudioChannels,flags/audio/,.png)</visible>
				<left>450r</left>
				<top>940</top>
				<control type="image">
					<visible>!Skin.HasSetting(Shadow)</visible>
					<left>-84</left>
					<top>2</top>
					<width>86</width>
					<height>33</height>
					<texture colordiffuse="black">flags/resolution/HDR.png</texture>
					<aspectratio>keep</aspectratio>
					<visible>String.Contains(ListItem.Filename,HDR)</visible>
				</control>
				<control type="image">
					<left>-86</left>
					<top>0</top>
					<width>86</width>
					<height>33</height>
					<texture>flags/resolution/HDR.png</texture>
					<aspectratio>keep</aspectratio>
					<visible>String.Contains(ListItem.Filename,HDR)</visible>
				</control>
				<control type="image">
					<visible>!Skin.HasSetting(Shadow)</visible>
					<left>7</left>
					<top>2</top>
					<width>86</width>
					<height>33</height>
					<texture colordiffuse="black">$INFO[ListItem.VideoAspect,flags/aspectratio/,.png]</texture>
					<aspectratio>keep</aspectratio>
				</control>
				<control type="image">
					<left>5</left>
					<top>0</top>
					<width>86</width>
					<height>33</height>
					<texture>$INFO[ListItem.VideoAspect,flags/aspectratio/,.png]</texture>
					<aspectratio>keep</aspectratio>
				</control>
				<control type="image">
					<visible>!Skin.HasSetting(Shadow)</visible>
					<left>98</left>
					<top>2</top>
					<width>86</width>
					<height>33</height>
					<texture colordiffuse="black">$INFO[ListItem.VideoResolution,flags/resolution/,.png]</texture>
					<aspectratio>keep</aspectratio>
				</control>
				<control type="image">
					<left>96</left>
					<top>0</top>
					<width>86</width>
					<height>33</height>
					<texture>$INFO[ListItem.VideoResolution,flags/resolution/,.png]</texture>
					<aspectratio>keep</aspectratio>
				</control>
				<control type="image">
					<visible>!Skin.HasSetting(Shadow)</visible>
					<left>189</left>
					<top>2</top>
					<width>86</width>
					<height>33</height>
					<texture colordiffuse="black">$INFO[ListItem.VideoCodec,flags/videocodec/,.png]</texture>
					<aspectratio>keep</aspectratio>
				</control>
				<control type="image">
					<left>187</left>
					<top>0</top>
					<width>86</width>
					<height>33</height>
					<texture>$INFO[ListItem.VideoCodec,flags/videocodec/,.png]</texture>
					<aspectratio>keep</aspectratio>
				</control>
				<control type="image">
					<visible>!Skin.HasSetting(Shadow)</visible>
					<left>280</left>
					<top>2</top>
					<width>86</width>
					<height>33</height>
					<texture colordiffuse="black">$INFO[ListItem.AudioCodec,flags/audio/,.png]</texture>
					<aspectratio>keep</aspectratio>
					<visible>!String.Contains(ListItem.FilenameAndPath,.atmos)</visible>
				</control>
				<control type="image">
					<left>278</left>
					<top>0</top>
					<width>86</width>
					<height>33</height>
					<texture>$INFO[ListItem.AudioCodec,flags/audio/,.png]</texture>
					<aspectratio>keep</aspectratio>
					<visible>!String.Contains(ListItem.FilenameAndPath,.atmos)</visible>
				</control>
				<control type="image">
					<visible>!Skin.HasSetting(Shadow)</visible>
					<left>280</left>
					<top>2</top>
					<width>86</width>
					<height>33</height>
					<texture colordiffuse="black">flags/audio/atmos.png</texture>
					<aspectratio>keep</aspectratio>
					<visible>String.Contains(ListItem.FilenameAndPath,.atmos)</visible>
				</control>
				<control type="image">
					<left>278</left>
					<top>0</top>
					<width>86</width>
					<height>33</height>
					<texture>flags/audio/atmos.png</texture>
					<aspectratio>keep</aspectratio>
					<visible>String.Contains(ListItem.FilenameAndPath,.atmos)</visible>
				</control>
				<control type="image">
					<visible>!Skin.HasSetting(Shadow)</visible>
					<left>371</left>
					<top>2</top>
					<width>86</width>
					<height>33</height>
					<texture colordiffuse="black">$INFO[ListItem.AudioChannels,flags/audio/,.png]</texture>
					<aspectratio>keep</aspectratio>
				</control>
				<control type="image">
					<left>369</left>
					<top>0</top>
					<width>86</width>
					<height>33</height>
					<texture>$INFO[ListItem.AudioChannels,flags/audio/,.png]</texture>
					<aspectratio>keep</aspectratio>
				</control>
			</control>
			<control type="group">
				<control type="panel" id="50">
					<left>0</left>
					<top>675</top>
					<width>760</width>
					<height>370</height>
					<onleft>50</onleft>
					<onright>50</onright>
					<onup>9000</onup>
					<ondown>61</ondown>
					<pagecontrol>61</pagecontrol>
					<scrolltime>200</scrolltime>
					<orientation>horizontal</orientation>
					<itemlayout height="240" width="190" condition="!Container.Content(Sets)">
						<control type="group">
							<control type="image">
								<left>5</left>
								<top>15</top>
								<width>170</width>
								<height>210</height>
								<aspectratio>scale</aspectratio>
								<texture colordiffuse="$INFO[Skin.String(color.500)]" background="true">DefaultActor.png</texture>
								<visible>String.IsEmpty(ListItem.Thumb)</visible>
							</control>
							<control type="image">
								<left>0</left>
								<top>10</top>
								<width>180</width>
								<height>220</height>
								<aspectratio>scale</aspectratio>
								<texture background="true">$INFO[ListItem.Thumb]</texture>
								<bordersize>2</bordersize>
								<bordertexture>backgrounds/poster shadow small.png</bordertexture>
								<visible>!String.IsEmpty(ListItem.Thumb)</visible>
							</control>
							<control type="image">
								<left>2</left>
								<top>168</top>
								<width>176</width>
								<height>60</height>
								<texture colordiffuse="button.nf">backgrounds/white.png</texture>
							</control>
							<control type="label">
								<left>5</left>
								<top>166</top>
								<width>170</width>
								<height>30</height>
								<align>center</align>
								<aligny>center</aligny>
								<font>secondary.info.light</font>
								<textcolor>white</textcolor>
								<label>$INFO[ListItem.Label]</label>
							</control>
							<control type="label">
								<left>5</left>
								<top>192</top>
								<width>170</width>
								<height>30</height>
								<align>center</align>
								<aligny>center</aligny>
								<font>secondary.info.small</font>
								<textcolor>white</textcolor>
								<label>$INFO[ListItem.Label2]</label>
							</control>
						</control>
					</itemlayout>
					<focusedlayout height="240" width="190" condition="!Container.Content(Sets)">
						<control type="group">
							<control type="image">
								<left>0</left>
								<top>10</top>
								<width>180</width>
								<height>220</height>
								<texture colordiffuse="quaternary" background="true">backgrounds/white.png</texture>
								<bordersize>5</bordersize>
								<bordertexture colordiffuse="$INFO[Skin.String(color.500)]">backgrounds/white.png</bordertexture>
								<visible>String.IsEmpty(ListItem.Thumb)</visible>
							</control>
							<control type="image">
								<left>5</left>
								<top>15</top>
								<width>170</width>
								<height>210</height>
								<aspectratio>scale</aspectratio>
								<texture colordiffuse="$INFO[Skin.String(color.500)]" background="true">DefaultActor.png</texture>
								<visible>String.IsEmpty(ListItem.Thumb)</visible>
							</control>
							<control type="image">
								<left>0</left>
								<top>10</top>
								<width>180</width>
								<height>220</height>
								<aspectratio>scale</aspectratio>
								<texture background="true">$INFO[ListItem.Thumb]</texture>
								<bordersize>2</bordersize>
								<bordertexture colordiffuse="$INFO[Skin.String(color.500)]">backgrounds/white.png</bordertexture>
								<visible>!String.IsEmpty(ListItem.Thumb)</visible>
							</control>
							<control type="image">
								<left>2</left>
								<top>168</top>
								<width>176</width>
								<height>60</height>
								<texture colordiffuse="button.nf">backgrounds/white.png</texture>
							</control>
							<control type="label">
								<left>5</left>
								<top>166</top>
								<width>170</width>
								<height>30</height>
								<align>center</align>
								<aligny>center</aligny>
								<font>secondary.info.light</font>
								<textcolor>white</textcolor>
								<label>$INFO[ListItem.Label]</label>
								<scrollspeed>25</scrollspeed>
							</control>
							<control type="label">
								<left>5</left>
								<top>192</top>
								<width>170</width>
								<height>30</height>
								<align>center</align>
								<aligny>center</aligny>
								<font>secondary.info.small</font>
								<textcolor>white</textcolor>
								<label>$INFO[ListItem.Label2]</label>
								<scrollspeed>25</scrollspeed>
							</control>
						</control>
					</focusedlayout>
					<itemlayout height="240" width="190" condition="Container.Content(Sets)">
						<control type="group">
							<control type="image">
								<left>0</left>
								<top>10</top>
								<width>180</width>
								<height>220</height>
								<texture background="true">$INFO[ListItem.Art(poster)]</texture>
								<aspectratio aligny="left">keep</aspectratio>
							</control>
						</control>
					</itemlayout>
					<focusedlayout height="240" width="190" condition="Container.Content(Sets)">
						<control type="group">
							<control type="image">
								<left>0</left>
								<top>10</top>
								<width>180</width>
								<height>220</height>
								<texture background="true">$INFO[ListItem.Art(poster)]</texture>
								<aspectratio aligny="left">keep</aspectratio>
							</control>
							<control type="image">
								<left>0</left>
								<top>10</top>
								<width>180</width>
								<height>220</height>
								<aspectratio aligny="left">keep</aspectratio>
								<texture background="true">$INFO[ListItem.Art(poster)]</texture>
								<bordertexture colordiffuse="$INFO[Skin.String(color.500)]">backgrounds/white.png</bordertexture>
								<bordersize>2</bordersize>
							</control>
						</control>
					</focusedlayout>
				</control>
				<control type="scrollbar" id="61">
					<orientation>horizontal</orientation>
					<left>0</left>
					<top>920</top>
					<width>750</width>
					<height>5</height>
					<onup>50</onup>
					<ondown>9000</ondown>
					<visible>Control.IsVisible(50)</visible>
				</control>
			</control>
		</control>
	</controls>
</window>