<?xml version="1.0" encoding="UTF-8"?>
<window>
	<defaultcontrol always="true">602</defaultcontrol>
	<controls>
		<control type="image" id="1">
			<visible>![Window.IsVisible(AddonSettings) | Window.IsVisible(SelectDialog) | Window.IsVisible(VisualisationPresetList) | Window.IsVisible(PVROSDChannels) | Window.IsVisible(PVRChannelGuide) | Window.IsVisible(PVRRadioRDSInfo) | Window.IsVisible(Addon)]</visible>
			<left>0</left>
			<top>935</top>
			<width>1920</width>
			<height>64</height>
			<texture colordiffuse="$INFO[Skin.String(color.500)]">menu_bar_views.png</texture>
		</control>
		<control type="group">
			<left>20</left>
			<width>1880</width>
			<control type="slider" id="87">
				<left>790</left>
				<top>935</top>
				<width>1090</width>
				<height>5</height>
				<onup>702</onup>
				<ondown>26</ondown>
				<action>seek</action>
				<animation effect="fade" time="200">VisibleChange</animation>
				<visible>![Window.IsVisible(AddonSettings) | Window.IsVisible(SelectDialog) | Window.IsVisible(VisualisationPresetList) | Window.IsVisible(PVROSDChannels) | Window.IsVisible(PVRChannelGuide) | Window.IsVisible(PVRRadioRDSInfo) | Window.IsVisible(Addon)]</visible>
			</control>
			<control type="grouplist" id="100">
				<left>-10</left>
				<top>950</top>
				<onup>1000</onup>
				<ondown>1000</ondown>
				<onleft>500</onleft>
				<onright>705</onright>
				<orientation>horizontal</orientation>
				<itemgap>0</itemgap>
				<animation effect="fade" time="200">VisibleChange</animation>
				<visible>![Window.IsVisible(AddonSettings) | Window.IsVisible(SelectDialog) | Window.IsVisible(VisualisationPresetList) | Window.IsVisible(PVROSDChannels) | Window.IsVisible(PVRChannelGuide) | Window.IsVisible(PVRRadioRDSInfo) | Window.IsVisible(Addon)]</visible>
				<control type="button" id="600">
					<animation type="focus" loop="false" reversible="false">
						<effect type="zoom" start="95" end="110" center="auto" tween="sine" easing="out" time="200"/>
					</animation>
					<width>85</width>
					<height>85</height>
					<label></label>
					<font></font>
					<texturefocus flipx="true" colordiffuse="$INFO[Skin.String(color.500)]">osd/next.png</texturefocus>
					<texturenofocus flipx="true">osd/next.png</texturenofocus>
					<onclick>PlayerControl(Previous)</onclick>
				</control>
				<control type="button" id="601">
					<animation type="focus" loop="false" reversible="false">
						<effect type="zoom" start="95" end="110" center="auto" tween="sine" easing="out" time="200"/>
					</animation>
					<width>85</width>
					<height>85</height>
					<label></label>
					<font></font>
					<texturefocus flipx="true" colordiffuse="$INFO[Skin.String(color.500)]">osd/forward.png</texturefocus>
					<texturenofocus flipx="true">osd/forward.png</texturenofocus>
					<onclick>PlayerControl(Rewind)</onclick>
				</control>
				<control type="togglebutton" id="602">
					<animation type="focus" loop="false" reversible="false">
						<effect type="zoom" start="95" end="110" center="auto" tween="sine" easing="out" time="200"/>
					</animation>
					<width>85</width>
					<height>85</height>
					<label></label>
					<altlabel></altlabel>
					<font></font>
					<texturefocus colordiffuse="$INFO[Skin.String(color.500)]">osd/pause.png</texturefocus>
					<texturenofocus>osd/pause.png</texturenofocus>
					<usealttexture>Player.Paused | Player.Forwarding | Player.Rewinding</usealttexture>
					<alttexturefocus colordiffuse="$INFO[Skin.String(color.500)]">osd/play.png</alttexturefocus>
					<alttexturenofocus>osd/play.png</alttexturenofocus>
					<onclick>PlayerControl(Play)</onclick>
				</control>
				<control type="button" id="603">
					<animation type="focus" loop="false" reversible="false">
						<effect type="zoom" start="95" end="110" center="auto" tween="sine" easing="out" time="200"/>
					</animation>
					<width>85</width>
					<height>85</height>
					<label></label>
					<font></font>
					<texturefocus colordiffuse="$INFO[Skin.String(color.500)]">osd/stop.png</texturefocus>
					<texturenofocus>osd/stop.png</texturenofocus>
					<onclick>PlayerControl(Stop)</onclick>
				</control>
				<control type="button" id="604">
					<animation type="focus" loop="false" reversible="false">
						<effect type="zoom" start="95" end="110" center="auto" tween="sine" easing="out" time="200"/>
					</animation>
					<width>85</width>
					<height>85</height>
					<label></label>
					<font></font>
					<texturefocus colordiffuse="$INFO[Skin.String(color.500)]">osd/forward.png</texturefocus>
					<texturenofocus>osd/forward.png</texturenofocus>
					<onclick>PlayerControl(Forward)</onclick>
				</control>
				<control type="button" id="605">
					<animation type="focus" loop="false" reversible="false">
						<effect type="zoom" start="95" end="110" center="auto" tween="sine" easing="out" time="200"/>
					</animation>
					<width>85</width>
					<height>85</height>
					<label></label>
					<font></font>
					<texturefocus colordiffuse="$INFO[Skin.String(color.500)]">osd/next.png</texturefocus>
					<texturenofocus>osd/next.png</texturenofocus>
					<onclick>PlayerControl(Next)</onclick>
				</control>
				<control type="group" id="698">
					<width>50</width>
					<height>50</height>
					<visible>!MusicPlayer.Content(LiveTV)</visible>
					<control type="button" id="606">
						<animation type="focus" loop="false" reversible="false">
							<effect type="zoom" start="95" end="110" center="auto" tween="sine" easing="out" time="200"/>
						</animation>
						<left>-5</left>
						<width>85</width>
						<height>85</height>
						<label>$LOCALIZE[486]$INFO[Playlist.Repeat, : ]</label>
						<font></font>
						<texturefocus></texturefocus>
						<texturenofocus></texturenofocus>
						<onclick>PlayerControl(Repeat)</onclick>
						<onleft>605</onleft>
						<onright>607</onright>
						<onup>1000</onup>
						<ondown>1000</ondown>
					</control>
					<control type="image">
						<animation type="focus" loop="false" reversible="false">
							<effect type="zoom" start="95" end="110" center="auto" tween="sine" easing="out" time="200"/>
						</animation>
						<left>-5</left>
						<width>85</width>
						<height>85</height>
						<texture>osd/repeat-off.png</texture>
						<visible>!Playlist.IsRepeat + !Playlist.IsRepeatOne</visible>
						<visible>!Control.HasFocus(606)</visible>
					</control>
					<control type="image">
						<animation type="focus" loop="false" reversible="false">
							<effect type="zoom" start="95" end="110" center="auto" tween="sine" easing="out" time="200"/>
						</animation>
						<left>-5</left>
						<width>85</width>
						<height>85</height>
						<texture colordiffuse="$INFO[Skin.String(color.500)]">osd/repeat-off.png</texture>
						<visible>!Playlist.IsRepeat + !Playlist.IsRepeatOne</visible>
						<visible>Control.HasFocus(606)</visible>
					</control>
					<control type="image">
						<animation type="focus" loop="false" reversible="false">
							<effect type="zoom" start="95" end="110" center="auto" tween="sine" easing="out" time="200"/>
						</animation>
						<left>-5</left>
						<width>85</width>
						<height>85</height>
						<texture>osd/repeat-one.png</texture>
						<visible>Playlist.IsRepeatOne</visible>
						<visible>!Control.HasFocus(606)</visible>
					</control>
					<control type="image">
						<animation type="focus" loop="false" reversible="false">
							<effect type="zoom" start="95" end="110" center="auto" tween="sine" easing="out" time="200"/>
						</animation>
						<left>-5</left>
						<width>85</width>
						<height>85</height>
						<texture colordiffuse="$INFO[Skin.String(color.500)]">osd/repeat-one.png</texture>
						<visible>Playlist.IsRepeatOne</visible>
						<visible>Control.HasFocus(606)</visible>
					</control>
					<control type="image">
						<animation type="focus" loop="false" reversible="false">
							<effect type="zoom" start="95" end="110" center="auto" tween="sine" easing="out" time="200"/>
						</animation>
						<left>-5</left>
						<top>-2</top>
						<width>85</width>
						<height>85</height>
						<texture>osd/repeat-all.png</texture>
						<visible>Playlist.IsRepeat</visible>
						<visible>!Control.HasFocus(606)</visible>
					</control>
					<control type="image">
						<animation type="focus" loop="false" reversible="false">
							<effect type="zoom" start="95" end="110" center="auto" tween="sine" easing="out" time="200"/>
						</animation>
						<left>-5</left>
						<top>-2</top>
						<width>85</width>
						<height>85</height>
						<texture colordiffuse="$INFO[Skin.String(color.500)]">osd/repeat-all.png</texture>
						<visible>Playlist.IsRepeat</visible>
						<visible>Control.HasFocus(606)</visible>
					</control>
				</control>
				<control type="group" id="699">
					<width>50</width>
					<height>50</height>
					<visible>!MusicPlayer.Content(LiveTV)</visible>
					<control type="togglebutton" id="607">
						<animation type="focus" loop="false" reversible="false">
							<effect type="zoom" start="95" end="110" center="auto" tween="sine" easing="out" time="200"/>
						</animation>
						<left>15</left>
						<width>85</width>
						<height>85</height>
						<label>$LOCALIZE[590]$INFO[Playlist.Random, : ]</label>
						<font></font>
						<texturefocus colordiffuse="$INFO[Skin.String(color.500)]">osd/random-off.png</texturefocus>
						<texturenofocus>osd/random-off.png</texturenofocus>
						<usealttexture>Playlist.IsRandom</usealttexture>
						<alttexturefocus colordiffuse="$INFO[Skin.String(color.500)]">osd/random-on.png</alttexturefocus>
						<alttexturenofocus>osd/random-on.png</alttexturenofocus>
						<onclick>PlayerControl(Random)</onclick>
						<visible>!MusicPlayer.Content(LiveTV)</visible>
						<onleft>606</onleft>
						<onright>701</onright>
						<onup>1000</onup>
						<ondown>1000</ondown>
					</control>
				</control>
			</control>
			<control type="grouplist" id="101">
				<left>650</left>
				<top>960</top>
				<width>70</width>
				<onup>1000</onup>
				<ondown>1000</ondown>
				<onleft>607</onleft>
				<onright>600</onright>
				<align>left</align>
				<orientation>horizontal</orientation>
				<itemgap>0</itemgap>
				<animation effect="fade" time="200">VisibleChange</animation>
				<visible>![Window.IsVisible(AddonSettings) | Window.IsVisible(SelectDialog) | Window.IsVisible(VisualisationPresetList) | Window.IsVisible(PVROSDChannels) | Window.IsVisible(PVRChannelGuide) | Window.IsVisible(PVRRadioRDSInfo) | Window.IsVisible(Addon)]</visible>
				<control type="button" id="701">
					<animation type="focus" loop="false" reversible="false">
						<effect type="zoom" start="95" end="110" center="auto" tween="sine" easing="out" time="200"/>
					</animation>
					<width>70</width>
					<height>70</height>
					<label></label>
					<font></font>
					<texturefocus colordiffuse="$INFO[Skin.String(color.500)]">osd/info.png</texturefocus>
					<texturenofocus>osd/info.png</texturenofocus>
					<onclick>Info</onclick>
					<visible>!Skin.HasSetting(MusicOSDHideInfo)</visible>
					<visible>!String.IsEmpty(MusicPlayer.Property(Album_Description))</visible>
				</control>
				<control type="togglebutton" id="702">
					<animation type="focus" loop="false" reversible="false">
						<effect type="zoom" start="95" end="110" center="auto" tween="sine" easing="out" time="200"/>
					</animation>
					<width>70</width>
					<height>70</height>
					<label></label>
					<font></font>
					<texturefocus colordiffuse="$INFO[Skin.String(color.500)]">osd/lyrics.png</texturefocus>
					<texturenofocus>osd/lyrics.png</texturenofocus>
					<alttexturefocus colordiffuse="$INFO[Skin.String(color.500)]">osd/lyrics.png</alttexturefocus>
					<alttexturenofocus>osd/lyrics.png</alttexturenofocus>
					<onclick>Close</onclick>
					<onclick>RunScript($INFO[Skin.String(LyricScript_Path)])</onclick>
					<altclick>Skin.SetAddon(LyricScript_Path,xbmc.python.lyrics)</altclick>
					<altclick>Close</altclick>
					<altclick>RunScript($INFO[Skin.String(LyricScript_Path)])</altclick>
					<usealttexture>String.IsEmpty(Skin.String(LyricScript_Path))</usealttexture>
					<visible>!MusicPlayer.Content(LiveTV)</visible>
				</control>
				<control type="button" id="500">
					<animation type="focus" loop="false" reversible="false">
						<effect type="zoom" start="95" end="110" center="auto" tween="sine" easing="out" time="200"/>
					</animation>
					<width>70</width>
					<height>70</height>
					<label></label>
					<font></font>
					<texturefocus colordiffuse="$INFO[Skin.String(color.500)]">osd/visualization.png</texturefocus>
					<texturenofocus>osd/visualization.png</texturenofocus>
				</control>
			</control>
		</control>
	</controls>
</window>