<?xml version="1.0" encoding="UTF-8"?>
<includes>
	<include name="PosterWrapView2_Fanart">
		<control type="group">
			<visible>Control.IsVisible(508)</visible>
			<include>VisibleFadeEffect</include>
			<left>20</left>
			<width>1880</width>
			<control type="group">
			<visible>Skin.HasSetting(View508HideInfo)</visible>
			<control type="label">
					<visible>!Skin.HasSetting(Shadow)</visible>
					<left>3</left>
					<top>453</top>
					<height>30</height>
					<width>730</width>
					<label>[B]$INFO[ListItem.Label][/B]</label>
					<align>left</align>
					<aligny>center</aligny>
					<font>font24_title</font>
					<textcolor>black</textcolor>
					<shadowcolor>black</shadowcolor>
					<scroll>true</scroll>
				</control>
				<control type="label">
					<left>0</left>
					<top>450</top>
					<height>30</height>
					<width>730</width>
					<label>[B]$INFO[ListItem.Label][/B]</label>
					<align>left</align>
					<aligny>center</aligny>
					<font>font24_title</font>
					<textcolor>$INFO[Skin.String(color.500)]</textcolor>
					<shadowcolor>black</shadowcolor>
					<scroll>true</scroll>
				</control>
			</control>
			<control type="group">
			<visible>!Skin.HasSetting(View508HideInfo)</visible>
				<control type="group">
				<visible>!Skin.HasSetting(View508HideLogo)</visible>
					<control type="image">
						<visible>!Skin.HasSetting(Shadow)</visible>
						<left>5</left>
						<top>5</top>
						<width>400</width>
						<height>155</height>
						<aspectratio>keep</aspectratio>
						<texture colordiffuse="black">$INFO[ListItem.Art(clearlogo)]</texture>
					</control>
					<control type="image">
						<left>0</left>
						<top>0</top>
						<width>400</width>
						<height>155</height>
						<aspectratio>keep</aspectratio>
						<texture>$INFO[ListItem.Art(clearlogo)]</texture>
					</control>
				</control>
				<control type="group">
				<visible>!Skin.HasSetting(View508HideLogo)</visible>
					<control type="image">
						<visible>!Skin.HasSetting(Shadow)</visible>
						<left>5</left>
						<top>5</top>
						<width>400</width>
						<height>155</height>
						<aspectratio>keep</aspectratio>
						<texture colordiffuse="black">$INFO[ListItem.Art(tvshow.clearlogo)]</texture>
					</control>
					<control type="image">
						<left>0</left>
						<top>0</top>
						<width>400</width>
						<height>155</height>
						<aspectratio>keep</aspectratio>
						<texture>$INFO[ListItem.Art(tvshow.clearlogo)]</texture>
					</control>
				</control>
				<control type="label">
					<visible>!Skin.HasSetting(Shadow)</visible>
					<left>3</left>
					<top>113</top>
					<height>30</height>
					<width>730</width>
					<label>[B]$INFO[ListItem.Label][/B]</label>
					<align>left</align>
					<aligny>center</aligny>
					<font>font24_title</font>
					<textcolor>black</textcolor>
					<shadowcolor>black</shadowcolor>
					<visible>String.IsEmpty(ListItem.Art(clearlogo))</visible>
					<visible>String.IsEmpty(ListItem.Art(tvshow.clearlogo))</visible>
					<scroll>true</scroll>
				</control>
				<control type="label">
					<left>0</left>
					<top>110</top>
					<height>30</height>
					<width>730</width>
					<label>[B]$INFO[ListItem.Label][/B]</label>
					<align>left</align>
					<aligny>center</aligny>
					<font>font24_title</font>
					<textcolor>$INFO[Skin.String(color.500)]</textcolor>
					<shadowcolor>black</shadowcolor>
					<visible>String.IsEmpty(ListItem.Art(clearlogo))</visible>
					<visible>String.IsEmpty(ListItem.Art(tvshow.clearlogo))</visible>
					<scroll>true</scroll>
				</control>
				<control type="image">
					<visible>!Skin.HasSetting(Shadow)</visible>
					<left>655</left>
					<top>242</top>
					<width>90</width>
					<height>78</height>
					<aspectratio>keep</aspectratio>
					<texture colordiffuse="black">$VAR[mpaa]</texture>
				</control>
				<control type="image">
					<left>650</left>
					<top>237</top>
					<width>90</width>
					<height>78</height>
					<aspectratio>keep</aspectratio>
					<texture>$VAR[mpaa]</texture>
				</control>
				<control type="image">
					<visible>!Skin.HasSetting(Shadow)</visible>
					<left>0</left>
					<top>170</top>
					<width>60</width>
					<height>60</height>
					<aspectratio>keep</aspectratio>
					<texture colordiffuse="black">icons/calendar.png</texture>
					<visible>!String.IsEmpty(ListItem.Premiered)</visible>
				</control>
				<control type="image">
					<left>-5</left>
					<top>165</top>
					<width>60</width>
					<height>60</height>
					<aspectratio>keep</aspectratio>
					<texture>icons/calendar.png</texture>
					<visible>!String.IsEmpty(ListItem.Premiered)</visible>
				</control>
				<control type="label">
					<visible>!Skin.HasSetting(Shadow)</visible>
					<left>63</left>
					<top>183</top>
					<width>240</width>
					<height>35</height>
					<font>button2</font>
					<align>left</align>
					<aligny>center</aligny>
					<textcolor>black</textcolor>
					<shadowcolor>black</shadowcolor>
					<label>$INFO[ListItem.Premiered]</label>
				</control>
				<control type="label">
					<left>60</left>
					<top>180</top>
					<width>240</width>
					<height>35</height>
					<font>button2</font>
					<align>left</align>
					<aligny>center</aligny>
					<textcolor>$INFO[Skin.String(color.500)]</textcolor>
					<shadowcolor>black</shadowcolor>
					<label>$INFO[ListItem.Premiered]</label>
				</control>
				<control type="image">
					<visible>!Skin.HasSetting(Shadow)</visible>
					<left>235</left>
					<top>170</top>
					<width>60</width>
					<height>60</height>
					<aspectratio>keep</aspectratio>
					<texture colordiffuse="black">icons/clock.png</texture>
					<visible>!String.IsEmpty(ListItem.Duration)</visible>
				</control>
				<control type="image">
					<left>230</left>
					<top>165</top>
					<width>60</width>
					<height>60</height>
					<aspectratio>keep</aspectratio>
					<texture>icons/clock.png</texture>
					<visible>!String.IsEmpty(ListItem.Duration)</visible>
				</control>
				<control type="label">
					<visible>!Skin.HasSetting(Shadow)</visible>
					<left>293</left>
					<top>183</top>
					<width>240</width>
					<height>35</height>
					<font>button2</font>
					<align>left</align>
					<aligny>center</aligny>
					<textcolor>black</textcolor>
					<shadowcolor>black</shadowcolor>
					<label>$INFO[ListItem.Duration]</label>
				</control>
				<control type="label">
					<left>290</left>
					<top>180</top>
					<width>240</width>
					<height>35</height>
					<font>button2</font>
					<align>left</align>
					<aligny>center</aligny>
					<textcolor>$INFO[Skin.String(color.500)]</textcolor>
					<shadowcolor>black</shadowcolor>
					<label>$INFO[ListItem.Duration]</label>
				</control>
				<control type="image">
					<visible>!Skin.HasSetting(Shadow)</visible>
					<left>0</left>
					<top>225</top>
					<width>60</width>
					<height>60</height>
					<aspectratio>keep</aspectratio>
					<texture colordiffuse="black">icons/genre.png</texture>
					<visible>!String.IsEmpty(ListItem.Genre)</visible>
				</control>
				<control type="image">
					<left>-5</left>
					<top>220</top>
					<width>60</width>
					<height>60</height>
					<aspectratio>keep</aspectratio>
					<texture>icons/genre.png</texture>
					<visible>!String.IsEmpty(ListItem.Genre)</visible>
				</control>
				<control type="label">
					<visible>!Skin.HasSetting(Shadow)</visible>
					<left>63</left>
					<top>238</top>
					<width>585</width>
					<height>35</height>
					<font>button2</font>
					<align>left</align>
					<aligny>center</aligny>
					<textcolor>black</textcolor>
					<shadowcolor>black</shadowcolor>
					<label>$INFO[ListItem.Genre]</label>
					<scroll>true</scroll>
				</control>
				<control type="label">
					<left>60</left>
					<top>235</top>
					<width>585</width>
					<height>35</height>
					<font>button2</font>
					<align>left</align>
					<aligny>center</aligny>
					<textcolor>$INFO[Skin.String(color.500)]</textcolor>
					<shadowcolor>black</shadowcolor>
					<label>$INFO[ListItem.Genre]</label>
					<scroll>true</scroll>
				</control>
				<control type="image">
					<visible>!Skin.HasSetting(Shadow)</visible>
					<left>0</left>
					<top>280</top>
					<width>60</width>
					<height>60</height>
					<aspectratio>keep</aspectratio>
					<texture colordiffuse="black">icons/star.png</texture>
					<visible>!String.IsEmpty(ListItem.RatingAndVotes)</visible>
				</control>
				<control type="image">
					<left>-5</left>
					<top>275</top>
					<width>60</width>
					<height>60</height>
					<aspectratio>keep</aspectratio>
					<texture>icons/star.png</texture>
					<visible>!String.IsEmpty(ListItem.RatingAndVotes)</visible>
				</control>
				<control type="label">
					<visible>!Skin.HasSetting(Shadow)</visible>
					<left>63</left>
					<top>293</top>
					<width>585</width>
					<height>35</height>
					<font>button2</font>
					<align>left</align>
					<aligny>center</aligny>
					<textcolor>black</textcolor>
					<shadowcolor>black</shadowcolor>
					<label>$INFO[ListItem.RatingAndVotes]</label>
					<scroll>true</scroll>
				</control>
				<control type="label">
					<left>60</left>
					<top>290</top>
					<width>585</width>
					<height>35</height>
					<font>button2</font>
					<align>left</align>
					<aligny>center</aligny>
					<textcolor>$INFO[Skin.String(color.500)]</textcolor>
					<shadowcolor>black</shadowcolor>
					<label>$INFO[ListItem.RatingAndVotes]</label>
					<scroll>true</scroll>
				</control>
				<control type="textbox">
					<visible>!Skin.HasSetting(Shadow)</visible>
					<left>8</left>
					<top>338</top>
					<width>725</width>
					<height>160</height>
					<font>font12</font>
					<align>justify</align>
					<textcolor>black</textcolor>
					<shadowcolor>black</shadowcolor>
					<label>$INFO[ListItem.Plot]</label>
					<autoscroll time="2000" delay="6000" repeat="10000">true</autoscroll>
				</control>
				<control type="textbox">
					<left>5</left>
					<top>335</top>
					<width>725</width>
					<height>160</height>
					<font>font12</font>
					<align>justify</align>
					<textcolor>white</textcolor>
					<shadowcolor>black</shadowcolor>
					<label>$INFO[ListItem.Plot]</label>
					<autoscroll time="2000" delay="6000" repeat="10000">true</autoscroll>
				</control>
				<control type="group">
				<visible>!Skin.HasSetting(View508HideFlag)</visible>
				<visible>!String.IsEmpty(ListItem.AudioChannels,flags/audio/,.png)</visible>
					<left>455r</left>
					<top>461</top>
					<control type="image">
						<left>540r</left>
						<top>3</top>
						<width>540</width>
						<height>30</height>
						<aspectratio>stretch</aspectratio>
						<texture>backgrounds/gradient_floor.png</texture>
						<visible>String.Contains(ListItem.Filename,HDR)</visible>
					</control>
					<control type="image">
						<left>450r</left>
						<top>3</top>
						<width>450</width>
						<height>30</height>
						<aspectratio>stretch</aspectratio>
						<texture>backgrounds/gradient_floor.png</texture>
						<visible>!String.Contains(ListItem.Filename,HDR)</visible>
					</control>
					<control type="image">
						<visible>!Skin.HasSetting(Shadow)</visible>
						<left>-84</left>
						<top>2</top>
						<width>86</width>
						<height>33</height>
						<texture colordiffuse="black">flags/resolution/HDR.png</texture>
						<aspectratio>keep</aspectratio>
						<visible>String.Contains(ListItem.Filename,HDR)</visible>
					</control>
					<control type="image">
						<left>-86</left>
						<top>0</top>
						<width>86</width>
						<height>33</height>
						<texture>flags/resolution/HDR.png</texture>
						<aspectratio>keep</aspectratio>
						<visible>String.Contains(ListItem.Filename,HDR)</visible>
					</control>
					<control type="image">
						<visible>!Skin.HasSetting(Shadow)</visible>
						<left>7</left>
						<top>2</top>
						<width>86</width>
						<height>33</height>
						<texture colordiffuse="black">$INFO[ListItem.VideoAspect,flags/aspectratio/,.png]</texture>
						<aspectratio>keep</aspectratio>
					</control>
					<control type="image">
						<left>5</left>
						<top>0</top>
						<width>86</width>
						<height>33</height>
						<texture>$INFO[ListItem.VideoAspect,flags/aspectratio/,.png]</texture>
						<aspectratio>keep</aspectratio>
					</control>
					<control type="image">
						<visible>!Skin.HasSetting(Shadow)</visible>
						<left>98</left>
						<top>2</top>
						<width>86</width>
						<height>33</height>
						<texture colordiffuse="black">$INFO[ListItem.VideoResolution,flags/resolution/,.png]</texture>
						<aspectratio>keep</aspectratio>
					</control>
					<control type="image">
						<left>96</left>
						<top>0</top>
						<width>86</width>
						<height>33</height>
						<texture>$INFO[ListItem.VideoResolution,flags/resolution/,.png]</texture>
						<aspectratio>keep</aspectratio>
					</control>
					<control type="image">
						<visible>!Skin.HasSetting(Shadow)</visible>
						<left>189</left>
						<top>2</top>
						<width>86</width>
						<height>33</height>
						<texture colordiffuse="black">$INFO[ListItem.VideoCodec,flags/videocodec/,.png]</texture>
						<aspectratio>keep</aspectratio>
					</control>
					<control type="image">
						<left>187</left>
						<top>0</top>
						<width>86</width>
						<height>33</height>
						<texture>$INFO[ListItem.VideoCodec,flags/videocodec/,.png]</texture>
						<aspectratio>keep</aspectratio>
					</control>
					<control type="image">
						<visible>!Skin.HasSetting(Shadow)</visible>
						<left>280</left>
						<top>2</top>
						<width>86</width>
						<height>33</height>
						<texture colordiffuse="black">$INFO[ListItem.AudioCodec,flags/audio/,.png]</texture>
						<aspectratio>keep</aspectratio>
						<visible>!String.Contains(ListItem.FilenameAndPath,.atmos)</visible>
					</control>
					<control type="image">
						<left>278</left>
						<top>0</top>
						<width>86</width>
						<height>33</height>
						<texture>$INFO[ListItem.AudioCodec,flags/audio/,.png]</texture>
						<aspectratio>keep</aspectratio>
						<visible>!String.Contains(ListItem.FilenameAndPath,.atmos)</visible>
					</control>
					<control type="image">
						<visible>!Skin.HasSetting(Shadow)</visible>
						<left>280</left>
						<top>2</top>
						<width>86</width>
						<height>33</height>
						<texture colordiffuse="black">flags/audio/atmos.png</texture>
						<aspectratio>keep</aspectratio>
						<visible>String.Contains(ListItem.FilenameAndPath,.atmos)</visible>
					</control>
					<control type="image">
						<left>278</left>
						<top>0</top>
						<width>86</width>
						<height>33</height>
						<texture>flags/audio/atmos.png</texture>
						<aspectratio>keep</aspectratio>
						<visible>String.Contains(ListItem.FilenameAndPath,.atmos)</visible>
					</control>
					<control type="image">
						<visible>!Skin.HasSetting(Shadow)</visible>
						<left>371</left>
						<top>2</top>
						<width>86</width>
						<height>33</height>
						<texture colordiffuse="black">$INFO[ListItem.AudioChannels,flags/audio/,.png]</texture>
						<aspectratio>keep</aspectratio>
					</control>
					<control type="image">
						<left>369</left>
						<top>0</top>
						<width>86</width>
						<height>33</height>
						<texture>$INFO[ListItem.AudioChannels,flags/audio/,.png]</texture>
						<aspectratio>keep</aspectratio>
					</control>
				</control>
			</control>
			<control type="group">
				<left>0</left>
				<top>615r</top>
				<control type="list" id="508">
					<visible>Container.Content(Movies) | Container.Content(TVShows) | Container.Content(Seasons) | Container.Content(Sets)</visible>
					<width>1890</width>
					<height>380</height>
					<onleft>508</onleft>
					<onright>508</onright>
					<onup>9000</onup>
					<ondown>608</ondown>
					<viewtype label="Fanart">wrap</viewtype>
					<pagecontrol>608</pagecontrol>
					<scrolltime>200</scrolltime>
					<focusposition>5</focusposition>
					<movement>3</movement>
					<orientation>horizontal</orientation>
					<preloaditems>4</preloaditems>
					<itemlayout height="380" width="210">
						<control type="image">
							<visible>!Skin.HasSetting(Shadow)</visible>
							<left>10</left>
							<top>55</top>
							<width>200</width>
							<height>300</height>
							<aspectratio>scale</aspectratio>
							<texture colordiffuse="black" background="true">$VAR[PosterThumb]</texture>
							<bordersize>2</bordersize>
							<bordertexture>backgrounds/poster shadow small l.png</bordertexture>
							<visible>!String.Contains(ListItem.Icon,Default)</visible>
						</control>
						<control type="image">
							<left>5</left>
							<top>50</top>
							<width>200</width>
							<height>300</height>
							<aspectratio>scale</aspectratio>
							<texture background="true">$VAR[PosterThumb]</texture>
							<bordersize>2</bordersize>
							<bordertexture>backgrounds/poster shadow small l.png</bordertexture>
							<visible>!String.Contains(ListItem.Icon,Default)</visible>
						</control>
						<control type="group">
						<visible>!Skin.HasSetting(View508HideMovieShell)</visible>
						<visible>Container.Content(Movies) | Container.Content(Sets) | Container.Content(TVShows) | Container.Content(Seasons)</visible>
							<control type="image">
								<left>5</left>
								<top>50</top>
								<width>200</width>
								<height>300</height>
								<aspectratio>stretch</aspectratio>
								<texture colordiffuse="black">shell/stream.png</texture>
								<visible>!String.IsEmpty(ListItem.Rating)</visible>
							</control>
							<control type="label">
								<left>5</left>
								<top>50</top>
								<width>200</width>
								<height>25</height>
								<font>breadcrumb.shell</font>
								<align>center</align>
								<aligny>center</aligny>
								<textcolor>white</textcolor>
								<shadowcolor>black</shadowcolor>
								<label>[B]STREAM[/B]</label>
								<visible>!String.IsEmpty(ListItem.Rating)</visible>
							</control>
						</control>
						<control type="group">
						<visible>!Skin.HasSetting(View508HideMovieShell)</visible>
						<visible>Library.HasContent(Movies)</visible>
						<visible>Container.Content(Movies) | Container.Content(Sets)</visible>
							<control type="image">
								<left>5</left>
								<top>50</top>
								<width>200</width>
								<height>300</height>
								<aspectratio>stretch</aspectratio>
								<texture>shell/dvd.png</texture>
								<visible>String.Contains(ListItem.VideoResolution,288)</visible>
							</control>
							<control type="image">
								<left>5</left>
								<top>50</top>
								<width>200</width>
								<height>300</height>
								<aspectratio>stretch</aspectratio>
								<texture>shell/dvd.png</texture>
								<visible>String.Contains(ListItem.VideoResolution,480)</visible>
							</control>
							<control type="image">
								<left>5</left>
								<top>50</top>
								<width>200</width>
								<height>300</height>
								<aspectratio>stretch</aspectratio>
								<texture>shell/dvd.png</texture>
								<visible>String.Contains(ListItem.VideoResolution,540)</visible>
							</control>
							<control type="image">
								<left>5</left>
								<top>50</top>
								<width>200</width>
								<height>300</height>
								<aspectratio>stretch</aspectratio>
								<texture>shell/dvd.png</texture>
								<visible>String.Contains(ListItem.VideoResolution,576)</visible>
							</control>
							<control type="image">
								<left>5</left>
								<top>50</top>
								<width>200</width>
								<height>300</height>
								<aspectratio>stretch</aspectratio>
								<texture>shell/1080p.png</texture>
								<visible>String.Contains(ListItem.VideoResolution,720)</visible>
							</control>
							<control type="image">
								<left>5</left>
								<top>50</top>
								<width>200</width>
								<height>300</height>
								<aspectratio>stretch</aspectratio>
								<texture>shell/1080p.png</texture>
								<visible>String.Contains(ListItem.VideoResolution,1080)</visible>
							</control>
							<control type="image">
								<left>5</left>
								<top>50</top>
								<width>200</width>
								<height>300</height>
								<aspectratio>stretch</aspectratio>
								<texture background="true">shell/4k.png</texture>
								<visible>String.Contains(ListItem.VideoResolution,4k)</visible>
							</control>
							<control type="image">
								<left>5</left>
								<top>50</top>
								<width>200</width>
								<height>300</height>
								<aspectratio>stretch</aspectratio>
								<texture background="true">shell/set.png</texture>
								<visible>ListItem.IsCollection</visible>
							</control>
							<control type="label">
								<left>5</left>
								<top>50</top>
								<width>200</width>
								<height>25</height>
								<font>breadcrumb.shell.small</font>
								<align>center</align>
								<aligny>center</aligny>
								<textcolor>white</textcolor>
								<shadowcolor>black</shadowcolor>
								<label>[B]FILMREIHE[/B]</label>
								<visible>ListItem.IsCollection</visible>
							</control>
						</control>
						<control type="group">
						<visible>!Skin.HasSetting(View508HideTVshowShell)</visible>
						<visible>Library.HasContent(TVShows)</visible>
							<control type="image">
								<left>5</left>
								<top>50</top>
								<width>200</width>
								<height>300</height>
								<aspectratio>stretch</aspectratio>
								<texture>shell/tvshow.png</texture>
								<visible>Container.Content(TVShows) | Container.Content(Seasons)</visible>
								<visible>!String.IsEmpty(ListItem.Rating)</visible>
							</control>
							<control type="label">
								<left>5</left>
								<top>50</top>
								<width>200</width>
								<height>25</height>
								<font>breadcrumb.shell</font>
								<align>center</align>
								<aligny>center</aligny>
								<textcolor>white</textcolor>
								<shadowcolor>black</shadowcolor>
								<label>[B]SERIE[/B]</label>
								<visible>Container.Content(TVShows) | Container.Content(Seasons)</visible>
								<visible>!String.IsEmpty(ListItem.Rating)</visible>
							</control>
						</control>
						<control type="image">
							<left>160</left>
							<top>48</top>
							<width>34</width>
							<height>30</height>
							<texture colordiffuse="white">$INFO[ListItem.Overlay]</texture>
							<visible>Window.IsVisible(Videos) + !ListItem.IsResumable</visible>
						</control>
						<control type="image">
							<left>160</left>
							<top>48</top>
							<width>34</width>
							<height>30</height>
							<texture colordiffuse="white">OverlayWatching.png</texture>
							<visible>Window.IsVisible(Videos) + ListItem.IsResumable</visible>
						</control>
					</itemlayout>
					<focusedlayout height="330" width="210">
						<control type="image">
						<visible>!Skin.HasSetting(View508HideInfo)</visible>
						<visible>!Skin.HasSetting(View508HideDisc)</visible>
							<top>25</top>
							<left>10</left>
							<width>200</width>
							<height>200</height>
							<fadetime>1000</fadetime>
							<texture diffuse="backgrounds/cdart-mask.png">$VAR[PosterThumb]</texture>
							<animation type="Conditional" condition="!Container(50).OnNext + !Container(50).OnPrevious" reversible="false">
								<effect type="fade" start="0" end="100" time="50" delay="1000"/>
							</animation>
							<animation type="Conditional" condition="!Container(50).OnNext + !Container(50).OnPrevious" reversible="false">
								<effect type="slide" end="0,-80" start="0,0" time="500" delay="1000" tween="cubic" />
							</animation>
							<animation type="Visible" reversible="false">
								<effect type="fade" start="0" end="100" time="1500" tween="cubic"/>
							</animation>
							<animation type="Hidden" reversible="false">
								<effect type="fade" start="100" end="0" time="500" tween="cubic"/>
							</animation>
							<animation effect="rotate" end="-360" center="auto" time="12000" loop="true" reversible="false" condition="true">Conditional</animation>
							<visible>!String.IsEmpty(ListItem.Genre)</visible>
							<visible>!String.IsEmpty(ListItem.Premiered)</visible>
						</control>
						<control type="image">
						<visible>!Skin.HasSetting(View508HideInfo)</visible>
						<visible>!Skin.HasSetting(View508HideDisc)</visible>
							<top>25</top>
							<left>10</left>
							<width>200</width>
							<height>200</height>
							<fadetime>1000</fadetime>
							<texture>backgrounds/cdarttop.png</texture>
							<animation type="Conditional" condition="!Container(50).OnNext + !Container(50).OnPrevious" reversible="false">
								<effect type="fade" start="0" end="100" time="50" delay="1000"/>
							</animation>
							<animation type="Conditional" condition="!Container(50).OnNext + !Container(50).OnPrevious" reversible="false">
								<effect type="slide" end="0,-80" start="0,0" time="500" delay="1000" tween="cubic" />
							</animation>
							<animation type="Visible" reversible="false">
								<effect type="fade" start="0" end="100" time="1500" tween="cubic"/>
							</animation>
							<animation type="Hidden" reversible="false">
								<effect type="fade" start="100" end="0" time="500" tween="cubic"/>
							</animation>
							<animation effect="rotate" end="-360" center="auto" time="12000" loop="true" reversible="false" condition="true">Conditional</animation>
							<visible>!String.IsEmpty(ListItem.Genre)</visible>
							<visible>!String.IsEmpty(ListItem.Premiered)</visible>
						</control>
						<control type="image">
						<visible>!Skin.HasSetting(View508HideInfo)</visible>
						<visible>!Skin.HasSetting(View508HideDisc)</visible>
							<top>25</top>
							<left>10</left>
							<width>200</width>
							<height>200</height>
							<fadetime>1000</fadetime>
							<texture>$INFO[ListItem.Art(discart)]</texture>
							<animation type="Conditional" condition="!Container(50).OnNext + !Container(50).OnPrevious" reversible="false">
								<effect type="fade" start="0" end="100" time="50" delay="1000"/>
							</animation>
							<animation type="Conditional" condition="!Container(50).OnNext + !Container(50).OnPrevious" reversible="false">
								<effect type="slide" end="0,-80" start="0,0" time="500" delay="1000" tween="cubic" />
							</animation>
							<animation type="Visible" reversible="false">
								<effect type="fade" start="0" end="100" time="1500" tween="cubic"/>
							</animation>
							<animation type="Hidden" reversible="false">
								<effect type="fade" start="100" end="0" time="500" tween="cubic"/>
							</animation>
							<animation effect="rotate" end="-360" center="auto" time="12000" loop="true" reversible="false" condition="true">Conditional</animation>
						</control>
						<control type="image">
							<animation type="focus" loop="false" reversible="false">
							<effect type="zoom" start="95" end="110" center="auto" tween="sine" easing="out" time="200"/>
							</animation>
							<left>15</left>
							<top>60</top>
							<width>200</width>
							<height>300</height>
							<aspectratio>scale</aspectratio>
							<texture colordiffuse="black" background="true">$VAR[PosterThumb]</texture>
							<bordersize>2</bordersize>
							<bordertexture colordiffuse="black">backgrounds/white.png</bordertexture>
							<visible>!String.Contains(ListItem.Icon,Default)</visible>
						</control>
						<control type="image">
							<animation type="focus" loop="false" reversible="false">
							<effect type="zoom" start="95" end="110" center="auto" tween="sine" easing="out" time="200"/>
							</animation>
							<left>10</left>
							<top>55</top>
							<width>200</width>
							<height>300</height>
							<aspectratio>scale</aspectratio>
							<texture background="true">$VAR[PosterThumb]</texture>
							<bordersize>2</bordersize>
							<bordertexture colordiffuse="$INFO[Skin.String(color.500)]">backgrounds/white.png</bordertexture>
							<visible>!String.Contains(ListItem.Icon,Default)</visible>
						</control>
						<control type="image">
							<visible>!Skin.HasSetting(View508HideMovieShell)</visible>
							<visible>Container.Content(Movies) | Container.Content(Sets) | Container.Content(TVShows) | Container.Content(Seasons)</visible>
							<animation type="focus" loop="false" reversible="false">
							<effect type="zoom" start="95" end="110" center="auto" tween="sine" easing="out" time="200"/>
							</animation>
							<left>10</left>
							<top>55</top>
							<width>200</width>
							<height>300</height>
							<aspectratio>stretch</aspectratio>
							<texture colordiffuse="black">shell/stream.png</texture>
							<visible>!String.IsEmpty(ListItem.Rating)</visible>
						</control>
						<control type="label">
							<visible>!Skin.HasSetting(View508HideMovieShell)</visible>
							<visible>Container.Content(Movies) | Container.Content(Sets) | Container.Content(TVShows) | Container.Content(Seasons)</visible>
							<animation type="focus" loop="false" reversible="false">
							<effect type="zoom" start="0" end="110" center="auto" tween="sine" easing="out" time="200"/>
							</animation>
							<left>10</left>
							<top>40</top>
							<width>200</width>
							<height>25</height>
							<font>breadcrumb.shell</font>
							<align>center</align>
							<aligny>center</aligny>
							<textcolor>white</textcolor>
							<shadowcolor>black</shadowcolor>
							<label>[B]STREAM[/B]</label>
							<visible>!String.IsEmpty(ListItem.Rating)</visible>
						</control>
						<control type="group">
						<visible>!Skin.HasSetting(View508HideMovieShell)</visible>
						<visible>Library.HasContent(Movies)</visible>
						<visible>Container.Content(Movies) | Container.Content(Sets)</visible>
							<control type="image">
								<animation type="focus" loop="false" reversible="false">
									<effect type="zoom" start="95" end="110" center="auto" tween="sine" easing="out" time="200"/>
								</animation>
								<left>10</left>
								<top>55</top>
								<width>200</width>
								<height>300</height>
								<aspectratio>stretch</aspectratio>
								<texture>shell/dvd.png</texture>
								<visible>String.Contains(ListItem.VideoResolution,288)</visible>
							</control>
							<control type="image">
								<animation type="focus" loop="false" reversible="false">
									<effect type="zoom" start="95" end="110" center="auto" tween="sine" easing="out" time="200"/>
								</animation>
								<left>10</left>
								<top>55</top>
								<width>200</width>
								<height>300</height>
								<aspectratio>stretch</aspectratio>
								<texture>shell/dvd.png</texture>
								<visible>String.Contains(ListItem.VideoResolution,480)</visible>
							</control>
							<control type="image">
								<animation type="focus" loop="false" reversible="false">
									<effect type="zoom" start="95" end="110" center="auto" tween="sine" easing="out" time="200"/>
								</animation>
								<left>10</left>
								<top>55</top>
								<width>200</width>
								<height>300</height>
								<aspectratio>stretch</aspectratio>
								<texture>shell/dvd.png</texture>
								<visible>String.Contains(ListItem.VideoResolution,540)</visible>
							</control>
							<control type="image">
								<animation type="focus" loop="false" reversible="false">
									<effect type="zoom" start="95" end="110" center="auto" tween="sine" easing="out" time="200"/>
								</animation>
								<left>10</left>
								<top>55</top>
								<width>200</width>
								<height>300</height>
								<aspectratio>stretch</aspectratio>
								<texture>shell/dvd.png</texture>
								<visible>String.Contains(ListItem.VideoResolution,576)</visible>
							</control>
							<control type="image">
								<animation type="focus" loop="false" reversible="false">
									<effect type="zoom" start="95" end="110" center="auto" tween="sine" easing="out" time="200"/>
								</animation>
								<left>10</left>
								<top>55</top>
								<width>200</width>
								<height>300</height>
								<aspectratio>stretch</aspectratio>
								<texture>shell/1080p.png</texture>
								<visible>String.Contains(ListItem.VideoResolution,720)</visible>
							</control>
							<control type="image">
								<animation type="focus" loop="false" reversible="false">
									<effect type="zoom" start="95" end="110" center="auto" tween="sine" easing="out" time="200"/>
								</animation>
								<left>10</left>
								<top>55</top>
								<width>200</width>
								<height>300</height>
								<aspectratio>stretch</aspectratio>
								<texture>shell/1080p.png</texture>
								<visible>String.Contains(ListItem.VideoResolution,1080)</visible>
							</control>
							<control type="image">
								<animation type="focus" loop="false" reversible="false">
									<effect type="zoom" start="95" end="110" center="auto" tween="sine" easing="out" time="200"/>
								</animation>
								<left>10</left>
								<top>55</top>
								<width>200</width>
								<height>300</height>
								<aspectratio>stretch</aspectratio>
								<texture background="true">shell/4k.png</texture>
								<visible>String.Contains(ListItem.VideoResolution,4k)</visible>
							</control>
							<control type="image">
								<animation type="focus" loop="false" reversible="false">
									<effect type="zoom" start="95" end="110" center="auto" tween="sine" easing="out" time="200"/>
								</animation>
								<left>10</left>
								<top>55</top>
								<width>200</width>
								<height>300</height>
								<aspectratio>stretch</aspectratio>
								<texture background="true">shell/set.png</texture>
								<visible>ListItem.IsCollection</visible>
							</control>
							<control type="label">
								<animation type="focus" loop="false" reversible="false">
									<effect type="zoom" start="0" end="110" center="auto" tween="sine" easing="out" time="200"/>
								</animation>
								<left>10</left>
								<top>40</top>
								<width>200</width>
								<height>25</height>
								<font>breadcrumb.shell.small</font>
								<align>center</align>
								<aligny>center</aligny>
								<textcolor>white</textcolor>
								<shadowcolor>black</shadowcolor>
								<label>[B]FILMREIHE[/B]</label>
								<visible>ListItem.IsCollection</visible>
							</control>
						</control>
						<control type="group">
						<visible>!Skin.HasSetting(View508HideTVshowShell)</visible>
						<visible>Library.HasContent(TVShows)</visible>
							<control type="image">
								<animation type="focus" loop="false" reversible="false">
									<effect type="zoom" start="95" end="110" center="auto" tween="sine" easing="out" time="200"/>
								</animation>
								<left>10</left>
								<top>55</top>
								<width>200</width>
								<height>300</height>
								<aspectratio>stretch</aspectratio>
								<texture>shell/tvshow.png</texture>
								<visible>Container.Content(TVShows) | Container.Content(Seasons)</visible>
								<visible>!String.IsEmpty(ListItem.Rating)</visible>
							</control>
							<control type="label">
								<animation type="focus" loop="false" reversible="false">
									<effect type="zoom" start="0" end="110" center="auto" tween="sine" easing="out" time="200"/>
								</animation>
								<left>10</left>
								<top>40</top>
								<width>200</width>
								<height>25</height>
								<font>breadcrumb.shell</font>
								<align>center</align>
								<aligny>center</aligny>
								<textcolor>white</textcolor>
								<shadowcolor>black</shadowcolor>
								<label>[B]SERIE[/B]</label>
								<visible>Container.Content(TVShows) | Container.Content(Seasons)</visible>
								<visible>!String.IsEmpty(ListItem.Rating)</visible>
							</control>
						</control>
						<control type="image">
							<left>180</left>
							<top>38</top>
							<width>34</width>
							<height>30</height>
							<texture>$INFO[ListItem.Overlay]</texture>
							<visible>Window.IsVisible(Videos) + !ListItem.IsResumable</visible>
						</control>
						<control type="image">
							<left>180</left>
							<top>38</top>
							<width>34</width>
							<height>30</height>
							<texture>OverlayWatching.png</texture>
							<visible>Window.IsVisible(Videos) + ListItem.IsResumable</visible>
						</control>
					</focusedlayout>
				</control>
				<control type="scrollbar" id="608">
					<left>10</left>
					<top>400</top>
					<width>1880</width>
					<height>5</height>
					<onup>508</onup>
					<ondown>9000</ondown>
					<showonepage>false</showonepage>
					<orientation>horizontal</orientation>
					<visible>Control.IsVisible(508)</visible>
				</control>
			</control>
		</control>
	</include>
	<include name="PosterWrapView">
		<control type="group">
			<visible>Control.IsVisible(501)</visible>
			<left>20</left>
			<top>20</top>
			<width>1880</width>
			<height>1060</height>
			<control type="group">
			<visible>!Skin.HasSetting(View501HideInfo)</visible>
			<control type="group">
				<visible>!Skin.HasSetting(View501HideLogo)</visible>
				<control type="image">
					<visible>!Skin.HasSetting(Shadow)</visible>
					<left>200</left>
					<top>305</top>
					<width>400</width>
					<height>155</height>
					<aspectratio>keep</aspectratio>
					<texture colordiffuse="black">$INFO[ListItem.Art(tvshow.clearlogo)]</texture>
				</control>
				<control type="image">
					<left>195</left>
					<top>300</top>
					<width>400</width>
					<height>155</height>
					<aspectratio>keep</aspectratio>
					<texture>$INFO[ListItem.Art(tvshow.clearlogo)]</texture>
				</control>
			</control>	
			<control type="label">
				<visible>!Skin.HasSetting(Shadow)</visible>
				<left>13</left>
				<top>418</top>
				<width>770</width>
				<height>35</height>
				<font>button2</font>
				<align>center</align>
				<aligny>center</aligny>
				<textcolor>black</textcolor>
				<shadowcolor>black</shadowcolor>
				<label>[B]$INFO[Container.ShowTitle][/B]</label>
				<visible>String.IsEmpty(ListItem.Art(tvshow.clearlogo))</visible>
			</control>
			<control type="label">
				<left>10</left>
				<top>415</top>
				<width>770</width>
				<height>35</height>
				<font>button2</font>
				<align>center</align>
				<aligny>center</aligny>
				<textcolor>$INFO[Skin.String(color.500)]</textcolor>
				<shadowcolor>black</shadowcolor>
				<label>[B]$INFO[Container.ShowTitle][/B]</label>
				<visible>String.IsEmpty(ListItem.Art(tvshow.clearlogo))</visible>
			</control>
			<control type="label">
				<visible>!Skin.HasSetting(Shadow)</visible>
				<left>13</left>
				<top>473</top>
				<width>770</width>
				<height>35</height>
				<font>button2</font>
				<align>center</align>
				<aligny>center</aligny>
				<textcolor>black</textcolor>
				<shadowcolor>black</shadowcolor>
				<label>$LOCALIZE[20360]: $INFO[Container(501).NumItems] $LOCALIZE[16101]: $INFO[Container.TotalUnWatched]</label>
				<visible>!String.IsEmpty(ListItem.episode)</visible>
			</control>
			<control type="label">
				<left>10</left>
				<top>470</top>
				<width>770</width>
				<height>35</height>
				<font>button2</font>
				<align>center</align>
				<aligny>center</aligny>
				<textcolor>$INFO[Skin.String(color.500)]</textcolor>
				<shadowcolor>black</shadowcolor>
				<label>[COLORwhite]$LOCALIZE[20360]:[/COLOR] $INFO[Container(501).NumItems] [COLORwhite]$LOCALIZE[16101]:[/COLOR] $INFO[Container.TotalUnWatched]</label>
				<visible>!String.IsEmpty(ListItem.episode)</visible>
			</control>
			<control type="label">
				<visible>!Skin.HasSetting(Shadow)</visible>
				<left>13</left>
				<top>528</top>
				<width>770</width>
				<height>35</height>
				<font>button2</font>
				<align>center</align>
				<aligny>center</aligny>
				<textcolor>black</textcolor>
				<shadowcolor>black</shadowcolor>
				<label>Gesamte Laufzeit: $INFO[Container.Totaltime]</label>
				<visible>!String.IsEmpty(Container.Totaltime)</visible>
			</control>
			<control type="label">
				<left>10</left>
				<top>525</top>
				<width>770</width>
				<height>35</height>
				<font>button2</font>
				<align>center</align>
				<aligny>center</aligny>
				<textcolor>$INFO[Skin.String(color.500)]</textcolor>
				<shadowcolor>black</shadowcolor>
				<label>[COLORwhite]Gesamte Laufzeit:[/COLOR] $INFO[Container.Totaltime]</label>
				<visible>!String.IsEmpty(Container.Totaltime)</visible>
			</control>
			<control type="textbox">
				<visible>!Skin.HasSetting(Shadow)</visible>
				<left>13</left>
				<top>583</top>
				<width>770</width>
				<height>315</height>
				<font>font12</font>
				<align>justify</align>
				<textcolor>black</textcolor>
				<shadowcolor>black</shadowcolor>
				<label fallback="Keine Informationen verfügbar">$INFO[Container.ShowPlot]</label>
				<autoscroll time="2000" delay="6000" repeat="10000">true</autoscroll>
			</control>
			<control type="textbox">
				<left>10</left>
				<top>580</top>
				<width>770</width>
				<height>315</height>
				<font>font12</font>
				<align>justify</align>
				<textcolor>white</textcolor>
				<shadowcolor>black</shadowcolor>
				<label fallback="Keine Informationen verfügbar">$INFO[Container.ShowPlot]</label>
				<autoscroll time="2000" delay="6000" repeat="10000">true</autoscroll>
			</control>
			</control>
			<control type="list" id="501">
				<visible>Container.Content(Episodes)</visible>
				<left>810</left>
				<width>1880</width>
				<height>960</height>
				<onleft>9000</onleft>
				<onright></onright>
				<onup>501</onup>
				<ondown>501</ondown>
				<viewtype label="Thumb">list</viewtype>
				<pagecontrol>601</pagecontrol>
				<scrolltime>200</scrolltime>
				<orientation>vertical</orientation>
				<preloaditems>4</preloaditems>
				<focusposition>1</focusposition>
				<movement>3</movement>
				<itemlayout height="240" width="400">
					<control type="image">
						<visible>!Skin.HasSetting(Shadow)</visible>
						<left>7</left>
						<top>7</top>
						<width>396</width>
						<height>221</height>
						<aspectratio>stretch</aspectratio>
						<texture colordiffuse="black" background="true">$VAR[PosterThumb]</texture>
						<visible>!String.Contains(ListItem.Icon,Default) | !String.Contains(ListItem.Art(poster),Default)</visible>
					</control>
					<control type="image">
						<left>2</left>
						<top>2</top>
						<width>396</width>
						<height>221</height>
						<aspectratio>stretch</aspectratio>
						<texture background="true">$VAR[PosterThumb]</texture>
						<visible>!String.Contains(ListItem.Icon,Default) | !String.Contains(ListItem.Art(poster),Default)</visible>
					</control>
					<control type="label">
						<visible>!Skin.HasSetting(Shadow)</visible>
						<left>440</left>
						<top>1</top>
						<width>570</width>
						<height>35</height>
						<font>button2</font>
						<textcolor>black</textcolor>
						<align>left</align>
						<label>$INFO[ListItem.Label]</label>
						<scroll>true</scroll>
					</control>
					<control type="label">
						<left>440</left>
						<top>-2</top>
						<width>625</width>
						<height>35</height>
						<font>button2</font>
						<textcolor>grey</textcolor>
						<align>left</align>
						<label>$INFO[ListItem.Label]</label>
						<scroll>true</scroll>
					</control>
					<control type="image">
						<left>355</left>
						<top>0</top>
						<width>45</width>
						<height>40</height>
						<texture>$INFO[ListItem.Overlay]</texture>
						<visible>Window.IsVisible(Videos) + !ListItem.IsResumable</visible>
					</control>
					<control type="image">
						<left>355</left>
						<top>0</top>
						<width>45</width>
						<height>40</height>
						<texture>OverlayWatching.png</texture>
						<visible>Window.IsVisible(Videos) + ListItem.IsResumable</visible>
					</control>
				</itemlayout>
				<focusedlayout height="240" width="400">
					<control type="image">
						<animation type="focus" loop="false" reversible="false">
							<effect type="zoom" start="95" end="110" center="auto" tween="sine" easing="out" time="200"/>
						</animation>
						<left>0</left>
						<top>0</top>
						<width>400</width>
						<height>225</height>
						<aspectratio>stretch</aspectratio>
						<texture background="true">$VAR[PosterThumb]</texture>
						<bordersize>2</bordersize>
						<bordertexture colordiffuse="$INFO[Skin.String(color.500)]">backgrounds/white.png</bordertexture>
						<visible>!String.Contains(ListItem.Icon,Default) | !String.Contains(ListItem.Art(poster),Default)</visible>
					</control>
					<control type="label">
						<visible>!Skin.HasSetting(Shadow)</visible>
						<left>443</left>
						<top>-9</top>
						<width>570</width>
						<height>35</height>
						<font>button2</font>
						<textcolor>black</textcolor>
						<align>left</align>
						<label>$INFO[ListItem.Label]</label>
						<scroll>true</scroll>
					</control>
					<control type="label">
						<left>440</left>
						<top>-12</top>
						<width>625</width>
						<height>35</height>
						<font>button2</font>
						<textcolor>$INFO[Skin.String(color.500)]</textcolor>
						<align>left</align>
						<label>$INFO[ListItem.Label]</label>
						<scroll>true</scroll>
					</control>
					<control type="group">
					<visible>!Skin.HasSetting(View501HideInfo)</visible>
					<control type="image">
						<visible>!Skin.HasSetting(Shadow)</visible>
						<left>433</left>
						<top>33</top>
						<width>50</width>
						<height>50</height>
						<aspectratio>keep</aspectratio>
						<texture colordiffuse="black">icons/clock.png</texture>
						<visible>!String.IsEmpty(ListItem.Duration)</visible>
					</control>
					<control type="image">
						<left>430</left>
						<top>30</top>
						<width>50</width>
						<height>50</height>
						<aspectratio>keep</aspectratio>
						<texture>icons/clock.png</texture>
						<visible>!String.IsEmpty(ListItem.Duration)</visible>
					</control>
					<control type="label">
						<visible>!Skin.HasSetting(Shadow)</visible>
						<left>483</left>
						<top>37</top>
						<width>670</width>
						<height>35</height>
						<font>button2</font>
						<textcolor>black</textcolor>
						<align>left</align>
						<label>$INFO[ListItem.Duration]</label>
						<scroll>true</scroll>
					</control>
					<control type="label">
						<left>480</left>
						<top>35</top>
						<width>670</width>
						<height>35</height>
						<font>button2</font>
						<textcolor>$INFO[Skin.String(color.500)]</textcolor>
						<align>left</align>
						<label>$INFO[ListItem.Duration]</label>
						<scroll>true</scroll>
					</control>
					<control type="image">
						<visible>!Skin.HasSetting(Shadow)</visible>
						<left>598</left>
						<top>33</top>
						<width>50</width>
						<height>50</height>
						<aspectratio>keep</aspectratio>
						<texture colordiffuse="black">icons/genre.png</texture>
						<visible>!String.IsEmpty(ListItem.Genre)</visible>
					</control>
					<control type="image">
						<left>595</left>
						<top>30</top>
						<width>50</width>
						<height>50</height>
						<aspectratio>keep</aspectratio>
						<texture>icons/genre.png</texture>
						<visible>!String.IsEmpty(ListItem.Genre)</visible>
					</control>
					<control type="label">
						<visible>!Skin.HasSetting(Shadow)</visible>
						<left>648</left>
						<top>35</top>
						<width>420</width>
						<height>35</height>
						<font>button2</font>
						<textcolor>black</textcolor>
						<align>left</align>
						<label>$INFO[ListItem.Genre]</label>
						<scroll>true</scroll>
					</control>
					<control type="label">
						<left>645</left>
						<top>35</top>
						<width>420</width>
						<height>35</height>
						<font>button2</font>
						<textcolor>$INFO[Skin.String(color.500)]</textcolor>
						<align>left</align>
						<label>$INFO[ListItem.Genre]</label>
						<scroll>true</scroll>
					</control>
					<control type="textbox">
						<visible>!Skin.HasSetting(Shadow)</visible>
						<left>443</left>
						<top>93</top>
						<width>625</width>
						<height>100</height>
						<font>font12</font>
						<align>justify</align>
						<textcolor>black</textcolor>
						<shadowcolor>black</shadowcolor>
						<label>$INFO[ListItem.Plot]</label>
						<autoscroll time="3000" delay="6000" repeat="10000">true</autoscroll>
					</control>
					<control type="textbox">
						<left>440</left>
						<top>90</top>
						<width>625</width>
						<height>100</height>
						<font>font12</font>
						<align>justify</align>
						<textcolor>white</textcolor>
						<shadowcolor>black</shadowcolor>
						<label>$INFO[ListItem.Plot]</label>
						<autoscroll time="3000" delay="6000" repeat="10000">true</autoscroll>
					</control>
					<control type="group">
					<visible>!Skin.HasSetting(View501HideFlag)</visible>
					<visible>!String.IsEmpty(ListItem.AudioChannels,flags/audio/,.png)</visible>
						<left>610</left>455r
						<top>200</top>
						<control type="image">
							<visible>!Skin.HasSetting(Shadow)</visible>
							<left>-84</left>
							<top>2</top>
							<width>86</width>
							<height>33</height>
							<texture colordiffuse="black">flags/resolution/HDR.png</texture>
							<aspectratio>keep</aspectratio>
							<visible>String.Contains(ListItem.Filename,HDR)</visible>
						</control>
						<control type="image">
							<left>-86</left>
							<top>0</top>
							<width>86</width>
							<height>33</height>
							<texture>flags/resolution/HDR.png</texture>
							<aspectratio>keep</aspectratio>
							<visible>String.Contains(ListItem.Filename,HDR)</visible>
						</control>
						<control type="image">
							<visible>!Skin.HasSetting(Shadow)</visible>
							<left>7</left>
							<top>2</top>
							<width>86</width>
							<height>33</height>
							<texture colordiffuse="black">$INFO[ListItem.VideoAspect,flags/aspectratio/,.png]</texture>
							<aspectratio>keep</aspectratio>
						</control>
						<control type="image">
							<left>5</left>
							<top>0</top>
							<width>86</width>
							<height>33</height>
							<texture>$INFO[ListItem.VideoAspect,flags/aspectratio/,.png]</texture>
							<aspectratio>keep</aspectratio>
						</control>
						<control type="image">
							<visible>!Skin.HasSetting(Shadow)</visible>
							<left>98</left>
							<top>2</top>
							<width>86</width>
							<height>33</height>
							<texture colordiffuse="black">$INFO[ListItem.VideoResolution,flags/resolution/,.png]</texture>
							<aspectratio>keep</aspectratio>
						</control>
						<control type="image">
							<left>96</left>
							<top>0</top>
							<width>86</width>
							<height>33</height>
							<texture>$INFO[ListItem.VideoResolution,flags/resolution/,.png]</texture>
							<aspectratio>keep</aspectratio>
						</control>
						<control type="image">
							<visible>!Skin.HasSetting(Shadow)</visible>
							<left>189</left>
							<top>2</top>
							<width>86</width>
							<height>33</height>
							<texture colordiffuse="black">$INFO[ListItem.VideoCodec,flags/videocodec/,.png]</texture>
							<aspectratio>keep</aspectratio>
						</control>
						<control type="image">
							<left>187</left>
							<top>0</top>
							<width>86</width>
							<height>33</height>
							<texture>$INFO[ListItem.VideoCodec,flags/videocodec/,.png]</texture>
							<aspectratio>keep</aspectratio>
						</control>
						<control type="image">
							<visible>!Skin.HasSetting(Shadow)</visible>
							<left>280</left>
							<top>2</top>
							<width>86</width>
							<height>33</height>
							<texture colordiffuse="black">$INFO[ListItem.AudioCodec,flags/audio/,.png]</texture>
							<aspectratio>keep</aspectratio>
							<visible>!String.Contains(ListItem.FilenameAndPath,.atmos)</visible>
						</control>
						<control type="image">
							<left>278</left>
							<top>0</top>
							<width>86</width>
							<height>33</height>
							<texture>$INFO[ListItem.AudioCodec,flags/audio/,.png]</texture>
							<aspectratio>keep</aspectratio>
							<visible>!String.Contains(ListItem.FilenameAndPath,.atmos)</visible>
						</control>
						<control type="image">
							<visible>!Skin.HasSetting(Shadow)</visible>
							<left>280</left>
							<top>2</top>
							<width>86</width>
							<height>33</height>
							<texture colordiffuse="black">flags/audio/atmos.png</texture>
							<aspectratio>keep</aspectratio>
							<visible>String.Contains(ListItem.FilenameAndPath,.atmos)</visible>
						</control>
						<control type="image">
							<left>278</left>
							<top>0</top>
							<width>86</width>
							<height>33</height>
							<texture>flags/audio/atmos.png</texture>
							<aspectratio>keep</aspectratio>
							<visible>String.Contains(ListItem.FilenameAndPath,.atmos)</visible>
						</control>
						<control type="image">
							<visible>!Skin.HasSetting(Shadow)</visible>
							<left>371</left>
							<top>2</top>
							<width>86</width>
							<height>33</height>
							<texture colordiffuse="black">$INFO[ListItem.AudioChannels,flags/audio/,.png]</texture>
							<aspectratio>keep</aspectratio>
						</control>
						<control type="image">
							<left>369</left>
							<top>0</top>
							<width>86</width>
							<height>33</height>
							<texture>$INFO[ListItem.AudioChannels,flags/audio/,.png]</texture>
							<aspectratio>keep</aspectratio>
						</control>
					</control>
					<control type="group">
					<visible>!Skin.HasSetting(View501HideFlag)</visible>
						<control type="image">
							<visible>!Skin.HasSetting(Shadow)</visible>
							<left>438</left>
							<top>190</top>
							<width>50</width>
							<height>50</height>
							<aspectratio>keep</aspectratio>
							<texture colordiffuse="black">$VAR[mpaa]</texture>
						</control>
						<control type="image">
							<left>435</left>
							<top>187</top>
							<width>50</width>
							<height>50</height>
							<aspectratio>keep</aspectratio>
							<texture>$VAR[mpaa]</texture>
						</control>
					</control>
				</control>
				<control type="image">
					<left>370</left>
					<top>-10</top>
					<width>45</width>
					<height>40</height>
					<texture>$INFO[ListItem.Overlay]</texture>
					<visible>Window.IsVisible(Videos) + !ListItem.IsResumable</visible>
				</control>
				<control type="image">
					<left>370</left>
					<top>-10</top>
					<width>45</width>
					<height>40</height>
					<texture>OverlayWatching.png</texture>
					<visible>Window.IsVisible(Videos) + ListItem.IsResumable</visible>
				</control>
				</focusedlayout>
			</control>
		</control>
	</include>
</includes>