<?xml version="1.0" encoding="UTF-8" standalone="yes"?>
<addon id="repository.supernmatrix.addons" name="SuperN Matrix Repo" version="1.0.8" provider-name="nj4n">
    <requires>
            <import addon="xbmc.addon" version="12.0.0"/>
        </requires>
	<extension point="xbmc.addon.repository" name="SuperN Matrix Repo">
         
				<dir minversion="18.9.9">
					<info>https://notjust4nerds.de/Kodi/Repo/matrix/addons.xml</info>
					<checksum>https://notjust4nerds.de/Kodi/Repo/matrix/addons.xml.md5</checksum>
					<datadir>https://notjust4nerds.de/Kodi/Repo/matrix/</datadir>
					<hashes>false</hashes>
				</dir>
        </extension>
		<extension point="xbmc.addon.metadata">
            <summary>SuperN Matrix Repo</summary>
            <description>

			</description>
            <disclaimer>
Für den Inhalt der verschiedenen Erweiterungen sind wir NICHT verantwortlich!			
			</disclaimer>
			<language>de</language>
			<platform>all</platform>
			<website></website>
			<news>
[B]1.0.8[/B]
+ Kodi 19 Matrix Repository kompatibles 
			</news>
			<assets>
				<icon>resources/icon.png</icon>
				<fanart>resources/fanart.jpg</fanart>
				<screenshot></screenshot>
				<screenshot></screenshot>
				<screenshot></screenshot>
			</assets>
    </extension>
</addon>