<?xml version="1.0" encoding="UTF-8"?>
<window>
    <defaultcontrol>9000</defaultcontrol>
    <include>Animation.Dialog</include>
    <coordinates>
        <system>1</system>
        <left>0</left>
        <top>0</top>
    </coordinates>
    <controls>
		<control type="group">
			<left>0</left>
			<top>180</top>
			<include>Animation.Common</include>
		
			<control type="group">
				<left>552</left>
				<top>40</top>
				<control type="label" id="52">
					<visible>False</visible>
					<description>Stubebox Version</description>
					<width>658</width>
					<height>115</height>
					<label>144</label>
					<align>left</align>
					<textcolor>$VAR[ColorHighlightVar]</textcolor>
					<wrapmultiline>true</wrapmultiline>
					<font>font15</font>
				</control>
				<control type="label">
					<description>CPU Text</description>
					<left>510</left>
					<top>20</top>
					<width>360</width>
					<height>24</height>
					<label>$LOCALIZE[13271]</label>
					<align>right</align>
					<font>font12_title</font>
				</control>
				<control type="progress">
					<description>CPU BAR</description>
					<left>880</left>
					<top>20</top>
					<width>380</width>
					<height>24</height>
					<info>System.CPUUsage</info>
				</control>
				<control type="label">
					<description>Memory Text</description>
					<left>510</left>
					<top>70</top>
					<width>360</width>
					<height>24</height>
					<label>$LOCALIZE[31309]</label>
					<align>right</align>
					<font>font12_title</font>
				</control>
				<control type="progress">
					<description>Memory BAR</description>
					<left>880</left>
					<top>70</top>
					<width>380</width>
					<height>24</height>
					<info>system.memory(used)</info>
				</control>
			</control>
		</control>
		<control type="scrollbar" id="60">
			<visible allowhiddenfocus="true">Control.HasFocus(60)</visible>
			<animation effect="fade" time="150" tween="sine" easing="inout" start="0" end="100">Visible</animation>
			<left>1910</left>
			<top>120</top>
			<width>10</width>
			<height>960</height>
			<onleft>100</onleft>
			<onright>100</onright>
			<ondown>60</ondown>
			<onup>60</onup>
		</control>
		<include>Topbar</include>
		<include>SettingsMediaMenu</include>
	</controls>
</window>