<?xml version="1.0" encoding="UTF-8"?>
<window>
	<defaultcontrol always="true">2</defaultcontrol>
	<menucontrol>9051</menucontrol>
	<onload>SetProperty(Window.HasSettings,True,home)</onload>
	<onload>ClearProperty(MediaMenu,Home)</onload>
	<onunload>ClearProperty(Window.HasSettings,Home)</onunload>
	<allowoverlay>no</allowoverlay>
	<controls>
            <control type="image">
    			<include>FullscreenDimensions</include>
    			<texture>black4.png</texture>
    		</control>
			<control type="videowindow">
				<left>50</left>
				<top>-500</top>
				<width>412</width>
				<height>234</height>
				<visible>Player.HasVideo + !SlideShow.IsActive</visible>
			</control>
		<control type="group">
			<left>0</left>
			<top>210</top>
			<include>Animation.Common</include>
			<control type="group">
                <visible>Integer.IsGreater(Container(2).NumItems,0)</visible>
                <animation effect="fade" time="320" delay="300">Visible</animation>
                <control type="image">
                    <visible>Control.HasFocus(2)</visible>
                    <left>95</left>
                    <top>10</top>
                    <width>330</width>
                    <height>370</height>
                    <include>FocusedBackgroundFade</include>
                    <texture colordiffuse="$VAR[ColorHighlightVar]" border="5">listselect_fo.png</texture>
                    <animation effect="slide" end="0,390" time="150" tween="cubic" easing="inout" condition="Integer.IsGreater(Container(2).Row,0)">Conditional</animation>
                </control>
            </control>
			<control type="panel" id="2">
				<top>0</top>
                <left>85</left>
                <width>350</width>
                <height>780</height>
                <onright>9001</onright>
				<onleft>SetProperty(MediaMenu,True,home)</onleft>
				<onleft>SetFocus(9050)</onleft>
				<scrolltime tween="quadratic" easing="out">300</scrolltime>
				<orientation>vertical</orientation>
				<itemlayout height="390" width="350">
                    <include>ThumbnailItemBackground</include>
                    <control type="label">
                        <left>20</left>
                        <right>20</right>
                        <top>327</top>
                        <height>50</height>
                        <label>$INFO[ListItem.Label]</label>
                    </control>
                    <control type="image">
                        <left>20</left>
                        <top>20</top>
                        <right>20</right>
                        <height>310</height>
                        <aspectratio scalediffuse="false" align="center" aligny="center">keep</aspectratio>
                        <texture background="true" fallback="DefaultIconProfile.png" diffuse="diffuse/thumbnail.png">$VAR[ProfileIconVar]</texture>
                    </control>
                    <control type="image">
                        <top>20</top>
                        <left>20</left>
                        <right>20</right>
                        <height>310</height>
                        <texture border="5">overlays/diffuse-overlay.png</texture>
                    </control>
                </itemlayout>

                <focusedlayout height="390" width="350">
                    <include>ThumbnailItemBackground</include>
                    <control type="label">
                        <left>20</left>
                        <right>20</right>
                        <top>327</top>
                        <height>50</height>
                        <label>$INFO[ListItem.Label]</label>
                    </control>
                    <control type="image">
                        <left>20</left>
                        <top>20</top>
                        <right>20</right>
                        <height>310</height>
                        <aspectratio scalediffuse="false" align="center" aligny="center">keep</aspectratio>
                        <texture background="true" fallback="DefaultIconProfile.png" diffuse="diffuse/thumbnail.png">$VAR[ProfileIconVar]</texture>
                    </control>
                    <control type="image">
                        <animation center="auto" condition="Control.HasFocus(2)" easing="inout" effect="fade" end="0" start="100" time="150" tween="sine">Focus</animation>
                        <animation center="auto" condition="Control.HasFocus(2)" easing="inout" effect="fade" end="100" start="0" time="150" tween="sine">UnFocus</animation>
                        <top>20</top>
                        <left>20</left>
                        <right>20</right>
                        <height>310</height>
                        <texture border="5">overlays/diffuse-overlay.png</texture>
                    </control>
                </focusedlayout>
			</control>
			<control type="group">
                <include>VisibleFadeEffect</include>
                <visible>Control.HasFocus(2)</visible>
                <height>30</height>
                <top>-52</top>
                <left>242</left>
                <control type="label">
                    <visible>Container(2).HasPrevious</visible>
                    <width>30</width>
                    <height>30</height>
                    <align>center</align>
                    <label>s</label>
                    <font>IconTiny</font>
                    <textcolor>disabled</textcolor>
                </control>
                <control type="label">
                    <visible>Container(2).HasNext</visible>
                    <top>860</top>
                    <width>30</width>
                    <height>30</height>
                    <align>center</align>
                    <label>t</label>
                    <font>IconTiny</font>
                    <textcolor>disabled</textcolor>
                </control>
            </control>
			
			<control type="grouplist" id="9001">
				<description>control area</description>
				<left>522</left>
				<top>10</top>
				<width>1316</width>
				<height>720</height>
				<itemgap>0</itemgap>
				<pagecontrol />
				<onleft>2</onleft>
				<onright>2</onright>
				<onup>9001</onup>
				<ondown>9001</ondown>
				<control type="radiobutton" id="4">
					<description>Enable Login screen</description>
					<label>20096</label>
					<width>1316</width>
					<height>90</height>
					<font>font15</font>
					<textoffsetx>30</textoffsetx>
				</control>
				<control type="button" id="5">
					<description>Auto Login</description>
					<label>$LOCALIZE[33084]</label>
					<label2>$INFO[System.ProfileAutoLogin]</label2>
					<width>1316</width>
					<height>90</height>
					<font>font15</font>
					<textoffsetx>30</textoffsetx>
					<enable>!System.HasLoginScreen</enable>
				</control>
			</control>
			<control type="group">
				<left>740</left>
				<top>680</top>
				<control type="image">
					<left>1000</left>
					<width>100</width>
					<height>100</height>
					<aspectratio align="center" aligny="center" scalediffuse="false">keep</aspectratio>
					<texture fallback="DefaultActor.png" diffuse="diffuse/list-icon.png">$INFO[System.ProfileThumb]</texture>
				</control>
				<control type="label">
					<width>980</width>
					<height>100</height>
					<align>right</align>
					<wrapmultiline>true</wrapmultiline>
					<textoffsetx>15</textoffsetx>
					<font>font30</font>
					<label>$LOCALIZE[20125] $INFO[System.ProfileName]</label>
				</control>
			</control>
		</control>
		<include>Topbar</include>
		<include>SettingsMediaMenu</include>
	</controls>
</window>