<?xml version="1.0" encoding="UTF-8" standalone="yes"?>
<addon id="plugin.video.xtream-codes9" name="Xtream-Codes IPTV9" version="22.2" provider-name="">
  <requires>
    <import addon="xbmc.python" version="2.1.0"/>
	<import addon="script.module.addon.common" />
  </requires>
  <extension point="xbmc.python.pluginsource" library="init.py">
        <provides>video executable</provides>
  </extension>
  <extension point="xbmc.addon.metadata">
    <summary lang="en">Xtream-Codes IPTV</summary>
    <website>http://www.xtream-codes.com/</website>
    <description lang="en">IPTV Addon for Xteam-Codes iptv panel.</description>
    <forum>http://www.xtream-codes.com/forum</forum>
    <email></email>
    <disclaimer lang="en"></disclaimer>
    <platform>all</platform>
  </extension>
</addon>
