<?xml version="1.0" encoding="UTF-8" standalone="yes"?>
<addon id="repository.xship" name="xShip Repository" version="1.1" provider-name="Xship-Team">
    <extension point="xbmc.addon.repository" name="xShip Repository">
        <info compressed="false">https://raw.githubusercontent.com/watchone/repository.xship/master/zips/addons.xml</info>
        <checksum>https://raw.githubusercontent.com/watchone/repository.xship/master/zips/addons.xml.md5</checksum>
        <datadir zip="true">https://raw.githubusercontent.com/watchone/repository.xship/master/zips/</datadir>
    </extension>
    <extension point="xbmc.addon.metadata">
        <summary>xShip Repository</summary>
        <description>Repository for the installation of xShip</description>
        <disclaimer></disclaimer>
        <platform>all</platform>
        <assets>
            <icon>icon.png</icon>
            <fanart>fanart.jpg</fanart>
        </assets>
    </extension>
</addon>