<?xml version="1.0" encoding="UTF-8" standalone="yes"?>
<addon id="script.module.donation"
  name="[COLOR white]SUPPORTE uns via PAYPAL[/COLOR]"
  version="3.0"
  provider-name="v">
  <requires>
    <import addon="xbmc.python" version="2.1.0"/>
	<import addon="script.module.requests" />
  </requires>
  <extension point="xbmc.python.script" library="v.py">
    <provides>all</provides>
  </extension>
  <extension point="xbmc.addon.metadata">
    <platform>all</platform>
    <summary lang="en">Hier könnt ihr uns unterstützen</summary>
    <description lang="en">Solltet Ihr zufrieden sein mit unserer Arbeit, dann freuen wir uns über jede  noch so Kleine Spende. Wie ihr sicherlich wisst kosten uns alleine schon die Server ein paar Euro. Mit diesen Stellen wir euch täglich neue Inhalte, Fixes und Updates zur Verfügung. Kostenlos. </description>
	<disclaimer></disclaimer>
  </extension>
</addon>
