<?xml version="1.0" encoding="UTF-8" standalone="yes"?>
<keymap>

	<fullscreenvideo>
		<keyboard>
			<c>XBMC.RunScript(special://home/userdata/addon_data/plugin.program.cabel.favourites/captureLauncher.py)</c>
			<menu>XBMC.RunScript(special://home/userdata/addon_data/plugin.program.cabel.favourites/captureLauncher.py)</menu>
                        <key id="61584">XBMC.RunScript(special://home/userdata/addon_data/plugin.program.cabel.favourites/captureLauncher.py)</key>
		</keyboard>
	</fullscreenvideo>
	
	<Global>
	
		<touch>
			<tap pointers="2">XBMC.RunScript(special://home/userdata/addon_data/plugin.program.cabel.favourites/captureLauncher.py)</tap>
			<longpress>XBMC.RunScript(special://home/userdata/addon_data/plugin.program.cabel.favourites/captureLauncher.py)</longpress>
		</touch>
		
		<keyboard>
			<c>XBMC.RunScript(special://home/userdata/addon_data/plugin.program.cabel.favourites/captureLauncher.py)</c>
			<menu>XBMC.RunScript(special://home/userdata/addon_data/plugin.program.cabel.favourites/captureLauncher.py)</menu>
                        <key id="61584">XBMC.RunScript(special://home/userdata/addon_data/plugin.program.cabel.favourites/captureLauncher.py)</key>
		</keyboard>
		
		<mouse>
			<rightclick>XBMC.RunScript(special://home/userdata/addon_data/plugin.program.cabel.favourites/captureLauncher.py)</rightclick>
		</mouse>
		
		<remote>
		      <title>XBMC.RunScript(special://home/userdata/addon_data/plugin.program.cabel.favourites/captureLauncher.py)</title>
		</remote>
		
		<joystick name="AppleRemote">
			<button id="1">Up</button>
			<button id="2">Down</button>
			<button id="3">Left</button>
			<button id="4">Right</button>
			<button id="5">Select</button>
			<button id="6">Back</button>
			<button id="7">Fullscreen</button>
			<button id="8">XBMC.RunScript(special://home/userdata/addon_data/plugin.program.cabel.favourites/captureLauncher.py)</button>
	    </joystick>
		
		<gamepad>
			<white>XBMC.RunScript(special://home/userdata/addon_data/plugin.program.cabel.favourites/captureLauncher.py)</white>
		</gamepad>
		
		<joystick name="Harmony">
			<button id="6">XBMC.RunScript(special://home/userdata/addon_data/plugin.program.cabel.favourites/captureLauncher.py)</button>
	    </joystick>
		
		<joystick name="Controller (XBOX 360 For Windows)">
			<altname>Afterglow Gamepad for Xbox 360 (Controller)</altname>
			<altname>Controller (Gamepad F310)</altname>
			<altname>Controller (Gamepad for Xbox 360)</altname>
			<altname>Controller (Rumble Gamepad F510)</altname>
			<altname>Controller (Wireless Gamepad F710)</altname>
			<altname>Controller (Xbox 360 Wireless Receiver for Windows)</altname>
			<altname>Controller (Xbox wireless receiver for windows)</altname>
			<altname>Controller (XBOX360 GAMEPAD)</altname>
			<altname>Wireless Gamepad F710 (Controller)</altname>
			<altname>XBOX 360 For Windows</altname>
			<altname>XBOX 360 For Windows (Controller)</altname>
			<altname>Xbox 360 Wireless Controller</altname>
			<altname>Xbox Receiver for Windows (Wireless Controller)</altname>
			<altname>Xbox wireless receiver for windows (Controller)</altname>
			<altname>Gamepad F310 (Controller)</altname>
			<button id="3">XBMC.RunScript(special://home/userdata/addon_data/plugin.program.cabel.favourites/captureLauncher.py)</button>
		</joystick>
		
		<joystick name="Microsoft X-Box 360 pad">
			<altname>BigBen Interactive XBOX 360 Controller</altname>
			<altname>Generic X-Box pad</altname>
			<altname>Logitech Chillstream Controller</altname>
			<altname>Mad Catz Wired Xbox 360 Controller</altname>
			<altname>Mad Catz Wired Xbox 360 Controller (SFIV)</altname>
			<altname>Pelican 'TSZ' Wired Xbox 360 Controller</altname>
			<altname>Pelican PL-3601 'TSZ' Wired Xbox 360 Controller</altname>
			<altname>Xbox 360 Wireless Receiver</altname>
			<button id="3">XBMC.RunScript(special://home/userdata/addon_data/plugin.program.cabel.favourites/captureLauncher.py)</button>
		</joystick>
		
		<joystick name="Microsoft Xbox Controller S">
			<altname>Mad Catz MicroCON</altname>
			<altname>Logitech Xbox Cordless Controller</altname>
			<altname>Microsoft X-Box pad (Japan)</altname>
			<button id="6">XBMC.RunScript(special://home/userdata/addon_data/plugin.program.cabel.favourites/captureLauncher.py)</button>
		</joystick>
				
		<joystick name="PLAYSTATION(R)3 Remote Keyboard">
			<altname>PS3 Remote Keyboard</altname>
			<altname>MoSart PS3 Remote Keyboard</altname>
			<button id="4">XBMC.RunScript(special://home/userdata/addon_data/plugin.program.cabel.favourites/captureLauncher.py)</button>
		</joystick>
		
		<joystick name="WiiRemote">
			<button id="10">XBMC.RunScript(special://home/userdata/addon_data/plugin.program.cabel.favourites/captureLauncher.py)</button>
		</joystick>
		
	</Global>
</keymap>

