{
    "name"              : "[COLOR yellow]KinoFox[/COLOR]",
     "language"          : "de",
    "plugin"            : "plugin.video.xstream",
    "is_resolvable"     : "true",
    "play_movie"        : [
                            "plugin://plugin.video.xstream/?function=showSearch&amp;params=0&amp;site=kinofox&amp;title=Suche&searchterm={title}",
                      	   {"keyboard": "{title}"},
                    		 {"title": "{title}"}
                         
                          ]
}

