{
    "name"              : "[COLOR yellow]Xstream Global[/COLOR]",
    "language"          : "de",
    "plugin"            : "plugin.video.xstream",
    "is_resolvable"     : "true",
    "play_movie"        : [
                            "plugin://plugin.video.xstream/?function=globalSearch&params=0&site=globalSearch&title=Global%20Suche&searchterm={title}",
                            {"title": "{title}", "year": "{year}"}
                          ],
    "play_episode"      : [
                            "plugin://plugin.video.xstream/?function=globalSearch&params=0&site=globalSearch&title=Global%20Suche&searchterm={showname}",
                            {"title": "{showname}"},
                            {"position": "{season}"},
                            {"season": "{season}", "episode": "{episode}"}
                          ],
    "search_movie"      : "plugin://plugin.video.xstream/?function=globalSearch&params=0&site=globalSearch&title=Global%20Suche&searchterm={title}",
    "search_episode"    : "plugin://plugin.video.xstream/?function=globalSearch&params=0&site=globalSearch&title=Global%20Suche&searchterm={showname}"
}