{
    "name"              : "[COLOR cyan]Xstream Global[/COLOR]",
     "language"          : "de",
    "plugin"            : "plugin.video.xstream",
    "is_resolvable"     : "true",
    "search_movie"      : [
                            "plugin://plugin.video.xstream/?function=globalSearch&params=0&site=globalSearch&title=Global%20Suche&searchterm={title}",
                            {"title": "{title}", "year": "{year}"}
                          ],
    "search_episode"    : [
							"plugin://plugin.video.xstream/?function=globalSearch&params=0&site=globalSearch&title=Global%20Suche&searchterm={showname}",
							{"keyboard": "{showname}"}
							]
}