<?xml version="1.0" encoding="UTF-8"?>
<window type="dialog" id="1100">
	<defaultcontrol always="true">100</defaultcontrol>
	<controls>
		<!--all content-->
		<control type="group">
			<centerleft>50%</centerleft>
			<width>1390</width>
			<visible>!Window.IsActive(1101)</visible>
			<animation effect="slide" start="2015,0" end="0,0" time="400" tween="quadratic" easing="out">WindowOpen</animation>
			<animation effect="slide" start="0,0" end="-2015,0" time="400" tween="quadratic" easing="out">WindowClose</animation>
			<animation effect="slide" start="-2015,0" end="0,0" time="400" tween="quadratic" easing="out">Visible</animation>
			<animation effect="slide" start="0,0" end="-2015,0" time="400" tween="quadratic" easing="out">Hidden</animation>
			<animation effect="slide" start="0,0" end="-125,0" time="300" condition="Window.IsActive(ShutdownMenu) + !String.IsEqual(Skin.AspectRatio,21:9)">Conditional</animation>
			<!--title bars and backgrounds-->
			<include content="DynamicDialogBackground">
				<param name="dialog-width" value="1390" />
				<param name="glow-width" value="1470" />
				<param name="subtitle-visible" value="true" />
				<param name="subtitle-height" value="70" />
				<param name="buttonbar-visible" value="true" />
				<param name="buttonbar-height" value="70" />
			</include>
			<!--close window button-->
			<control type="button">
				<left>5</left>
				<top>0</top>
				<width>50</width>
				<height>25</height>
				<label></label>
				<font></font>
				<onclick>PreviousMenu</onclick>
				<texturefocus>DialogCloseButton-focus.png</texturefocus>
				<texturenofocus>DialogCloseButton.png</texturenofocus>
				<onleft>2</onleft>
				<onright>13</onright>
				<onup>13</onup>
				<ondown>2</ondown>
				<visible>system.getbool(input.enablemouse)</visible>
			</control>
			<!--header-->
			<control type="label">
				<left>45</left>
				<top>25</top>
				<width>1300</width>
				<height>60</height>
				<font>info.title</font>
				<align>left</align>
				<aligny>center</aligny>
				<textcolor>white</textcolor>
				<label>$LOCALIZE[31920]</label>
			</control>
			<!--choose theme-->
			<control type="grouplist" id="9010">
				<top>120</top>
				<centerleft>50%</centerleft>
				<width>800</width>
				<height>60</height>
				<align>justify</align>
				<orientation>horizontal</orientation>
				<onleft>9010</onleft>
				<onright>9010</onright>
				<onup>9000</onup>
				<ondown>100</ondown>
				<!--light theme-->
				<control type="button" id="810">
					<width>200</width>
					<height>50</height>
					<label>$LOCALIZE[31917]</label>
					<align>center</align>
					<texturefocus colordiffuse="white">backgrounds/white.png</texturefocus>
					<textcolor>white</textcolor>
					<focusedcolor>$INFO[Skin.String(color.900)]</focusedcolor>
					<include>ButtonCommonValues</include>
					<onclick>Skin.SetString(color.primary, FFFFFFFF)</onclick>
					<onclick>Skin.SetString(color.tertiary, FFF1F1F1)</onclick>
					<onclick>Skin.SetString(color.disabled, AABBBBBB)</onclick>
					<onclick>Skin.SetString(color.text, FF666666)</onclick>
					<onclick>Skin.SetString(color.border, FFCCCCCC)</onclick>
				</control>
				<!--dark theme-->
				<control type="button" id="811">
					<width>200</width>
					<height>50</height>
					<label>$LOCALIZE[31918]</label>
					<align>center</align>
					<texturefocus colordiffuse="white">backgrounds/white.png</texturefocus>
					<textcolor>white</textcolor>
					<focusedcolor>$INFO[Skin.String(color.900)]</focusedcolor>
					<include>ButtonCommonValues</include>
					<onclick>Skin.SetString(color.primary, FF4BBEFC)</onclick>
					<onclick>Skin.SetString(color.tertiary, FF444444)</onclick>
					<onclick>Skin.SetString(color.disabled, AA606060)</onclick>
					<onclick>Skin.SetString(color.text, FFEEEEEE)</onclick>
					<onclick>Skin.SetString(color.border, FF555555)</onclick>
				</control>
			</control>
			<control type="group">
				<centertop>50%</centertop>
				<height>820</height>
				<!--scrollbar-->
				<control type="scrollbar" id="61">
					<left>35</left>
					<bottom>-25</bottom>
					<width>1305</width>
					<height>7</height>
					<onup>100</onup>
					<ondown>10</ondown>
					<orientation>horizontal</orientation>
				</control>
				<!--content-->
				<control type="panel" id="100">
					<!--colours-->
					<left>30</left>
					<top>80</top>
					<width>1350</width>
					<height>740</height>
					<onup>9010</onup>
					<ondown>61</ondown>
					<onleft>100</onleft>
					<onright>100</onright>
					<orientation>horizontal</orientation>
					<scrolltime>200</scrolltime>
					<preloaditems>4</preloaditems>
					<pagecontrol>61</pagecontrol>
					<itemlayout height="370" width="325">
						<!--theme image-->
						<control type="image">
							<left>5</left>
							<top>5</top>
							<width>315</width>
							<height>360</height>
							<texture background="true">$INFO[ListItem.Thumb]</texture>
						</control>
						<!--label-->
						<control type="label">
							<left>20</left>
							<top>40</top>
							<font>menu.title</font>
							<textcolor>white</textcolor>
							<label>$INFO[ListItem.Label]</label>
						</control>
					</itemlayout>
					<focusedlayout height="370" width="325">
						<!--theme image-->
						<control type="image">
							<left>0</left>
							<width>325</width>
							<height>370</height>
							<texture background="true">$INFO[ListItem.Thumb]</texture>
							<bordertexture colordiffuse="$INFO[Skin.String(color.text)]">backgrounds/white.png</bordertexture>
							<bordersize>5</bordersize>
						</control>
						<!--label-->
						<control type="label">
							<left>20</left>
							<top>40</top>
							<font>menu.title</font>
							<textcolor>white</textcolor>
							<label>$INFO[ListItem.Label]</label>
						</control>
					</focusedlayout>
					<content>
						<item id="1">
							<!--Red-->
							<label>31921</label>
							<onclick>Skin.SetString(color.500, FFE51C23)</onclick>
							<onclick>Skin.SetString(color.900, FF850A04)</onclick>
							<onclick>Skin.SetString(color.400, FFE84E40)</onclick>
							<onclick>Skin.SetString(color.alt, FFFFEB3B)</onclick>
							<thumb>colours/Red.png</thumb>
						</item>
						<item id="2">
							<!--Pink-->
							<label>31922</label>
							<onclick>Skin.SetString(color.500, FFE91E63)</onclick>
							<onclick>Skin.SetString(color.900, FF880E4F)</onclick>
							<onclick>Skin.SetString(color.400, FFEC407A)</onclick>
							<onclick>Skin.SetString(color.alt, FFFFEB3B)</onclick>
							<thumb>colours/Pink.png</thumb>
						</item>
						<item id="3">
							<!--Purple-->
							<label>31923</label>
							<onclick>Skin.SetString(color.500, FF9C27B0)</onclick>
							<onclick>Skin.SetString(color.900, FF5B1287)</onclick>
							<onclick>Skin.SetString(color.400, FFAB47BC)</onclick>
							<onclick>Skin.SetString(color.alt, FFFFEB3B)</onclick>
							<thumb>colours/Purple.png</thumb>
						</item>
						<item id="4">
							<!--Deep Purple-->
							<label>31924</label>
							<onclick>Skin.SetString(color.500, FF673AB7)</onclick>
							<onclick>Skin.SetString(color.900, FF341E96)</onclick>
							<onclick>Skin.SetString(color.400, FF7E57C2)</onclick>
							<onclick>Skin.SetString(color.alt, FFFFEB3B)</onclick>
							<thumb>colours/Deep Purple.png</thumb>
						</item>
						<item id="5">
							<!--Indigo-->
							<label>31925</label>
							<onclick>Skin.SetString(color.500, FF3F51B5)</onclick>
							<onclick>Skin.SetString(color.900, FF1C2688)</onclick>
							<onclick>Skin.SetString(color.400, FF5C6BC0)</onclick>
							<onclick>Skin.SetString(color.alt, FFFFEB3B)</onclick>
							<thumb>colours/Indigo.png</thumb>
						</item>
						<item id="6">
							<!--Blue-->
							<label>31926</label>
							<onclick>Skin.SetString(color.500, FF5677FC)</onclick>
							<onclick>Skin.SetString(color.900, FF313EBC)</onclick>
							<onclick>Skin.SetString(color.400, FF738FFE)</onclick>
							<onclick>Skin.SetString(color.alt, FFFFEB3B)</onclick>
							<thumb>colours/Blue.png</thumb>
						</item>
						<item id="7">
							<!--Light Blue-->
							<label>31927</label>
							<onclick>Skin.SetString(color.500, FF03A9F4)</onclick>
							<onclick>Skin.SetString(color.900, FF1275C4)</onclick>
							<onclick>Skin.SetString(color.400, FF3EBCF5)</onclick>
							<onclick>Skin.SetString(color.alt, FFFFEB3B)</onclick>
							<thumb>colours/Light Blue.png</thumb>
						</item>
						<item id="8">
							<!--Cyan-->
							<label>31928</label>
							<onclick>Skin.SetString(color.500, FF00BCD4)</onclick>
							<onclick>Skin.SetString(color.900, FF057A7F)</onclick>
							<onclick>Skin.SetString(color.400, FF3FD8EB)</onclick>
							<onclick>Skin.SetString(color.alt, FFFFEB3B)</onclick>
							<thumb>colours/Cyan.png</thumb>
						</item>
						<item id="9">
							<!--Teal-->
							<label>31929</label>
							<onclick>Skin.SetString(color.500, FF009688)</onclick>
							<onclick>Skin.SetString(color.900, FF056857)</onclick>
							<onclick>Skin.SetString(color.400, FF2EBEB0)</onclick>
							<onclick>Skin.SetString(color.alt, FFFFEB3B)</onclick>
							<thumb>colours/Teal.png</thumb>
						</item>
						<item id="10">
							<!--Green-->
							<label>31930</label>
							<onclick>Skin.SetString(color.500, FF259B24)</onclick>
							<onclick>Skin.SetString(color.900, FF156808)</onclick>
							<onclick>Skin.SetString(color.400, FF39C439)</onclick>
							<onclick>Skin.SetString(color.alt, FFFFEB3B)</onclick>
							<thumb>colours/Green.png</thumb>
						</item>
						<item id="11">
							<!--Light Green-->
							<label>31931</label>
							<onclick>Skin.SetString(color.500, FF8BC34A)</onclick>
							<onclick>Skin.SetString(color.900, FF4F9833)</onclick>
							<onclick>Skin.SetString(color.400, FFA0D068)</onclick>
							<onclick>Skin.SetString(color.alt, FFFFEB3B)</onclick>
							<thumb>colours/Light Green.png</thumb>
						</item>
						<item id="12">
							<!--Lime-->
							<label>31932</label>
							<onclick>Skin.SetString(color.500, FFCDDC39)</onclick>
							<onclick>Skin.SetString(color.900, FFA89B26)</onclick>
							<onclick>Skin.SetString(color.400, FFDDEA60)</onclick>
							<onclick>Skin.SetString(color.alt, FFE51C23)</onclick>
							<thumb>colours/Lime.png</thumb>
						</item>
						<item id="13">
							<!--Yellow-->
							<label>31933</label>
							<onclick>Skin.SetString(color.500, FFF6E233)</onclick>
							<onclick>Skin.SetString(color.900, FFEFB415)</onclick>
							<onclick>Skin.SetString(color.400, FFFFEE58)</onclick>
							<onclick>Skin.SetString(color.alt, FFE51C23)</onclick>
							<thumb>colours/Yellow.png</thumb>
						</item>
						<item id="14">
							<!--Amber-->
							<label>31934</label>
							<onclick>Skin.SetString(color.500, FFF6B904)</onclick>
							<onclick>Skin.SetString(color.900, FFFF8A00)</onclick>
							<onclick>Skin.SetString(color.400, FFFBCB37)</onclick>
							<onclick>Skin.SetString(color.alt, FFE51C23)</onclick>
							<thumb>colours/Amber.png</thumb>
						</item>
						<item id="15">
							<!--Orange-->
							<label>31935</label>
							<onclick>Skin.SetString(color.500, FFFF9800)</onclick>
							<onclick>Skin.SetString(color.900, FFE06603)</onclick>
							<onclick>Skin.SetString(color.400, FFFAAC3A)</onclick>
							<onclick>Skin.SetString(color.alt, FFFFEB3B)</onclick>
							<thumb>colours/Orange.png</thumb>
						</item>
						<item id="16">
							<!--Deep Orange-->
							<label>31936</label>
							<onclick>Skin.SetString(color.500, FFFF5722)</onclick>
							<onclick>Skin.SetString(color.900, FFB9330A)</onclick>
							<onclick>Skin.SetString(color.400, FFFB6536)</onclick>
							<onclick>Skin.SetString(color.alt, FFFFEB3B)</onclick>
							<thumb>colours/Deep Orange.png</thumb>
						</item>
						<item id="17">
							<!--Brown-->
							<label>31937</label>
							<onclick>Skin.SetString(color.500, FF795548)</onclick>
							<onclick>Skin.SetString(color.900, FF55322C)</onclick>
							<onclick>Skin.SetString(color.400, FF8D6E63)</onclick>
							<onclick>Skin.SetString(color.alt, FFFFEB3B)</onclick>
							<thumb>colours/Brown.png</thumb>
						</item>
						<item id="18">
							<!--Blue Grey-->
							<label>31938</label>
							<onclick>Skin.SetString(color.500, FF587482)</onclick>
							<onclick>Skin.SetString(color.900, FF3A4B5C)</onclick>
							<onclick>Skin.SetString(color.400, FF78909C)</onclick>
							<onclick>Skin.SetString(color.alt, FFFFEB3B)</onclick>
							<thumb>colours/Blue Grey.png</thumb>
						</item>
						<item id="19">
							<!--Grey-->
							<label>31939</label>
							<onclick>Skin.SetString(color.500, FF908E8E)</onclick>
							<onclick>Skin.SetString(color.900, FF5D5C5C)</onclick>
							<onclick>Skin.SetString(color.400, FFBDBDBD)</onclick>
							<onclick>Skin.SetString(color.alt, FFFFEB3B)</onclick>
							<thumb>colours/Grey.png</thumb>
						</item>
						<item id="20">
							<!--Custom-->
							<label>20190</label>
							<onclick condition="System.AddonIsEnabled(script.skin.helper.colorpicker)">ActivateWindow(1101)</onclick>
							<onclick condition="System.HasAddon(script.skin.helper.colorpicker) + !System.AddonIsEnabled(script.skin.helper.colorpicker)">EnableAddon(script.skin.helper.colorpicker)</onclick>
							<onclick condition="!System.HasAddon(script.skin.helper.colorpicker)">InstallAddon(script.skin.helper.colorpicker)</onclick>
							<thumb>colours/Custom.png</thumb>
						</item>
					</content>
				</control>
				<!--right side fade-->
				<control type="image">
					<right>10</right>
					<top>80</top>
					<width>50</width>
					<height>750</height>
					<texture colordiffuse="$INFO[Skin.String(color.tertiary)]" flipx="true">SideFade.png</texture>
				</control>
			</control>
			<!--buttons-->
			<control type="group">
				<!--controls-->
				<control type="grouplist" id="9000">
					<top>65r</top>
					<centerleft>50%</centerleft>
					<width>800</width>
					<height>60</height>
					<align>justify</align>
					<orientation>horizontal</orientation>
					<onleft>9000</onleft>
					<onright>9000</onright>
					<onup>61</onup>
					<ondown>9010</ondown>
					<!--ok button-->
					<include content="AnimatedCircleButtonGroup">
						<param name="button-id" value="10" />
						<param name="button-width" value="160" />
						<param name="button-texture" value="yesbutton" />
						<param name="button-label" value="186" />
						<param name="button-onclick" value="Close" />
						<param name="button-onup" value="61" />
						<param name="button-ondown" value="9010" />
						<param name="button-onleft" value="11" />
						<param name="button-onright" value="11" />
					</include>
				</control>
			</control>
		</control>
	</controls>
</window>