<?xml version="1.0" encoding="UTF-8"?>
<window>
	<defaultcontrol always="true">50</defaultcontrol>
	<controls>
		<!--all content-->
		<control type="group">
			<centerleft>50%</centerleft>
			<width>1390</width>
			<visible>!Window.IsActive(FileBrowser) + !Window.IsActive(SelectDialog)</visible>
			<animation effect="slide" start="2015,0" end="0,0" time="400" tween="quadratic" easing="out">WindowOpen</animation>
			<animation effect="slide" start="0,0" end="-2015,0" time="400" tween="quadratic" easing="out">WindowClose</animation>
			<animation effect="slide" start="2015,0" end="0,0" time="400" tween="quadratic" easing="out">Visible</animation>
			<animation effect="slide" start="0,0" end="-2015,0" time="400" tween="quadratic" easing="out">Hidden</animation>
			<animation effect="slide" start="0,0" end="-125,0" time="300" condition="Window.IsActive(ShutdownMenu) + !String.IsEqual(Skin.AspectRatio,21:9)">Conditional</animation>
			<!--title bars and backgrounds-->
			<control type="group">
				<!--fake button to view fanart-->
				<control type="button" id="9003">
					<left>1315</left>
					<top>80</top>
					<width>60</width>
					<height>60</height>
					<label></label>
					<font></font>
					<onup>50</onup>
					<ondown>9000</ondown>
					<texturenofocus></texturenofocus>
					<texturefocus></texturefocus>
				</control>
				<!--background-->
				<control type="image">
					<width>1390</width>
					<height>100%</height>
					<texture colordiffuse="$INFO[Skin.String(color.tertiary)]">backgrounds/white.png</texture>
				</control>
				<!--windowed trailer-->
				<control type="group">
					<top>-632</top>
					<animation effect="slide" start="0,0" end="0,782" time="400" tween="quadratic" easing="out" condition="Control.HasFocus(15) | Control.HasFocus(105)">Conditional</animation>
					<!--background-->
					<control type="image">
						<left>0</left>
						<top>0</top>
						<width>1390</width>
						<height>782</height>
						<texture colordiffuse="black">backgrounds/white.png</texture>
					</control>
					<!--play button-->
					<control type="image">
						<description>background</description>
						<left>439</left>
						<top>135</top>
						<width>512</width>
						<height>512</height>
						<texture colordiffuse="white">trailerplay.png</texture>
						<visible>!Player.HasVideo</visible>
					</control>
					<control type="videowindow" id="9002">
						<left>0</left>
						<top>0</top>
						<width>1390</width>
						<height>782</height>
						<visible>Player.HasVideo</visible>
					</control>
					<!--pause button-->
					<control type="image">
						<description>background</description>
						<left>439</left>
						<top>135</top>
						<width>512</width>
						<height>512</height>
						<texture colordiffuse="white">trailerpause.png</texture>
						<visible>Player.Paused + Player.HasVideo</visible>
					</control>
					<!--fake button for mouse control-->
					<control type="button" id="105">
						<left>0</left>
						<top>0</top>
						<width>1390</width>
						<height>800</height>
						<label></label>
						<font></font>
						<onup>50</onup>
						<ondown>9000</ondown>
						<onclick condition="!Player.HasVideo">PlayMedia($INFO[ListItem.Trailer],1)</onclick>
						<onclick condition="Player.HasVideo">PlayerControl(Play)</onclick>
						<visible>!Control.HasFocus(9003) + [Control.HasFocus(15) | Control.HasFocus(105)]</visible>
						<texturenofocus></texturenofocus>
						<texturefocus></texturefocus>
					</control>
				</control>
				<!--fanart-->
				<control type="image">
					<top>-632</top>
					<width>1390</width>
					<height>782</height>
					<texture background="true">$INFO[ListItem.Art(fanart)]</texture>
					<include>backgroundfade</include>
					<fadetime>FanartCrossfadeTime</fadetime>
					<animation effect="slide" start="0,0" end="0,782" time="400" tween="quadratic" easing="out" condition="Control.HasFocus(9003)">Conditional</animation>
				</control>
				<!--fanart-->
				<control type="multiimage">
					<top>-632</top>
					<width>1390</width>
					<height>782</height>
					<imagepath background="true">$INFO[ListItem.Path,,/extrafanart]</imagepath>
					<timeperimage>5000</timeperimage>
					<include>backgroundfade</include>
					<fadetime>FanartCrossfadeTime</fadetime>
					<animation effect="slide" start="0,0" end="0,782" time="400" tween="quadratic" easing="out" condition="Control.HasFocus(9003)">Conditional</animation>
				</control>
				<!--fanart shadow-->
				<control type="image">
					<top>130</top>
					<width>1390</width>
					<height>20</height>
					<texture flipy="true">homeshadow.png</texture>
					<animation effect="fade" start="100" end="75" time="0" condition="true">Conditional</animation>
					<animation effect="slide" start="0,0" end="0,782" time="400" tween="quadratic" easing="out" condition="Control.HasFocus(15) | Control.HasFocus(9003) | Control.HasFocus(105)">Conditional</animation>
				</control>
				<!-- left shadow-->
				<control type="image">
					<left>-30</left>
					<width>30</width>
					<height>100%</height>
					<texture flipx="true">sidebarshadow.png</texture>
				</control>
				<!--right shadow-->
				<control type="image">
					<left>1390</left>
					<width>30</width>
					<height>100%</height>
					<texture>sidebarshadow.png</texture>
				</control>
				<!--title background-->
				<control type="image">
					<width>1390</width>
					<height>150</height>
					<texture background="true" colordiffuse="$INFO[Skin.String(color.500)]">backgrounds/white.png</texture>
				</control>
				<!--button background-->
				<control type="image">
					<top>150</top>
					<width>1390</width>
					<height>80</height>
					<texture background="true" colordiffuse="$INFO[Skin.String(color.900)]">backgrounds/white.png</texture>
					<animation effect="slide" start="0,0" end="0,782" time="400" tween="quadratic" easing="out" condition="Control.HasFocus(15) | Control.HasFocus(9003) | Control.HasFocus(105)">Conditional</animation>
				</control>
				<!--title shadow-->
				<control type="image">
					<top>150</top>
					<width>1390</width>
					<height>20</height>
					<texture>homeshadow.png</texture>
					<animation effect="fade" start="100" end="75" time="0" condition="true">Conditional</animation>
				</control>
				<!--close window button-->
				<control type="button">
					<left>5</left>
					<width>50</width>
					<height>25</height>
					<label></label>
					<font></font>
					<onclick>PreviousMenu</onclick>
					<texturefocus>DialogCloseButton-focus.png</texturefocus>
					<texturenofocus>DialogCloseButton.png</texturenofocus>
					<onleft>9000</onleft>
					<onright>9000</onright>
					<onup>9000</onup>
					<ondown>9000</ondown>
					<visible>system.getbool(input.enablemouse)</visible>
				</control>
			</control>
			<!--titles-->
			<control type="group">
				<!--title-->
				<control type="label">
					<left>45</left>
					<top>25</top>
					<width>1300</width>
					<height>60</height>
					<font>info.title</font>
					<align>left</align>
					<aligny>center</aligny>
					<textcolor>white</textcolor>
					<label>$INFO[Listitem.Title]</label>
				</control>
				<!--tagline-->
				<control type="label">
					<left>45</left>
					<top>80</top>
					<width>1300</width>
					<height>60</height>
					<font>breadcrumb</font>
					<label>$INFO[Listitem.Tagline]</label>
					<align>left</align>
					<aligny>center</aligny>
					<textcolor>white</textcolor>
				</control>
				<!--genre-->
				<control type="label">
					<left>45</left>
					<top>80</top>
					<width>1300</width>
					<height>60</height>
					<font>breadcrumb</font>
					<label>$INFO[Listitem.Genre]</label>
					<align>left</align>
					<aligny>center</aligny>
					<textcolor>white</textcolor>
					<visible>String.IsEmpty(ListItem.Tagline) + [String.IsEqual(ListItem.DBType,movie) | String.IsEqual(ListItem.DBType,tvshow)]</visible>
				</control>
				<!--tv show/season/episode-->
				<control type="label">
					<left>45</left>
					<top>80</top>
					<width>1300</width>
					<height>60</height>
					<font>breadcrumb</font>
					<label>$INFO[ListItem.TVShowTitle] • $LOCALIZE[20373] $INFO[ListItem.Season] / $LOCALIZE[20359] $INFO[ListItem.Episode]</label>
					<align>left</align>
					<aligny>center</aligny>
					<textcolor>white</textcolor>
					<visible>String.IsEqual(ListItem.DBType,episode)</visible>
				</control>
				<!--hint arrow-->
				<control type="group">
					<top>80</top>
					<left>1315</left>
					<!--circle border-->
					<control type="image">
						<width>60</width>
						<height>60</height>
						<texture colordiffuse="white">buttons/buttoncircleborder.png</texture>
					</control>
					<!--arrow-->
					<control type="image">
						<width>60</width>
						<height>60</height>
						<texture colordiffuse="white" flipy="true">hint-arrow-down.png</texture>
						<animation effect="rotate" start="0" end="180" time="200" center="auto" condition="Control.HasFocus(15) | Control.HasFocus(9003) | Control.HasFocus(105)">Conditional</animation>
					</control>
				</control>
			</control>
			<!--main content-->
			<control type="group">
				<animation effect="slide" start="0,0" end="0,782" time="400" tween="quadratic" easing="out" condition="Control.HasFocus(15) | Control.HasFocus(9003) | Control.HasFocus(105)">Conditional</animation>
				<!--controls-->
				<control type="grouplist" id="9000">
					<top>160</top>
					<width>1390</width>
					<height>60</height>
					<align>justify</align>
					<orientation>horizontal</orientation>
					<onleft>9000</onleft>
					<onright>9000</onright>
					<onup>9003</onup>
					<ondown>49</ondown>
					<!--play/browse button-->
					<include content="AnimatedCircleToggleButtonGroup">
						<param name="button-id" value="8" />
						<param name="button-width" value="140" />
						<param name="button-texture" value="playbutton" />
						<param name="button-alttexture" value="browsebutton" />
						<param name="button-colormain" value="white" />
						<param name="button-coloralt" value="$INFO[Skin.String(color.900)]" />
						<param name="button-coloranim" value="white" />
						<param name="button-label" value="208" />
						<param name="button-altlabel" value="1024" />
						<param name="button-usealt" value="String.IsEqual(ListItem.DBTYPE,tvshow) | String.IsEqual(ListItem.DBTYPE,set)" />
						<param name="button-onup" value="9003" />
						<param name="button-ondown" value="49" />
						<param name="button-onleft" value="100" />
						<param name="button-onright" value="11" />
					</include>
					<!--trailer button-->
					<include content="AnimatedCircleButtonGroup">
						<param name="button-id" value="11" />
						<param name="button-width" value="130" />
						<param name="button-visible" value="!String.IsEmpty(ListItem.Trailer) + Skin.HasSetting(HideWindowedTrailer)" />
						<param name="button-texture" value="trailerbutton" />
						<param name="button-colormain" value="white" />
						<param name="button-coloralt" value="$INFO[Skin.String(color.900)]" />
						<param name="button-coloranim" value="white" />
						<param name="button-label" value="20410" />
						<param name="button-onup" value="9003" />
						<param name="button-ondown" value="49" />
						<param name="button-onleft" value="8" />
						<param name="button-onright" value="15" />
					</include>
					<!--windowed trailer button-->
					<include content="AnimatedCircleButtonGroup">
						<param name="button-id" value="15" />
						<param name="button-width" value="130" />
						<param name="button-visible" value="!String.IsEmpty(ListItem.Trailer) + !Skin.HasSetting(HideWindowedTrailer)" />
						<param name="button-texture" value="trailerbutton" />
						<param name="button-colormain" value="white" />
						<param name="button-coloralt" value="$INFO[Skin.String(color.900)]" />
						<param name="button-coloranim" value="white" />
						<param name="button-label" value="20410" />
						<param name="button-onclick" value="PlayMedia($INFO[ListItem.Trailer],1)" />
						<param name="button-onup" value="105" />
						<param name="button-ondown" value="49" />
						<param name="button-onleft" value="11" />
						<param name="button-onright" value="6" />
					</include>
					<!--refresh button-->
					<include content="AnimatedCircleButtonGroup">
						<param name="button-id" value="6" />
						<param name="button-width" value="140" />
						<param name="button-visible" value="Control.IsEnabled(6)" />
						<param name="button-texture" value="refreshbutton" />
						<param name="button-colormain" value="white" />
						<param name="button-coloralt" value="$INFO[Skin.String(color.900)]" />
						<param name="button-coloranim" value="white" />
						<param name="button-label" value="184" />
						<param name="button-onup" value="9003" />
						<param name="button-ondown" value="49" />
						<param name="button-onleft" value="15" />
						<param name="button-onright" value="10" />
					</include>
					<!--art button-->
					<include content="AnimatedCircleButtonGroup">
						<param name="button-id" value="10" />
						<param name="button-width" value="180" />
						<param name="button-texture" value="artbutton" />
						<param name="button-colormain" value="white" />
						<param name="button-coloralt" value="$INFO[Skin.String(color.900)]" />
						<param name="button-coloranim" value="white" />
						<param name="button-label" value="13511" />
						<param name="button-onup" value="9003" />
						<param name="button-ondown" value="49" />
						<param name="button-onleft" value="6" />
						<param name="button-onright" value="7" />
					</include>
					<!--rating button-->
					<include content="AnimatedCircleButtonGroup">
						<param name="button-id" value="7" />
						<param name="button-width" value="200" />
						<param name="button-visible" value="Control.IsEnabled(7)" />
						<param name="button-texture" value="ratingbutton" />
						<param name="button-colormain" value="white" />
						<param name="button-coloralt" value="$INFO[Skin.String(color.900)]" />
						<param name="button-coloranim" value="white" />
						<param name="button-label" value="38023" />
						<param name="button-onup" value="9003" />
						<param name="button-ondown" value="49" />
						<param name="button-onleft" value="10" />
						<param name="button-onright" value="100" />
					</include>
					<!--tv tune button-->
					<include content="AnimatedCircleButtonGroup">
						<param name="button-id" value="100" />
						<param name="button-width" value="160" />
						<param name="button-visible">Skin.HasSetting(ActivateTvTunes) + System.AddonIsEnabled(script.tvtunes) + [String.IsEqual(ListItem.DBType,tvshow) | String.IsEqual(ListItem.DBType,movie) | String.IsEqual(ListItem.DBType,musicvideo)] + String.IsEmpty(Window(movieinformation).Property("TvTunes_HideVideoInfoButton"))</param>
						<param name="button-texture" value="tunebutton" />
						<param name="button-colormain" value="white" />
						<param name="button-coloralt" value="$INFO[Skin.String(color.900)]" />
						<param name="button-coloranim" value="white" />
						<param name="button-label" value="31127" />
						<param name="button-onclick" value="RunScript(script.tvtunes,mode=solo)" />
						<param name="button-onup" value="9003" />
						<param name="button-ondown" value="49" />
						<param name="button-onleft" value="7" />
						<param name="button-onright" value="8" />
					</include>
				</control>
				<!--thumbs-->
				<control type="group">
					<top>230</top>
					<!--movies thumb-->
					<control type="image">
						<left>0</left>
						<top>0</top>
						<width>567</width>
						<height>850</height>
						<aspectratio aligny="top">keep</aspectratio>
						<texture background="true">$VAR[PosterThumb]</texture>
						<visible>String.IsEqual(ListItem.DBType,movie)</visible>
					</control>
					<!--tv shows thumb-->
					<control type="image">
						<left>0</left>
						<top>0</top>
						<width>567</width>
						<height>850</height>
						<aspectratio aligny="top">stretch</aspectratio>
						<texture background="true">$VAR[PosterThumb]</texture>
						<visible>String.IsEqual(ListItem.DBType,tvshow)</visible>
					</control>
					<!--episode thumb-->
					<control type="image">
						<left>0</left>
						<top>0</top>
						<width>567</width>
						<height>850</height>
						<aspectratio aligny="top">keep</aspectratio>
						<texture background="true">$INFO[ListItem.Icon]</texture>
						<visible>String.IsEqual(ListItem.DBType,episode)</visible>
					</control>
					<!--set thumb-->
					<control type="image">
						<left>0</left>
						<top>0</top>
						<width>567</width>
						<height>850</height>
						<aspectratio aligny="top">keep</aspectratio>
						<texture background="true">$INFO[Container(50).ListItem.Art(poster)]</texture>
						<visible>String.IsEqual(ListItem.DBType,set)</visible>
					</control>
				</control>
				<!--buttons shadow-->
				<control type="image">
					<top>230</top>
					<width>1390</width>
					<height>10</height>
					<texture>homeshadow.png</texture>
					<animation effect="fade" start="100" end="75" time="0" condition="true">Conditional</animation>
				</control>
				<!--audio/video flags-->
				<control type="group">
					<left>600</left>
					<top>615</top>
					<visible>[String.IsEqual(ListItem.DBType,movie) | String.IsEqual(ListItem.DBType,episode) | String.IsEqual(ListItem.DBType,musicvideo)]</visible>
					<include>media.flags.small</include>
				</control>
				<control type="group">
					<left>65</left>
					<top>240</top>
					<!--info list-->
					<control type="list" id="49">
						<left>505</left>
						<top>0</top>
						<width>1110</width>
						<height>350</height>
						<onleft>49</onleft>
						<onright>49</onright>
						<onup>9000</onup>
						<ondown>50</ondown>
						<pagecontrol></pagecontrol>
						<scrolltime>200</scrolltime>
						<itemlayout height="35">
							<control type="label">
								<left>30</left>
								<top>0</top>
								<width>240</width>
								<height>35</height>
								<font>secondary.info</font>
								<align>left</align>
								<aligny>center</aligny>
								<textcolor>$INFO[Skin.String(color.500)]</textcolor>
								<selectedcolor>selected</selectedcolor>
								<info>ListItem.Label</info>
							</control>
							<control type="label">
								<left>180</left>
								<top>0</top>
								<width>600</width>
								<height>35</height>
								<font>secondary.info</font>
								<align>left</align>
								<aligny>center</aligny>
								<textcolor>$INFO[Skin.String(color.text)]</textcolor>
								<selectedcolor>$INFO[Skin.String(color.text)]</selectedcolor>
								<info>ListItem.Label2</info>
							</control>
						</itemlayout>
						<focusedlayout height="35">
							<control type="image">
								<left>7</left>
								<top>7</top>
								<width>20</width>
								<height>20</height>
								<visible>Control.HasFocus(49)</visible>
								<texture colordiffuse="$INFO[Skin.String(color.500)]">buttons/buttoncircle.png</texture>
							</control>
							<control type="label">
								<left>30</left>
								<top>0</top>
								<width>240</width>
								<height>35</height>
								<font>secondary.info</font>
								<align>left</align>
								<aligny>center</aligny>
								<textcolor>$INFO[Skin.String(color.500)]</textcolor>
								<selectedcolor>selected</selectedcolor>
								<info>ListItem.Label</info>
							</control>
							<control type="label">
								<left>180</left>
								<top>0</top>
								<width>600</width>
								<height>35</height>
								<font>secondary.info</font>
								<align>left</align>
								<aligny>center</aligny>
								<textcolor>$INFO[Skin.String(color.text)]</textcolor>
								<selectedcolor>$INFO[Skin.String(color.text)]</selectedcolor>
								<info>ListItem.Label2</info>
							</control>
						</focusedlayout>
						<content>
							<item>
								<label>$LOCALIZE[562]</label>
								<label2>$INFO[ListItem.Year]</label2>
								<visible>!String.IsEmpty(ListItem.Year) + !String.IsEqual(ListItem.DBType,set)</visible>
							</item>
							<item>
								<label>$LOCALIZE[20339]</label>
								<label2>$INFO[ListItem.Director]</label2>
								<onclick>SendClick(2003,13)</onclick>
								<visible>!String.IsEmpty(ListItem.Director)</visible>
							</item>
							<item>
								<label>$LOCALIZE[20417]</label>
								<label2>$INFO[ListItem.Writer]</label2>
								<visible>!String.IsEmpty(ListItem.Writer)</visible>
							</item>
							<item>
								<label>$LOCALIZE[563]</label>
								<label2>$INFO[ListItem.RatingAndVotes]</label2>
								<visible>!String.IsEmpty(ListItem.RatingAndVotes)</visible>
							</item>
							<item>
								<label>$LOCALIZE[515]</label>
								<label2>$INFO[ListItem.Genre]</label2>
								<visible>!String.IsEmpty(ListItem.Genre) + [String.IsEqual(ListItem.DBType,musicvideo) | String.IsEqual(ListItem.DBType,movie)]</visible>
							</item>
							<item>
								<label>$LOCALIZE[21875]</label>
								<label2>$INFO[ListItem.Country]</label2>
								<visible>!String.IsEmpty(ListItem.Country)</visible>
							</item>
							<item>
								<label>$LOCALIZE[572]</label>
								<label2>$INFO[ListItem.Studio]</label2>
								<visible>!String.IsEmpty(ListItem.Studio)</visible>
							</item>
							<item>
								<label>$LOCALIZE[20416]</label>
								<label2>$INFO[ListItem.Premiered]</label2>
								<visible>!String.IsEmpty(ListItem.Premiered)</visible>
							</item>
							<item>
								<label>$LOCALIZE[20360]</label>
								<label2>$INFO[ListItem.Episode,, $LOCALIZE[20453]]$INFO[ListItem.Season, (, $LOCALIZE[36905])]</label2>
								<visible>!String.IsEmpty(ListItem.Season) + !String.IsEqual(ListItem.DBType,episode)</visible>
							</item>
							<item>
								<label>$LOCALIZE[31068]</label>
								<label2>$INFO[ListItem.Mpaa]</label2>
								<visible>!String.IsEmpty(ListItem.Mpaa)</visible>
							</item>
							<item>
								<label>$LOCALIZE[20457]</label>
								<label2>$INFO[ListItem.Set]</label2>
								<visible>!String.IsEmpty(ListItem.Set)</visible>
							</item>
							<item>
								<label>$LOCALIZE[20459]</label>
								<label2>$INFO[ListItem.Tag]</label2>
								<visible>!String.IsEmpty(ListItem.Tag)</visible>
							</item>
							<item>
								<label>$LOCALIZE[126]</label>
								<label2>$INFO[ListItem.Status]</label2>
								<visible>!String.IsEmpty(ListItem.Status)</visible>
							</item>
							<item>
								<label>$LOCALIZE[570]:</label>
								<label2>$INFO[ListItem.DateAdded]</label2>
								<visible>!String.IsEmpty(ListItem.DateAdded) + [String.IsEqual(ListItem.DBType,episode) | String.IsEqual(ListItem.DBType,movie) | String.IsEqual(ListItem.DBType,musicvideo) | String.IsEqual(ListItem.DBType,video)]</visible>
							</item>
							<item>
								<label>$LOCALIZE[576]</label>
								<label2>$INFO[ListItem.PlayCount]</label2>
								<visible>!String.IsEmpty(ListItem.PlayCount)</visible>
							</item>
						</content>
					</control>
					<control type="image">
						<left>535</left>
						<top>360</top>
						<width>750</width>
						<height>1</height>
						<aspectratio>stretch</aspectratio>
						<texture colordiffuse="$INFO[Skin.String(color.500)]">backgrounds/white.png</texture>
					</control>
				</control>
				<!--plot-->
				<control type="textbox" id="400">
					<left>600</left>
					<top>677</top>
					<width>750</width>
					<height>368</height>
					<font>label</font>
					<align>left</align>
					<textcolor>$INFO[Skin.String(color.text)]</textcolor>
					<pagecontrol>61</pagecontrol>
					<label>$INFO[ListItem.Plot]</label>
					<autoscroll delay="10000" time="3000" repeat="15000">!Control.HasFocus(61) + Skin.HasSetting(AutoScroll)</autoscroll>
					<visible>!Control.IsVisible(50)</visible>
					<animation effect="slide" start="0,0" end="0,-65" time="0" condition="String.IsEqual(ListItem.DBType,tvshow)">Conditional</animation>
				</control>
				<!--cast-->
				<control type="panel" id="50">
					<left>600</left>
					<top>800</top>
					<width>760</width>
					<height>370</height>
					<onleft>50</onleft>
					<onright>50</onright>
					<onup>49</onup>
					<ondown>61</ondown>
					<pagecontrol>61</pagecontrol>
					<scrolltime>200</scrolltime>
					<orientation>horizontal</orientation>
					<itemlayout height="240" width="190" condition="!Container.Content(Sets)">
						<control type="group">
							<!--thumb (fallback)-->
							<control type="image">
								<left>5</left>
								<top>15</top>
								<width>170</width>
								<height>210</height>
								<aspectratio>scale</aspectratio>
								<texture colordiffuse="$INFO[Skin.String(color.500)]" background="true">DefaultActor.png</texture>
								<visible>String.IsEmpty(ListItem.Thumb)</visible>
							</control>
							<!--thumb (not fallback)-->
							<control type="image">
								<left>0</left>
								<top>10</top>
								<width>180</width>
								<height>220</height>
								<aspectratio>scale</aspectratio>
								<texture background="true">$INFO[ListItem.Thumb]</texture>
								<bordersize>5</bordersize>
								<bordertexture>backgrounds/poster shadow small.png</bordertexture>
								<visible>!String.IsEmpty(ListItem.Thumb)</visible>
							</control>
							<!--label background-->
							<control type="image">
								<left>5</left>
								<top>165</top>
								<width>170</width>
								<height>60</height>
								<texture colordiffuse="button.nf">backgrounds/white.png</texture>
							</control>
							<!--main label-->
							<control type="label">
								<left>5</left>
								<top>166</top>
								<width>170</width>
								<height>30</height>
								<align>center</align>
								<aligny>center</aligny>
								<font>secondary.info.light</font>
								<textcolor>white</textcolor>
								<label>$INFO[ListItem.Label]</label>
							</control>
							<control type="label">
								<left>5</left>
								<top>192</top>
								<width>170</width>
								<height>30</height>
								<align>center</align>
								<aligny>center</aligny>
								<font>secondary.info.small</font>
								<textcolor>white</textcolor>
								<label>$INFO[ListItem.Label2]</label>
							</control>
						</control>
					</itemlayout>
					<focusedlayout height="240" width="190" condition="!Container.Content(Sets)">
						<control type="group">
							<!--thumb bg (for fallback)-->
							<control type="image">
								<left>0</left>
								<top>10</top>
								<width>180</width>
								<height>220</height>
								<texture colordiffuse="quaternary" background="true">backgrounds/white.png</texture>
								<bordersize>5</bordersize>
								<bordertexture colordiffuse="$INFO[Skin.String(color.500)]">backgrounds/white.png</bordertexture>
								<visible>String.IsEmpty(ListItem.Thumb)</visible>
							</control>
							<!--thumb (fallback)-->
							<control type="image">
								<left>5</left>
								<top>15</top>
								<width>170</width>
								<height>210</height>
								<aspectratio>scale</aspectratio>
								<texture colordiffuse="$INFO[Skin.String(color.500)]" background="true">DefaultActor.png</texture>
								<visible>String.IsEmpty(ListItem.Thumb)</visible>
							</control>
							<!--thumb (not fallback)-->
							<control type="image">
								<left>0</left>
								<top>10</top>
								<width>180</width>
								<height>220</height>
								<aspectratio>scale</aspectratio>
								<texture background="true">$INFO[ListItem.Thumb]</texture>
								<bordersize>5</bordersize>
								<bordertexture colordiffuse="$INFO[Skin.String(color.500)]">backgrounds/white.png</bordertexture>
								<visible>!String.IsEmpty(ListItem.Thumb)</visible>
							</control>
							<!--label background-->
							<control type="image">
								<left>5</left>
								<top>165</top>
								<width>170</width>
								<height>60</height>
								<texture colordiffuse="button.nf">backgrounds/white.png</texture>
							</control>
							<!--main label-->
							<control type="label">
								<left>5</left>
								<top>166</top>
								<width>170</width>
								<height>30</height>
								<align>center</align>
								<aligny>center</aligny>
								<font>secondary.info.light</font>
								<textcolor>white</textcolor>
								<label>$INFO[ListItem.Label]</label>
								<scrollspeed>25</scrollspeed>
							</control>
							<control type="label">
								<left>5</left>
								<top>192</top>
								<width>170</width>
								<height>30</height>
								<align>center</align>
								<aligny>center</aligny>
								<font>secondary.info.small</font>
								<textcolor>white</textcolor>
								<label>$INFO[ListItem.Label2]</label>
								<scrollspeed>25</scrollspeed>
							</control>
						</control>
					</focusedlayout>
					<itemlayout height="260" width="200" condition="Container.Content(Sets)">
						<control type="group">
							<control type="image">
								<top>0</top>
								<width>220</width>
								<height>260</height>
								<texture>DefaultMovies.png</texture>
								<aspectratio aligny="center">scale</aspectratio>
								<bordertexture border="21">overlays/shadow.png</bordertexture>
								<bordersize>20</bordersize>
								<visible>String.IsEmpty(ListItem.Art(poster))</visible>
							</control>
							<control type="image">
								<top>20</top>
								<left>20</left>
								<width>180</width>
								<height>220</height>
								<texture background="true">$INFO[ListItem.Art(poster)]</texture>
								<aspectratio aligny="center">keep</aspectratio>
							</control>
							<control type="textbox">
								<left>30</left>
								<width>182</width>
								<height>84</height>
								<top>210</top>
								<align>center</align>
								<aligny>center</aligny>
								<font>font23_narrow</font>
								<label>$INFO[ListItem.Label]</label>
								<visible>String.IsEmpty(ListItem.Art(poster))</visible>
							</control>
						</control>
					</itemlayout>
					<focusedlayout height="260" width="200" condition="Container.Content(Sets)">
						<control type="group">
							<control type="image">
								<left>15</left>
								<top>15</top>
								<width>190</width>
								<height>230</height>
								<texture background="true">$INFO[ListItem.Art(poster)]</texture>
								<bordertexture colordiffuse="$INFO[Skin.String(color.500)]">backgrounds/white.png</bordertexture>
								<bordersize>5</bordersize>
								<aspectratio aligny="center">keep</aspectratio>
							</control>

							<control type="image">
								<top>0</top>
								<width>220</width>
								<height>260</height>
								<texture>DefaultMovies.png</texture>
								<aspectratio aligny="center">scale</aspectratio>
								<bordertexture border="21">overlays/shadow.png</bordertexture>
								<bordersize>20</bordersize>
								<visible>String.IsEmpty(ListItem.Art(poster))</visible>
							</control>
							<control type="image">
								<top>20</top>
								<left>20</left>
								<width>180</width>
								<height>220</height>
								<texture background="true">$INFO[ListItem.Art(poster)]</texture>
								<aspectratio aligny="center">keep</aspectratio>
							</control>
							<control type="textbox">
								<left>30</left>
								<width>182</width>
								<height>84</height>
								<top>210</top>
								<align>center</align>
								<aligny>center</aligny>
								<font>font23_narrow</font>
								<label>$INFO[ListItem.Label]</label>
								<visible>String.IsEmpty(ListItem.Art(poster))</visible>
							</control>
						</control>
					</focusedlayout>
				</control>
				<!-- cast scrollbar-->
				<control type="scrollbar" id="61">
					<orientation>horizontal</orientation>
					<left>600</left>
					<top>1040</top>
					<width>750</width>
					<height>7</height>
					<onup>50</onup>
					<ondown>9000</ondown>
					<visible>Control.IsVisible(50)</visible>
				</control>
			</control>
		</control>
	</controls>
</window>