<?xml version="1.0" encoding="UTF-8"?>
<window>
	<defaultcontrol always="true">9</defaultcontrol>
	<controls>
		<!--all content-->
		<control type="group">
			<centerleft>50%</centerleft>
			<width>1210</width>
			<animation effect="slide" start="1925,0" end="0,0" time="400" tween="quadratic" easing="out">WindowOpen</animation>
			<animation effect="slide" start="0,0" end="1925,0" time="400" tween="quadratic" easing="out">WindowClose</animation>
			<animation effect="slide" start="0,0" end="-35,0" time="300" condition="Window.IsActive(ShutdownMenu) + !String.IsEqual(Skin.AspectRatio,21:9)">Conditional</animation>
			<!--title bars and backgrounds-->
			<include content="DynamicDialogBackground">
				<param name="dialog-width" value="1210" />
				<param name="glow-width" value="1290" />
				<param name="sidebar-visible" value="true" />
				<param name="sidebar-width" value="340" />
				<param name="buttonbar-visible" value="true" />
				<param name="buttonbar-height" value="70" />
			</include>
			<!--close window button-->
			<control type="button">
				<left>5</left>
				<top>0</top>
				<width>50</width>
				<height>25</height>
				<label></label>
				<font></font>
				<onclick>PreviousMenu</onclick>
				<texturefocus>DialogCloseButton-focus.png</texturefocus>
				<texturenofocus>DialogCloseButton.png</texturenofocus>
				<onleft>3</onleft>
				<onright>3</onright>
				<onup>3</onup>
				<ondown>3</ondown>
				<visible>system.getbool(input.enablemouse)</visible>
			</control>
			<!--main content-->
			<control type="group">
				<!--title-->
				<control type="label" id="2">
					<left>45</left>
					<top>25</top>
					<width>1120</width>
					<height>60</height>
					<font>info.title</font>
					<align>left</align>
					<aligny>center</aligny>
					<textcolor>white</textcolor>
					<label></label>
				</control>
				<!--left buttons-->
				<control type="grouplist" id="3">
					<description>button area</description>
					<left>10</left>
					<top>120</top>
					<bottom>120</bottom>
					<width>350</width>
					<itemgap>5</itemgap>
					<pagecontrol>61</pagecontrol>
					<onleft>61</onleft>
					<onright>5</onright>
					<onup>3</onup>
					<ondown>20</ondown>
				</control>
				<!--settings level-->
				<control type="button" id="20">
					<left>10</left>
					<top>940</top>
					<height>60</height>
					<width>320</width>
					<texturefocus colordiffuse="white">backgrounds/white.png</texturefocus>
					<textcolor>white</textcolor>
					<focusedcolor>$INFO[Skin.String(color.900)]</focusedcolor>
					<align>right</align>
					<include>ButtonCommonValues</include>
					<onleft>5</onleft>
					<onright>5</onright>
					<onup>3</onup>
					<ondown>3</ondown>
					<onclick>SettingsLevelChange</onclick>
				</control>
				<!--settings level label (no focus)-->
				<control type="label">
					<left>25</left>
					<top>940</top>
					<height>60</height>
					<width>305</width>
					<label>31142</label>
					<font>button</font>
					<textcolor>white</textcolor>
					<align>left</align>
					<aligny>center</aligny>
					<visible>!Control.HasFocus(20)</visible>
				</control>
				<!--settings level label (focus)-->
				<control type="label">
					<left>25</left>
					<top>940</top>
					<height>60</height>
					<width>305</width>
					<label>31142</label>
					<font>button</font>
					<textcolor>$INFO[Skin.String(color.900)]</textcolor>
					<align>left</align>
					<aligny>center</aligny>
					<visible>Control.HasFocus(20)</visible>
				</control>
				<!--scrollbar-->
				<control type="scrollbar" id="61">
					<left>-12</left>
					<top>120</top>
					<height>880</height>
					<onleft>60</onleft>
					<onright>3</onright>
				</control>
				<control type="grouplist" id="5">
					<description>control area</description>
					<left>350</left>
					<top>120</top>
					<bottom>120</bottom>
					<width>850</width>
					<itemgap>5</itemgap>
					<pagecontrol>60</pagecontrol>
					<onup>5</onup>
					<ondown>9001</ondown>
					<onleft>3</onleft>
					<onright>60</onright>
				</control>
				<!--scrollbar-->
				<control type="scrollbar" id="60">
					<left>1215</left>
					<top>120</top>
					<height>880</height>
					<onleft>5</onleft>
					<onright>61</onright>
				</control>
				<!--button-->
				<control type="button" id="7">
					<left>0</left>
					<top>0</top>
					<invalidcolor>invalid</invalidcolor>
				</control>
				<!--radio button-->
				<control type="radiobutton" id="8">
					<left>0</left>
					<top>0</top>
				</control>
				<!--spin control-->
				<control type="spincontrolex" id="9">
					<left>0</left>
					<top>0</top>
					<reverse>yes</reverse>
				</control>
				<!--category buttons-->
				<control type="button" id="10">
					<width>320</width>
					<texturefocus colordiffuse="white">backgrounds/white.png</texturefocus>
					<textcolor>white</textcolor>
					<focusedcolor>$INFO[Skin.String(color.900)]</focusedcolor>
					<include>ButtonCommonValues</include>
				</control>
				<!--seperator-->
				<control type="image" id="11">
					<height>0</height>
					<texture></texture>
					<visible>false</visible>
				</control>
				<!--edit-->
				<control type="edit" id="12">
					<left>0</left>
					<top>0</top>
				</control>
				<!--slider control-->
				<control type="sliderex" id="13">
					<left>0</left>
					<top>0</top>
				</control>
				<!--label-->
				<control type="label" id="14">
					<height>60</height>
					<label></label>
					<font>button.bold</font>
					<textcolor>$INFO[Skin.String(color.500)]</textcolor>
					<textoffsetx>5</textoffsetx>
					<aligny>center</aligny>
				</control>
				<!--bottom buttons-->
				<control type="grouplist" id="9001">
					<left>117</left>
					<top>65r</top>
					<width>1000</width>
					<height>60</height>
					<align>justify</align>
					<orientation>horizontal</orientation>
					<onleft>9001</onleft>
					<onright>9001</onright>
					<onup>5</onup>
					<ondown>5</ondown>
					<!--ok button-->
					<include content="AnimatedCircleButtonGroup">
						<param name="button-id" value="28" />
						<param name="button-width" value="130" />
						<param name="button-texture" value="yesbutton" />
						<param name="button-label" value="186" />
						<param name="button-onup" value="5" />
						<param name="button-ondown" value="5" />
						<param name="button-onleft" value="30" />
						<param name="button-onright" value="29" />
					</include>
					<!--cancel button-->
					<include content="AnimatedCircleButtonGroup">
						<param name="button-id" value="29" />
						<param name="button-width" value="180" />
						<param name="button-texture" value="nobutton" />
						<param name="button-label" value="222" />
						<param name="button-onup" value="5" />
						<param name="button-ondown" value="5" />
						<param name="button-onleft" value="28" />
						<param name="button-onright" value="30" />
					</include>
					<!--default button-->
					<include content="AnimatedCircleButtonGroup">
						<param name="button-id" value="30" />
						<param name="button-width" value="180" />
						<param name="button-texture" value="refreshbutton" />
						<param name="button-label" value="409" />
						<param name="button-onup" value="5" />
						<param name="button-ondown" value="5" />
						<param name="button-onleft" value="29" />
						<param name="button-onright" value="28" />
					</include>
				</control>
			</control>
		</control>
	</controls>
</window>