<?xml version="1.0" encoding="UTF-8"?>
<includes>
	<include name="SelectBackgroundSwitchDelay">
		<item>
			<label>5 $LOCALIZE[32047]</label>
			<onclick>Dialog.Close(1102)</onclick>
			<onclick>Skin.SetString(BackgroundSwitchDelay,5)</onclick>
		</item>
		<item>
			<label>6 $LOCALIZE[32047]</label>
			<onclick>Dialog.Close(1102)</onclick>
			<onclick>Skin.SetString(BackgroundSwitchDelay,6)</onclick>
		</item>
		<item>
			<label>8 $LOCALIZE[32047]</label>
			<onclick>Dialog.Close(1102)</onclick>
			<onclick>Skin.SetString(BackgroundSwitchDelay,8)</onclick>
		</item>
		<item>
			<label>10 $LOCALIZE[32047]</label>
			<onclick>Dialog.Close(1102)</onclick>
			<onclick>Skin.SetString(BackgroundSwitchDelay,10)</onclick>
		</item>
		<item>
			<label>15 $LOCALIZE[32047]</label>
			<onclick>Dialog.Close(1102)</onclick>
			<onclick>Skin.SetString(BackgroundSwitchDelay,15)</onclick>
		</item>
		<item>
			<label>20 $LOCALIZE[32047]</label>
			<onclick>Dialog.Close(1102)</onclick>
			<onclick>Skin.SetString(BackgroundSwitchDelay,20)</onclick>
		</item>
		<item>
			<label>30 $LOCALIZE[32047]</label>
			<onclick>Dialog.Close(1102)</onclick>
			<onclick>Skin.SetString(BackgroundSwitchDelay,30)</onclick>
		</item>
		<item>
			<label>60 $LOCALIZE[32047]</label>
			<onclick>Dialog.Close(1102)</onclick>
			<onclick>Skin.SetString(BackgroundSwitchDelay,60)</onclick>
		</item>
	</include>
	<include name="SelectDefaultBackground">
		<item>
			<label>$LOCALIZE[31120]</label>
			<onclick>Dialog.Close(1102)</onclick>
			<onclick>Skin.SetImage(CustomBackgroundPath,special://skin/extras/backgrounds)</onclick>
		</item>
		<item>
			<label>$LOCALIZE[31121]</label>
			<onclick>Dialog.Close(1102)</onclick>
			<onclick>Skin.SetPath(CustomBackgroundPath)</onclick>
		</item>
        <item>
			<label>$LOCALIZE[15109]</label>
			<onclick>Dialog.Close(1102)</onclick>
			<onclick>Skin.Reset(CustomBackgroundPath)</onclick>
		</item>
	</include>
</includes>