<?xml version="1.0" encoding="UTF-8"?>
<window>
	<defaultcontrol always="true">300</defaultcontrol>
	<controls>
		<!--all content-->
		<control type="group">
			<centerleft>50%</centerleft>
			<centertop>50%</centertop>
			<width>1390</width>
			<height>783</height>
			<visible>![Window.IsActive(FileBrowser) | Window.IsActive(SelectDialog) | Window.IsVisible(YesNoDialog)] + String.IsEmpty(Window.Property(additionalDialog))</visible>
			<animation effect="slide" start="2015,0" end="0,0" time="400" tween="quadratic" easing="out">WindowOpen</animation>
			<animation effect="slide" start="0,0" end="-2015,0" time="400" tween="quadratic" easing="out">WindowClose</animation>
			<animation effect="slide" start="-2015,0" end="0,0" time="400" tween="quadratic" easing="out">Visible</animation>
			<animation effect="slide" start="0,0" end="-2015,0" time="400" tween="quadratic" easing="out">Hidden</animation>
			<animation effect="slide" start="0,0" end="-125,0" time="300" condition="[Window.IsActive(ShutdownMenu) | Window.IsActive(ContextMenu)] + !String.IsEqual(Skin.AspectRatio,21:9)">Conditional</animation>
			<!--title bars and backgrounds-->
			<include content="DynamicDialogBackground">
				<param name="dialog-width" value="1390" />
				<param name="dialog-height" value="783" />
				<param name="glow-width" value="1470" />
				<param name="glow-height" value="863" />
				<param name="sidebar-visible" value="true" />
				<param name="sidebar-width" value="375" />
				<param name="buttonbar-visible" value="true" />
				<param name="buttonbar-height" value="70" />
			</include>
			<!--close window button-->
			<control type="button">
				<left>5</left>
				<width>50</width>
				<height>25</height>
				<label></label>
				<font></font>
				<onclick>PreviousMenu</onclick>
				<texturefocus>DialogCloseButton-focus.png</texturefocus>
				<texturenofocus>DialogCloseButton.png</texturenofocus>
				<onleft>9000</onleft>
				<onright>9000</onright>
				<onup>9000</onup>
				<ondown>9000</ondown>
				<visible>system.getbool(input.enablemouse)</visible>
			</control>
			<!--main content-->
			<control type="group">
				<!--title-->
				<control type="label" id="500">
					<left>45</left>
					<top>25</top>
					<width>1545</width>
					<height>60</height>
					<font>info.title</font>
					<align>left</align>
					<aligny>center</aligny>
					<textcolor>white</textcolor>
					<label></label>
				</control>
				<!--shortcuts-->
				<control type="list" id="211">
					<left>10</left>
					<top>120</top>
					<width>390</width>
					<height>585</height>
					<pagecontrol>31</pagecontrol>
					<onleft>31</onleft>
					<onright>300</onright>
					<onup>211</onup>
					<ondown>308</ondown>
					<itemlayout width="585" height="65">
						<control type="label">
							<left>15</left>
							<top>0</top>
							<width>570</width>
							<height>60</height>
							<font>button</font>
							<textcolor>white</textcolor>
							<align>left</align>
							<aligny>center</aligny>
							<label>$INFO[ListItem.Label]</label>
						</control>
					</itemlayout>
					<focusedlayout width="585" height="65">
						<!--focused bg-->
						<control type="image">
							<left>0</left>
							<top>0</top>
							<width>355</width>
							<height>60</height>
							<texture colordiffuse="white">backgrounds/white.png</texture>
							<animation effect="fade" start="100" end="30" time="100" condition="!Control.HasFocus(211)">Conditional</animation>
						</control>
						<!--label-->
						<control type="label">
							<left>15</left>
							<top>0</top>
							<width>325</width>
							<height>60</height>
							<font>button</font>
							<textcolor>$INFO[Skin.String(color.900)]</textcolor>
							<align>left</align>
							<aligny>center</aligny>
							<label>$INFO[ListItem.Label]</label>
						</control>
					</focusedlayout>
				</control>
				<!--scrollbar-->
				<control type="scrollbar" id="31">
					<left>-12</left>
					<top>110</top>
					<height>603</height>
					<onleft>300</onleft>
					<onright>211</onright>
				</control>
				<!--inline controls-->
				<control type="grouplist" id="1000">
					<left>385</left>
					<top>120</top>
					<width>995</width>
					<height>525</height>
					<align>justify</align>
					<orientation>horizontal</orientation>
					<!--up button-->
					<include content="AnimatedCircleButtonGroup">
						<param name="button-id" value="303" />
						<param name="button-width" value="160" />
						<param name="button-texture" value="upbutton" />
						<param name="button-label" value="$ADDON[script.skinshortcuts 32002]" />
						<param name="button-onup" value="9001" />
						<param name="button-ondown" value="300" />
						<param name="button-onleft" value="211" />
						<param name="button-onright" value="304" />
					</include>
					<!--down button-->
					<include content="AnimatedCircleButtonGroup">
						<param name="button-id" value="304" />
						<param name="button-width" value="190" />
						<param name="button-texture" value="downbutton" />
						<param name="button-label" value="$ADDON[script.skinshortcuts 32003]" />
						<param name="button-onup" value="9001" />
						<param name="button-ondown" value="300" />
						<param name="button-onleft" value="303" />
						<param name="button-onright" value="302" />
					</include>
					<!--delete button-->
					<include content="AnimatedCircleButtonGroup">
						<param name="button-id" value="302" />
						<param name="button-width" value="140" />
						<param name="button-texture" value="nobutton" />
						<param name="button-label" value="$ADDON[script.skinshortcuts 32001]" />
						<param name="button-onup" value="9001" />
						<param name="button-ondown" value="300" />
						<param name="button-onleft" value="304" />
						<param name="button-onright" value="301" />
					</include>
					<!--add button-->
					<include content="AnimatedCircleButtonGroup">
						<param name="button-id" value="301" />
						<param name="button-width" value="115" />
						<param name="button-texture" value="addbutton" />
						<param name="button-label" value="$ADDON[script.skinshortcuts 32000]" />
						<param name="button-onup" value="9001" />
						<param name="button-ondown" value="300" />
						<param name="button-onleft" value="302" />
						<param name="button-onright" value="31" />
					</include>
				</control>
				<!---control area-->
				<control type="grouplist" id="300">
					<left>385</left>
					<top>185</top>
					<width>995</width>
					<height>525</height>
					<itemgap>5</itemgap>
					<onleft>211</onleft>
					<onright>31</onright>
					<onup>1000</onup>
					<ondown>10</ondown>
					<!--enable/disable item-->
					<control type="radiobutton" id="313">
						<width>995</width>
						<selected>String.IsEqual(Container(211).ListItem.Property(skinshortcuts-disabled),True)</selected>
						<label>$LOCALIZE[24021]</label>
					</control>
					<!--change shortcut-->
					<control type="button" id="401">
						<width>995</width>
						<label>$ADDON[script.skinshortcuts 32048]</label>
						<enable>!String.IsEqual(Container(211).ListItem.Property(skinshortcuts-disabled),True)</enable>
					</control>
					<!--change label-->
					<control type="button" id="305">
						<width>995</width>
						<label>$ADDON[script.skinshortcuts 32025]</label>
						<label2>$INFO[Container(211).ListItem.Label]</label2>
						<enable>!String.IsEqual(Container(211).ListItem.Property(skinshortcuts-disabled),True)</enable>
					</control>
					<!--change action-->
					<control type="button" id="307">
						<width>995</width>
						<label>$ADDON[script.skinshortcuts 32027]</label>
						<label2>$INFO[Container(211).ListItem.Property(displaypath)]</label2>
						<enable>!String.IsEqual(Container(211).ListItem.Property(skinshortcuts-disabled),True)</enable>
					</control>
					<!--background-->
					<control type="button" id="310">
						<width>995</width>
						<label>$ADDON[script.skinshortcuts 32045]</label>
						<label2>$INFO[Container(211).ListItem.Property(background)]</label2>
						<enable>!String.IsEqual(Container(211).ListItem.Property(skinshortcuts-disabled),True)</enable>
					</control>
					<!--change widget-->
					<control type="button" id="312">
						<width>995</width>
						<label>$ADDON[script.skinshortcuts 32044]</label>
						<label2>$INFO[Container(211).ListItem.Property(widgetName)]</label2>
						<visible>String.IsEqual(Window.Property(groupname), mainmenu)</visible>
						<enable>!String.IsEqual(Container(211).ListItem.Property(skinshortcuts-disabled),True)</enable>
					</control>
					<!--edit sub-menu-->
					<control type="button" id="405">
						<width>995</width>
						<label>$ADDON[script.skinshortcuts 32072]</label>
						<visible>String.IsEqual(Window.Property("groupname"),mainmenu)</visible>
						<enable>!String.IsEqual(Container(211).ListItem.Property(skinshortcuts-disabled),True)</enable>
					</control>
				</control>
				<!--bottom buttons-->
				<control type="grouplist" id="9001">
					<centerleft>50%</centerleft>
					<top>65r</top>
					<width>1390</width>
					<height>60</height>
					<align>justify</align>
					<orientation>horizontal</orientation>
					<onleft>9001</onleft>
					<onright>9001</onright>
					<onup>301</onup>
					<ondown>401</ondown>
					<!--reset button-->
					<include content="AnimatedCircleButtonGroup">
						<param name="button-id" value="308" />
						<param name="button-width" value="275" />
						<param name="button-texture" value="refreshbutton" />
						<param name="button-label" value="$ADDON[script.skinshortcuts 32028]" />
						<param name="button-onup" value="211" />
						<param name="button-ondown" value="211" />
						<param name="button-onleft" value="10" />
						<param name="button-onright" value="10" />
					</include>
					<!--ok button-->
					<include content="AnimatedCircleButtonGroup">
						<param name="button-id" value="10" />
						<param name="button-width" value="130" />
						<param name="button-texture" value="yesbutton" />
						<param name="button-label" value="186" />
						<param name="button-onclick" value="Close" />
						<param name="button-onup" value="300" />
						<param name="button-ondown" value="401" />
						<param name="button-onleft" value="308" />
						<param name="button-onright" value="308" />
					</include>
				</control>
			</control>
		</control>
		<include>BehindDialogFadeOut</include>
	</controls>
</window>
