<includes>
	<include name="skinshortcuts-mainmenu">
		<item id="1">
			<property name="id">$NUMBER[1]</property>
			<label>$LOCALIZE[342]</label>
			<label2>Gemeinsamer Menüeintrag</label2>
			<icon>DefaultMovies.png</icon>
			<thumb />
			<property name="labelID">movies</property>
			<property name="defaultID">movies</property>
			<property name="widgetLayout">Square</property>
			<visible>[Library.HasContent(Movies)] + [Library.HasContent(Movies)]</visible>
			<onclick>ActivateWindow(Videos,videodb://movies/titles/,return)</onclick>
			<property name="path">ActivateWindow(Videos,videodb://movies/titles/,return)</property>
			<property name="list">videodb://movies/titles/</property>
			<visible>String.IsEqual(System.ProfileName,Master user)</visible>
			<property name="submenuVisibility">movies</property>
			<property name="group">mainmenu</property>
			<property name="hasSubmenu">True</property>
			</item>
		<item id="2">
			<property name="id">$NUMBER[2]</property>
			<label>$LOCALIZE[20343]</label>
			<label2>Gemeinsamer Menüeintrag</label2>
			<icon>DefaultTVShows.png</icon>
			<thumb />
			<property name="labelID">tvshows</property>
			<property name="defaultID">tvshows</property>
			<property name="widgetLayout">Square</property>
			<visible>[Library.HasContent(TVShows)] + [Library.HasContent(TVShows)]</visible>
			<onclick>ActivateWindow(Videos,videodb://tvshows/titles/,return)</onclick>
			<property name="path">ActivateWindow(Videos,videodb://tvshows/titles/,return)</property>
			<property name="list">videodb://tvshows/titles/</property>
			<visible>String.IsEqual(System.ProfileName,Master user)</visible>
			<property name="submenuVisibility">tvshows</property>
			<property name="group">mainmenu</property>
			<property name="hasSubmenu">True</property>
			</item>
		<item id="3">
			<property name="id">$NUMBER[3]</property>
			<label>Toolmaster Wizard</label>
			<label2>Benutzerdefinierter Eintrag</label2>
			<icon>DefaultShortcut.png</icon>
			<thumb />
			<property name="labelID">toolmasterwizard</property>
			<property name="defaultID" />
			<property name="widgetLayout">Square</property>
			<onclick>ActivateWindow(Programs,"plugin://plugin.program.toolmaster-matrix-wizard/?mode=builds",return)</onclick>
			<property name="path">ActivateWindow(Programs,"plugin://plugin.program.toolmaster-matrix-wizard/?mode=builds",return)</property>
			<property name="list">plugin://plugin.program.toolmaster-matrix-wizard/?mode=builds</property>
			<visible>String.IsEqual(System.ProfileName,Master user)</visible>
			<property name="submenuVisibility">toolmasterwizard</property>
			<property name="group">mainmenu</property>
			<property name="hasSubmenu">False</property>
			</item>
		<item id="4">
			<property name="id">$NUMBER[4]</property>
			<label>Adriwizard</label>
			<label2>Benutzerdefinierter Eintrag</label2>
			<icon>DefaultShortcut.png</icon>
			<thumb />
			<property name="labelID">adriwizard</property>
			<property name="defaultID" />
			<property name="widgetLayout">Square</property>
			<onclick>ActivateWindow(Programs,"plugin://plugin.program.adriwizard/?mode=builds",return)</onclick>
			<property name="path">ActivateWindow(Programs,"plugin://plugin.program.adriwizard/?mode=builds",return)</property>
			<property name="list">plugin://plugin.program.adriwizard/?mode=builds</property>
			<visible>String.IsEqual(System.ProfileName,Master user)</visible>
			<property name="submenuVisibility">adriwizard</property>
			<property name="group">mainmenu</property>
			<property name="hasSubmenu">False</property>
			</item>
		<item id="5">
			<property name="id">$NUMBER[5]</property>
			<label>KUS Wizard</label>
			<label2>Benutzerdefinierter Eintrag</label2>
			<icon>DefaultShortcut.png</icon>
			<thumb />
			<property name="labelID">kuswizard</property>
			<property name="defaultID" />
			<property name="widgetLayout">Square</property>
			<onclick>ActivateWindow(Programs,"plugin://plugin.program.kus-allinone-wizard/?mode=builds",return)</onclick>
			<property name="path">ActivateWindow(Programs,"plugin://plugin.program.kus-allinone-wizard/?mode=builds",return)</property>
			<property name="list">plugin://plugin.program.kus-allinone-wizard/?mode=builds</property>
			<visible>String.IsEqual(System.ProfileName,Master user)</visible>
			<property name="submenuVisibility">kuswizard</property>
			<property name="group">mainmenu</property>
			<property name="hasSubmenu">False</property>
			</item>
		<item id="6">
			<property name="id">$NUMBER[6]</property>
			<label>Open KD</label>
			<label2>Benutzerdefinierter Eintrag</label2>
			<icon>DefaultShortcut.png</icon>
			<thumb />
			<property name="labelID">openkd</property>
			<property name="defaultID" />
			<property name="widgetLayout">Square</property>
			<onclick>ActivateWindow(Programs,"plugin://plugin.program.openkd-allinone-wizard/?mode=builds",return)</onclick>
			<property name="path">ActivateWindow(Programs,"plugin://plugin.program.openkd-allinone-wizard/?mode=builds",return)</property>
			<property name="list">plugin://plugin.program.openkd-allinone-wizard/?mode=builds</property>
			<visible>String.IsEqual(System.ProfileName,Master user)</visible>
			<property name="submenuVisibility">openkd</property>
			<property name="group">mainmenu</property>
			<property name="hasSubmenu">False</property>
			</item>
		<item id="7">
			<property name="id">$NUMBER[7]</property>
			<label>$LOCALIZE[13000]</label>
			<label2>Gemeinsamer Menüeintrag</label2>
			<icon>DefaultShortcut.png</icon>
			<thumb />
			<property name="labelID">13000</property>
			<property name="defaultID">settings</property>
			<property name="widgetLayout">Square</property>
			<onclick>ActivateWindow(Settings)</onclick>
			<property name="path">ActivateWindow(Settings)</property>
			<property name="list">Settings</property>
			<visible>String.IsEqual(System.ProfileName,Master user)</visible>
			<property name="submenuVisibility">num-13000</property>
			<property name="group">mainmenu</property>
			<property name="hasSubmenu">True</property>
			</item>
		</include>
	<include />
	<include name="skinshortcuts-submenu">
		<item id="1">
			<property name="id">$NUMBER[1]</property>
			<property name="mainmenuid">1</property>
			<label>$LOCALIZE[31328]</label>
			<label2>$ADDON[script.skinshortcuts 32014]</label2>
			<icon>DefaultRecentlyAddedMovies.png</icon>
			<thumb />
			<property name="labelID">31328</property>
			<property name="defaultID">31328</property>
			<onclick>ActivateWindow(Videos,videodb://recentlyaddedmovies/,return)</onclick>
			<property name="path">ActivateWindow(Videos,videodb://recentlyaddedmovies/,return)</property>
			<property name="list">videodb://recentlyaddedmovies/</property>
			<visible>[String.IsEqual(System.ProfileName,Master user)] + String.IsEqual(Container(9000).ListItem.Property(submenuVisibility),movies)</visible>
			<property name="group">movies</property>
			<property name="isSubmenu">True</property>
			</item>
		<item id="2">
			<property name="id">$NUMBER[2]</property>
			<property name="mainmenuid">1</property>
			<label>$LOCALIZE[20434]</label>
			<label2>$LOCALIZE[342]</label2>
			<icon>DefaultShortcut.png</icon>
			<thumb />
			<property name="labelID">20434</property>
			<property name="defaultID">20434</property>
			<visible>[Library.HasContent(MovieSets)] + String.IsEqual(Container(9000).ListItem.Property(submenuVisibility),movies)</visible>
			<onclick>ActivateWindow(Videos,videodb://movies/sets/,return)</onclick>
			<property name="path">ActivateWindow(Videos,videodb://movies/sets/,return)</property>
			<property name="list">videodb://movies/sets/</property>
			<visible>String.IsEqual(System.ProfileName,Master user)</visible>
			<property name="group">movies</property>
			<property name="isSubmenu">True</property>
			</item>
		<item id="3">
			<property name="id">$NUMBER[3]</property>
			<property name="mainmenuid">1</property>
			<label>$LOCALIZE[369]</label>
			<label2>$LOCALIZE[342]</label2>
			<icon>DefaultShortcut.png</icon>
			<thumb />
			<property name="labelID">369</property>
			<property name="defaultID">369</property>
			<visible>[Library.HasContent(Movies)] + String.IsEqual(Container(9000).ListItem.Property(submenuVisibility),movies)</visible>
			<onclick>ActivateWindow(Videos,videodb://movies/titles/,return)</onclick>
			<property name="path">ActivateWindow(Videos,videodb://movies/titles/,return)</property>
			<property name="list">videodb://movies/titles/</property>
			<visible>String.IsEqual(System.ProfileName,Master user)</visible>
			<property name="group">movies</property>
			<property name="isSubmenu">True</property>
			</item>
		<item id="4">
			<property name="id">$NUMBER[4]</property>
			<property name="mainmenuid">1</property>
			<label>$LOCALIZE[135]</label>
			<label2>$LOCALIZE[342]</label2>
			<icon>DefaultShortcut.png</icon>
			<thumb />
			<property name="labelID">135</property>
			<property name="defaultID">135</property>
			<visible>[Library.HasContent(Movies)] + String.IsEqual(Container(9000).ListItem.Property(submenuVisibility),movies)</visible>
			<onclick>ActivateWindow(Videos,videodb://movies/genres/,return)</onclick>
			<property name="path">ActivateWindow(Videos,videodb://movies/genres/,return)</property>
			<property name="list">videodb://movies/genres/</property>
			<visible>String.IsEqual(System.ProfileName,Master user)</visible>
			<property name="group">movies</property>
			<property name="isSubmenu">True</property>
			</item>
		<item id="5">
			<property name="id">$NUMBER[5]</property>
			<property name="mainmenuid">1</property>
			<label>$LOCALIZE[652]</label>
			<label2>$LOCALIZE[342]</label2>
			<icon>DefaultShortcut.png</icon>
			<thumb />
			<property name="labelID">652</property>
			<property name="defaultID">652</property>
			<visible>[Library.HasContent(Movies)] + String.IsEqual(Container(9000).ListItem.Property(submenuVisibility),movies)</visible>
			<onclick>ActivateWindow(Videos,videodb://movies/years/,return)</onclick>
			<property name="path">ActivateWindow(Videos,videodb://movies/years/,return)</property>
			<property name="list">videodb://movies/years/</property>
			<visible>String.IsEqual(System.ProfileName,Master user)</visible>
			<property name="group">movies</property>
			<property name="isSubmenu">True</property>
			</item>
		<item id="6">
			<property name="id">$NUMBER[6]</property>
			<property name="mainmenuid">1</property>
			<label>$LOCALIZE[344]</label>
			<label2>$LOCALIZE[342]</label2>
			<icon>DefaultActor.png</icon>
			<thumb />
			<property name="labelID">344</property>
			<property name="defaultID">344</property>
			<visible>[Library.HasContent(Movies)] + String.IsEqual(Container(9000).ListItem.Property(submenuVisibility),movies)</visible>
			<onclick>ActivateWindow(Videos,videodb://movies/actors/,return)</onclick>
			<property name="path">ActivateWindow(Videos,videodb://movies/actors/,return)</property>
			<property name="list">videodb://movies/actors/</property>
			<visible>String.IsEqual(System.ProfileName,Master user)</visible>
			<property name="group">movies</property>
			<property name="isSubmenu">True</property>
			</item>
		<item id="1">
			<property name="id">$NUMBER[1]</property>
			<property name="mainmenuid">2</property>
			<label>$LOCALIZE[31328]</label>
			<label2>$ADDON[script.skinshortcuts 32014]</label2>
			<icon>DefaultRecentlyAddedEpisodes.png</icon>
			<thumb />
			<property name="labelID">31328</property>
			<property name="defaultID">31328</property>
			<onclick>ActivateWindow(Videos,videodb://recentlyaddedepisodes/,return)</onclick>
			<property name="path">ActivateWindow(Videos,videodb://recentlyaddedepisodes/,return)</property>
			<property name="list">videodb://recentlyaddedepisodes/</property>
			<visible>[String.IsEqual(System.ProfileName,Master user)] + String.IsEqual(Container(9000).ListItem.Property(submenuVisibility),tvshows)</visible>
			<property name="group">tvshows</property>
			<property name="isSubmenu">True</property>
			</item>
		<item id="2">
			<property name="id">$NUMBER[2]</property>
			<property name="mainmenuid">2</property>
			<label>$LOCALIZE[369]</label>
			<label2>$LOCALIZE[20343]</label2>
			<icon>DefaultShortcut.png</icon>
			<thumb />
			<property name="labelID">369</property>
			<property name="defaultID">369</property>
			<visible>[Library.HasContent(TVShows)] + String.IsEqual(Container(9000).ListItem.Property(submenuVisibility),tvshows)</visible>
			<onclick>ActivateWindow(Videos,videodb://tvshows/titles/,return)</onclick>
			<property name="path">ActivateWindow(Videos,videodb://tvshows/titles/,return)</property>
			<property name="list">videodb://tvshows/titles/</property>
			<visible>String.IsEqual(System.ProfileName,Master user)</visible>
			<property name="group">tvshows</property>
			<property name="isSubmenu">True</property>
			</item>
		<item id="3">
			<property name="id">$NUMBER[3]</property>
			<property name="mainmenuid">2</property>
			<label>$LOCALIZE[135]</label>
			<label2>$LOCALIZE[20343]</label2>
			<icon>DefaultShortcut.png</icon>
			<thumb />
			<property name="labelID">135</property>
			<property name="defaultID">135</property>
			<visible>[Library.HasContent(TVShows)] + String.IsEqual(Container(9000).ListItem.Property(submenuVisibility),tvshows)</visible>
			<onclick>ActivateWindow(Videos,videodb://tvshows/genres/,return)</onclick>
			<property name="path">ActivateWindow(Videos,videodb://tvshows/genres/,return)</property>
			<property name="list">videodb://tvshows/genres/</property>
			<visible>String.IsEqual(System.ProfileName,Master user)</visible>
			<property name="group">tvshows</property>
			<property name="isSubmenu">True</property>
			</item>
		<item id="4">
			<property name="id">$NUMBER[4]</property>
			<property name="mainmenuid">2</property>
			<label>$LOCALIZE[652]</label>
			<label2>$LOCALIZE[20343]</label2>
			<icon>DefaultShortcut.png</icon>
			<thumb />
			<property name="labelID">652</property>
			<property name="defaultID">652</property>
			<visible>[Library.HasContent(TVShows)] + String.IsEqual(Container(9000).ListItem.Property(submenuVisibility),tvshows)</visible>
			<onclick>ActivateWindow(Videos,videodb://tvshows/years/,return)</onclick>
			<property name="path">ActivateWindow(Videos,videodb://tvshows/years/,return)</property>
			<property name="list">videodb://tvshows/years/</property>
			<visible>String.IsEqual(System.ProfileName,Master user)</visible>
			<property name="group">tvshows</property>
			<property name="isSubmenu">True</property>
			</item>
		<item id="5">
			<property name="id">$NUMBER[5]</property>
			<property name="mainmenuid">2</property>
			<label>$LOCALIZE[344]</label>
			<label2>$LOCALIZE[20343]</label2>
			<icon>DefaultActor.png</icon>
			<thumb />
			<property name="labelID">344</property>
			<property name="defaultID">344</property>
			<visible>[Library.HasContent(TVShows)] + String.IsEqual(Container(9000).ListItem.Property(submenuVisibility),tvshows)</visible>
			<onclick>ActivateWindow(Videos,videodb://tvshows/actors/,return)</onclick>
			<property name="path">ActivateWindow(Videos,videodb://tvshows/actors/,return)</property>
			<property name="list">videodb://tvshows/actors/</property>
			<visible>String.IsEqual(System.ProfileName,Master user)</visible>
			<property name="group">tvshows</property>
			<property name="isSubmenu">True</property>
			</item>
		<item id="1">
			<property name="id">$NUMBER[1]</property>
			<property name="mainmenuid">7</property>
			<label>$LOCALIZE[166]</label>
			<label2>$ADDON[script.skinshortcuts 32034]</label2>
			<icon>DefaultFolder.png</icon>
			<thumb />
			<property name="labelID">166</property>
			<property name="defaultID">166</property>
			<onclick>ActivateWindow(SkinSettings)</onclick>
			<property name="path">ActivateWindow(SkinSettings)</property>
			<property name="list">SkinSettings</property>
			<visible>[String.IsEqual(System.ProfileName,Master user)] + String.IsEqual(Container(9000).ListItem.Property(submenuVisibility),num-13000)</visible>
			<property name="group">13000</property>
			<property name="isSubmenu">True</property>
			</item>
		<item id="2">
			<property name="id">$NUMBER[2]</property>
			<property name="mainmenuid">7</property>
			<label>$LOCALIZE[7]</label>
			<label2>$ADDON[script.skinshortcuts 32034]</label2>
			<icon>DefaultFolder.png</icon>
			<thumb />
			<property name="labelID">7</property>
			<property name="defaultID">7</property>
			<onclick>ActivateWindow(FileManager)</onclick>
			<property name="path">ActivateWindow(FileManager)</property>
			<property name="list">FileManager</property>
			<visible>[String.IsEqual(System.ProfileName,Master user)] + String.IsEqual(Container(9000).ListItem.Property(submenuVisibility),num-13000)</visible>
			<property name="group">13000</property>
			<property name="isSubmenu">True</property>
			</item>
		<item id="3">
			<property name="id">$NUMBER[3]</property>
			<property name="mainmenuid">7</property>
			<label>$LOCALIZE[13200]</label>
			<label2>$ADDON[script.skinshortcuts 32034]</label2>
			<icon>DefaultShortcut.png</icon>
			<thumb />
			<property name="labelID">13200</property>
			<property name="defaultID">13200</property>
			<onclick>ActivateWindow(Profiles)</onclick>
			<property name="path">ActivateWindow(Profiles)</property>
			<property name="list">Profiles</property>
			<visible>[String.IsEqual(System.ProfileName,Master user)] + String.IsEqual(Container(9000).ListItem.Property(submenuVisibility),num-13000)</visible>
			<property name="group">13000</property>
			<property name="isSubmenu">True</property>
			</item>
		<item id="4">
			<property name="id">$NUMBER[4]</property>
			<property name="mainmenuid">7</property>
			<label>$LOCALIZE[130]</label>
			<label2>$ADDON[script.skinshortcuts 32034]</label2>
			<icon>DefaultShortcut.png</icon>
			<thumb />
			<property name="labelID">130</property>
			<property name="defaultID">130</property>
			<onclick>ActivateWindow(SystemInfo)</onclick>
			<property name="path">ActivateWindow(SystemInfo)</property>
			<property name="list">SystemInfo</property>
			<visible>[String.IsEqual(System.ProfileName,Master user)] + String.IsEqual(Container(9000).ListItem.Property(submenuVisibility),num-13000)</visible>
			<property name="group">13000</property>
			<property name="isSubmenu">True</property>
			</item>
		<item id="5">
			<property name="id">$NUMBER[5]</property>
			<property name="mainmenuid">7</property>
			<label>$LOCALIZE[14111]</label>
			<label2>$ADDON[script.skinshortcuts 32034]</label2>
			<icon>DefaultShortcut.png</icon>
			<thumb />
			<property name="labelID">14111</property>
			<property name="defaultID">14111</property>
			<visible>[[system.getbool(eventlog.enabled)] + [system.getbool(eventlog.enabled)]] + String.IsEqual(Container(9000).ListItem.Property(submenuVisibility),num-13000)</visible>
			<onclick>ActivateWindow(EventLog,events://,return)</onclick>
			<property name="path">ActivateWindow(EventLog,events://,return)</property>
			<property name="list">events://</property>
			<visible>String.IsEqual(System.ProfileName,Master user)</visible>
			<property name="group">13000</property>
			<property name="isSubmenu">True</property>
			</item>
		</include>
	<include name="skinshortcuts-template-submenu">
		<include condition="String.IsEqual(System.ProfileName,Master user)">skinshortcuts-template-submenu-Master user</include>
		</include>
	<include name="skinshortcuts-template-submenu-Master user">
		<control type="fixedlist" id="9901">
			<visible>String.IsEqual(Container(9000).ListItem.Property(submenuVisibility),movies)</visible>
			<centerleft>50%</centerleft>
			<top>107</top>
			<width>1350</width>
			<height>60</height>
			<onup>9000</onup>
			<ondown>9002</ondown>
			<itemgap>0</itemgap>
			<focusposition>2</focusposition>
			<movement>2</movement>
			<orientation>Horizontal</orientation>
			<animation effect="slide" start="0,0" end="0,-97" time="200" tween="quadratic" easing="out">Hidden</animation>
			<animation effect="slide" start="0,0" end="-135,0" time="0" condition="String.IsEqual(Container(9901).NumItems,2) | String.IsEqual(Container(9901).NumItems,4)">conditional</animation>
			<animation effect="slide" start="0,-97" end="0,0" delay="250" time="200" tween="quadratic">Visible</animation>
			<itemlayout width="270" height="60">
				<control type="image">
					<height>60</height>
					<width>270</width>
					<texture colordiffuse="$INFO[Skin.String(color.tertiary)]">backgrounds/white.png</texture>
					</control>
				<control type="label">
					<height>60</height>
					<width>270</width>
					<align>center</align>
					<aligny>center</aligny>
					<font>button</font>
					<textcolor>$INFO[Skin.String(color.text)]</textcolor>
					<info>ListItem.Label</info>
					</control>
				</itemlayout>
			<focusedlayout width="270" height="60">
				<control type="image">
					<height>60</height>
					<width>270</width>
					<texture colordiffuse="$INFO[Skin.String(color.500)]">backgrounds/white.png</texture>
					<visible>Control.HasFocus(9901)</visible>
					</control>
				<control type="label">
					<height>60</height>
					<width>270</width>
					<align>center</align>
					<aligny>center</aligny>
					<font>button</font>
					<textcolor>white</textcolor>
					<info>ListItem.Label</info>
					<visible>Control.HasFocus(9901)</visible>
					</control>
				<control type="image">
					<height>60</height>
					<width>270</width>
					<texture colordiffuse="$INFO[Skin.String(color.tertiary)]">backgrounds/white.png</texture>
					<visible>!Control.HasFocus(9901)</visible>
					</control>
				<control type="label">
					<height>60</height>
					<width>270</width>
					<align>center</align>
					<aligny>center</aligny>
					<font>button</font>
					<textcolor>$INFO[Skin.String(color.text)]</textcolor>
					<info>ListItem.Label</info>
					<visible>!Control.HasFocus(9901)</visible>
					</control>
				</focusedlayout>
			<content>
				<item id="1">
					<property name="id">$NUMBER[1]</property>
					<property name="mainmenuid">1</property>
					<label>$LOCALIZE[31328]</label>
					<label2>$ADDON[script.skinshortcuts 32014]</label2>
					<icon>DefaultRecentlyAddedMovies.png</icon>
					<thumb />
					<property name="labelID">31328</property>
					<property name="defaultID">31328</property>
					<onclick>ActivateWindow(Videos,videodb://recentlyaddedmovies/,return)</onclick>
					<property name="path">ActivateWindow(Videos,videodb://recentlyaddedmovies/,return)</property>
					<property name="list">videodb://recentlyaddedmovies/</property>
					<property name="group">movies</property>
					<property name="isSubmenu">True</property>
					</item>
				<item id="2">
					<property name="id">$NUMBER[2]</property>
					<property name="mainmenuid">1</property>
					<label>$LOCALIZE[20434]</label>
					<label2>$LOCALIZE[342]</label2>
					<icon>DefaultShortcut.png</icon>
					<thumb />
					<property name="labelID">20434</property>
					<property name="defaultID">20434</property>
					<visible>Library.HasContent(MovieSets)</visible>
					<onclick>ActivateWindow(Videos,videodb://movies/sets/,return)</onclick>
					<property name="path">ActivateWindow(Videos,videodb://movies/sets/,return)</property>
					<property name="list">videodb://movies/sets/</property>
					<property name="group">movies</property>
					<property name="isSubmenu">True</property>
					</item>
				<item id="3">
					<property name="id">$NUMBER[3]</property>
					<property name="mainmenuid">1</property>
					<label>$LOCALIZE[369]</label>
					<label2>$LOCALIZE[342]</label2>
					<icon>DefaultShortcut.png</icon>
					<thumb />
					<property name="labelID">369</property>
					<property name="defaultID">369</property>
					<visible>Library.HasContent(Movies)</visible>
					<onclick>ActivateWindow(Videos,videodb://movies/titles/,return)</onclick>
					<property name="path">ActivateWindow(Videos,videodb://movies/titles/,return)</property>
					<property name="list">videodb://movies/titles/</property>
					<property name="group">movies</property>
					<property name="isSubmenu">True</property>
					</item>
				<item id="4">
					<property name="id">$NUMBER[4]</property>
					<property name="mainmenuid">1</property>
					<label>$LOCALIZE[135]</label>
					<label2>$LOCALIZE[342]</label2>
					<icon>DefaultShortcut.png</icon>
					<thumb />
					<property name="labelID">135</property>
					<property name="defaultID">135</property>
					<visible>Library.HasContent(Movies)</visible>
					<onclick>ActivateWindow(Videos,videodb://movies/genres/,return)</onclick>
					<property name="path">ActivateWindow(Videos,videodb://movies/genres/,return)</property>
					<property name="list">videodb://movies/genres/</property>
					<property name="group">movies</property>
					<property name="isSubmenu">True</property>
					</item>
				<item id="5">
					<property name="id">$NUMBER[5]</property>
					<property name="mainmenuid">1</property>
					<label>$LOCALIZE[652]</label>
					<label2>$LOCALIZE[342]</label2>
					<icon>DefaultShortcut.png</icon>
					<thumb />
					<property name="labelID">652</property>
					<property name="defaultID">652</property>
					<visible>Library.HasContent(Movies)</visible>
					<onclick>ActivateWindow(Videos,videodb://movies/years/,return)</onclick>
					<property name="path">ActivateWindow(Videos,videodb://movies/years/,return)</property>
					<property name="list">videodb://movies/years/</property>
					<property name="group">movies</property>
					<property name="isSubmenu">True</property>
					</item>
				<item id="6">
					<property name="id">$NUMBER[6]</property>
					<property name="mainmenuid">1</property>
					<label>$LOCALIZE[344]</label>
					<label2>$LOCALIZE[342]</label2>
					<icon>DefaultActor.png</icon>
					<thumb />
					<property name="labelID">344</property>
					<property name="defaultID">344</property>
					<visible>Library.HasContent(Movies)</visible>
					<onclick>ActivateWindow(Videos,videodb://movies/actors/,return)</onclick>
					<property name="path">ActivateWindow(Videos,videodb://movies/actors/,return)</property>
					<property name="list">videodb://movies/actors/</property>
					<property name="group">movies</property>
					<property name="isSubmenu">True</property>
					</item>
				</content>
			</control>
		<control type="group">
			<top>-4</top>
			<visible>String.IsEqual(Container(9000).ListItem.Property(submenuVisibility),movies)</visible>
			<animation effect="slide" start="0,-97" end="0,0" delay="250" time="200" tween="quadratic">Visible</animation>
			<animation effect="slide" start="0,0" end="0,-97" time="200" tween="quadratic" easing="out">Hidden</animation>
			<include>HomeSubMenuArrows</include>
			</control>
		<control type="fixedlist" id="9901">
			<visible>String.IsEqual(Container(9000).ListItem.Property(submenuVisibility),tvshows)</visible>
			<centerleft>50%</centerleft>
			<top>107</top>
			<width>1350</width>
			<height>60</height>
			<onup>9000</onup>
			<ondown>9002</ondown>
			<itemgap>0</itemgap>
			<focusposition>2</focusposition>
			<movement>2</movement>
			<orientation>Horizontal</orientation>
			<animation effect="slide" start="0,0" end="0,-97" time="200" tween="quadratic" easing="out">Hidden</animation>
			<animation effect="slide" start="0,0" end="-135,0" time="0" condition="String.IsEqual(Container(9901).NumItems,2) | String.IsEqual(Container(9901).NumItems,4)">conditional</animation>
			<animation effect="slide" start="0,-97" end="0,0" delay="250" time="200" tween="quadratic">Visible</animation>
			<itemlayout width="270" height="60">
				<control type="image">
					<height>60</height>
					<width>270</width>
					<texture colordiffuse="$INFO[Skin.String(color.tertiary)]">backgrounds/white.png</texture>
					</control>
				<control type="label">
					<height>60</height>
					<width>270</width>
					<align>center</align>
					<aligny>center</aligny>
					<font>button</font>
					<textcolor>$INFO[Skin.String(color.text)]</textcolor>
					<info>ListItem.Label</info>
					</control>
				</itemlayout>
			<focusedlayout width="270" height="60">
				<control type="image">
					<height>60</height>
					<width>270</width>
					<texture colordiffuse="$INFO[Skin.String(color.500)]">backgrounds/white.png</texture>
					<visible>Control.HasFocus(9901)</visible>
					</control>
				<control type="label">
					<height>60</height>
					<width>270</width>
					<align>center</align>
					<aligny>center</aligny>
					<font>button</font>
					<textcolor>white</textcolor>
					<info>ListItem.Label</info>
					<visible>Control.HasFocus(9901)</visible>
					</control>
				<control type="image">
					<height>60</height>
					<width>270</width>
					<texture colordiffuse="$INFO[Skin.String(color.tertiary)]">backgrounds/white.png</texture>
					<visible>!Control.HasFocus(9901)</visible>
					</control>
				<control type="label">
					<height>60</height>
					<width>270</width>
					<align>center</align>
					<aligny>center</aligny>
					<font>button</font>
					<textcolor>$INFO[Skin.String(color.text)]</textcolor>
					<info>ListItem.Label</info>
					<visible>!Control.HasFocus(9901)</visible>
					</control>
				</focusedlayout>
			<content>
				<item id="1">
					<property name="id">$NUMBER[1]</property>
					<property name="mainmenuid">2</property>
					<label>$LOCALIZE[31328]</label>
					<label2>$ADDON[script.skinshortcuts 32014]</label2>
					<icon>DefaultRecentlyAddedEpisodes.png</icon>
					<thumb />
					<property name="labelID">31328</property>
					<property name="defaultID">31328</property>
					<onclick>ActivateWindow(Videos,videodb://recentlyaddedepisodes/,return)</onclick>
					<property name="path">ActivateWindow(Videos,videodb://recentlyaddedepisodes/,return)</property>
					<property name="list">videodb://recentlyaddedepisodes/</property>
					<property name="group">tvshows</property>
					<property name="isSubmenu">True</property>
					</item>
				<item id="2">
					<property name="id">$NUMBER[2]</property>
					<property name="mainmenuid">2</property>
					<label>$LOCALIZE[369]</label>
					<label2>$LOCALIZE[20343]</label2>
					<icon>DefaultShortcut.png</icon>
					<thumb />
					<property name="labelID">369</property>
					<property name="defaultID">369</property>
					<visible>Library.HasContent(TVShows)</visible>
					<onclick>ActivateWindow(Videos,videodb://tvshows/titles/,return)</onclick>
					<property name="path">ActivateWindow(Videos,videodb://tvshows/titles/,return)</property>
					<property name="list">videodb://tvshows/titles/</property>
					<property name="group">tvshows</property>
					<property name="isSubmenu">True</property>
					</item>
				<item id="3">
					<property name="id">$NUMBER[3]</property>
					<property name="mainmenuid">2</property>
					<label>$LOCALIZE[135]</label>
					<label2>$LOCALIZE[20343]</label2>
					<icon>DefaultShortcut.png</icon>
					<thumb />
					<property name="labelID">135</property>
					<property name="defaultID">135</property>
					<visible>Library.HasContent(TVShows)</visible>
					<onclick>ActivateWindow(Videos,videodb://tvshows/genres/,return)</onclick>
					<property name="path">ActivateWindow(Videos,videodb://tvshows/genres/,return)</property>
					<property name="list">videodb://tvshows/genres/</property>
					<property name="group">tvshows</property>
					<property name="isSubmenu">True</property>
					</item>
				<item id="4">
					<property name="id">$NUMBER[4]</property>
					<property name="mainmenuid">2</property>
					<label>$LOCALIZE[652]</label>
					<label2>$LOCALIZE[20343]</label2>
					<icon>DefaultShortcut.png</icon>
					<thumb />
					<property name="labelID">652</property>
					<property name="defaultID">652</property>
					<visible>Library.HasContent(TVShows)</visible>
					<onclick>ActivateWindow(Videos,videodb://tvshows/years/,return)</onclick>
					<property name="path">ActivateWindow(Videos,videodb://tvshows/years/,return)</property>
					<property name="list">videodb://tvshows/years/</property>
					<property name="group">tvshows</property>
					<property name="isSubmenu">True</property>
					</item>
				<item id="5">
					<property name="id">$NUMBER[5]</property>
					<property name="mainmenuid">2</property>
					<label>$LOCALIZE[344]</label>
					<label2>$LOCALIZE[20343]</label2>
					<icon>DefaultActor.png</icon>
					<thumb />
					<property name="labelID">344</property>
					<property name="defaultID">344</property>
					<visible>Library.HasContent(TVShows)</visible>
					<onclick>ActivateWindow(Videos,videodb://tvshows/actors/,return)</onclick>
					<property name="path">ActivateWindow(Videos,videodb://tvshows/actors/,return)</property>
					<property name="list">videodb://tvshows/actors/</property>
					<property name="group">tvshows</property>
					<property name="isSubmenu">True</property>
					</item>
				</content>
			</control>
		<control type="group">
			<top>-4</top>
			<visible>String.IsEqual(Container(9000).ListItem.Property(submenuVisibility),tvshows)</visible>
			<animation effect="slide" start="0,-97" end="0,0" delay="250" time="200" tween="quadratic">Visible</animation>
			<animation effect="slide" start="0,0" end="0,-97" time="200" tween="quadratic" easing="out">Hidden</animation>
			<include>HomeSubMenuArrows</include>
			</control>
		<control type="fixedlist" id="9901">
			<visible>String.IsEqual(Container(9000).ListItem.Property(submenuVisibility),num-13000)</visible>
			<centerleft>50%</centerleft>
			<top>107</top>
			<width>1350</width>
			<height>60</height>
			<onup>9000</onup>
			<ondown>9002</ondown>
			<itemgap>0</itemgap>
			<focusposition>2</focusposition>
			<movement>2</movement>
			<orientation>Horizontal</orientation>
			<animation effect="slide" start="0,0" end="0,-97" time="200" tween="quadratic" easing="out">Hidden</animation>
			<animation effect="slide" start="0,0" end="-135,0" time="0" condition="String.IsEqual(Container(9901).NumItems,2) | String.IsEqual(Container(9901).NumItems,4)">conditional</animation>
			<animation effect="slide" start="0,-97" end="0,0" delay="250" time="200" tween="quadratic">Visible</animation>
			<itemlayout width="270" height="60">
				<control type="image">
					<height>60</height>
					<width>270</width>
					<texture colordiffuse="$INFO[Skin.String(color.tertiary)]">backgrounds/white.png</texture>
					</control>
				<control type="label">
					<height>60</height>
					<width>270</width>
					<align>center</align>
					<aligny>center</aligny>
					<font>button</font>
					<textcolor>$INFO[Skin.String(color.text)]</textcolor>
					<info>ListItem.Label</info>
					</control>
				</itemlayout>
			<focusedlayout width="270" height="60">
				<control type="image">
					<height>60</height>
					<width>270</width>
					<texture colordiffuse="$INFO[Skin.String(color.500)]">backgrounds/white.png</texture>
					<visible>Control.HasFocus(9901)</visible>
					</control>
				<control type="label">
					<height>60</height>
					<width>270</width>
					<align>center</align>
					<aligny>center</aligny>
					<font>button</font>
					<textcolor>white</textcolor>
					<info>ListItem.Label</info>
					<visible>Control.HasFocus(9901)</visible>
					</control>
				<control type="image">
					<height>60</height>
					<width>270</width>
					<texture colordiffuse="$INFO[Skin.String(color.tertiary)]">backgrounds/white.png</texture>
					<visible>!Control.HasFocus(9901)</visible>
					</control>
				<control type="label">
					<height>60</height>
					<width>270</width>
					<align>center</align>
					<aligny>center</aligny>
					<font>button</font>
					<textcolor>$INFO[Skin.String(color.text)]</textcolor>
					<info>ListItem.Label</info>
					<visible>!Control.HasFocus(9901)</visible>
					</control>
				</focusedlayout>
			<content>
				<item id="1">
					<property name="id">$NUMBER[1]</property>
					<property name="mainmenuid">7</property>
					<label>$LOCALIZE[166]</label>
					<label2>$ADDON[script.skinshortcuts 32034]</label2>
					<icon>DefaultFolder.png</icon>
					<thumb />
					<property name="labelID">166</property>
					<property name="defaultID">166</property>
					<onclick>ActivateWindow(SkinSettings)</onclick>
					<property name="path">ActivateWindow(SkinSettings)</property>
					<property name="list">SkinSettings</property>
					<property name="group">13000</property>
					<property name="isSubmenu">True</property>
					</item>
				<item id="2">
					<property name="id">$NUMBER[2]</property>
					<property name="mainmenuid">7</property>
					<label>$LOCALIZE[7]</label>
					<label2>$ADDON[script.skinshortcuts 32034]</label2>
					<icon>DefaultFolder.png</icon>
					<thumb />
					<property name="labelID">7</property>
					<property name="defaultID">7</property>
					<onclick>ActivateWindow(FileManager)</onclick>
					<property name="path">ActivateWindow(FileManager)</property>
					<property name="list">FileManager</property>
					<property name="group">13000</property>
					<property name="isSubmenu">True</property>
					</item>
				<item id="3">
					<property name="id">$NUMBER[3]</property>
					<property name="mainmenuid">7</property>
					<label>$LOCALIZE[13200]</label>
					<label2>$ADDON[script.skinshortcuts 32034]</label2>
					<icon>DefaultShortcut.png</icon>
					<thumb />
					<property name="labelID">13200</property>
					<property name="defaultID">13200</property>
					<onclick>ActivateWindow(Profiles)</onclick>
					<property name="path">ActivateWindow(Profiles)</property>
					<property name="list">Profiles</property>
					<property name="group">13000</property>
					<property name="isSubmenu">True</property>
					</item>
				<item id="4">
					<property name="id">$NUMBER[4]</property>
					<property name="mainmenuid">7</property>
					<label>$LOCALIZE[130]</label>
					<label2>$ADDON[script.skinshortcuts 32034]</label2>
					<icon>DefaultShortcut.png</icon>
					<thumb />
					<property name="labelID">130</property>
					<property name="defaultID">130</property>
					<onclick>ActivateWindow(SystemInfo)</onclick>
					<property name="path">ActivateWindow(SystemInfo)</property>
					<property name="list">SystemInfo</property>
					<property name="group">13000</property>
					<property name="isSubmenu">True</property>
					</item>
				<item id="5">
					<property name="id">$NUMBER[5]</property>
					<property name="mainmenuid">7</property>
					<label>$LOCALIZE[14111]</label>
					<label2>$ADDON[script.skinshortcuts 32034]</label2>
					<icon>DefaultShortcut.png</icon>
					<thumb />
					<property name="labelID">14111</property>
					<property name="defaultID">14111</property>
					<visible>[system.getbool(eventlog.enabled)] + [system.getbool(eventlog.enabled)]</visible>
					<onclick>ActivateWindow(EventLog,events://,return)</onclick>
					<property name="path">ActivateWindow(EventLog,events://,return)</property>
					<property name="list">events://</property>
					<property name="group">13000</property>
					<property name="isSubmenu">True</property>
					</item>
				</content>
			</control>
		<control type="group">
			<top>-4</top>
			<visible>String.IsEqual(Container(9000).ListItem.Property(submenuVisibility),num-13000)</visible>
			<animation effect="slide" start="0,-97" end="0,0" delay="250" time="200" tween="quadratic">Visible</animation>
			<animation effect="slide" start="0,0" end="0,-97" time="200" tween="quadratic" easing="out">Hidden</animation>
			<include>HomeSubMenuArrows</include>
			</control>
		</include>
	</includes>
