<?xml version="1.0" encoding="UTF-8"?>
<window>
	<views>50</views>
	<controls>
		<!--all content-->
		<control type="group">
			<!--backgrounds (e.g. fanart-->
			<control type="group">
				<include>CommonBackground</include>
			</control>
			<!--views-->
			<control type="group">
				<visible>!Window.IsActive(MovieInformation)</visible>
				<include>Window_OpenClose_Animation</include>
			</control>
			<!--general window furniture-->
			<control type="group">
				<!--side blade bg-->
				<control type="image">
					<left>-15</left>
					<top>0</top>
					<width>390</width>
					<height>100%</height>
					<texture colordiffuse="$INFO[Skin.String(color.tertiary)]">backgrounds/white.png</texture>
				</control>
				<control type="image">
					<left>-15</left>
					<top>0</top>
					<width>390</width>
					<height>90</height>
					<texture colordiffuse="$INFO[Skin.String(color.500)]">backgrounds/white.png</texture>
				</control>
				<!--bottom shadow-->
				<control type="image">
					<left>-15</left>
					<top>90</top>
					<width>390</width>
					<height>10</height>
					<texture>homeshadow.png</texture>
					<animation effect="fade" start="100" end="75" time="0" condition="true">Conditional</animation>
				</control>
				<!--side blade title-->
				<control type="label">
					<left>15</left>
					<top>15</top>
					<width>360</width>
					<height>60</height>
					<label>Global Search</label>
					<font>menu.title</font>
					<textcolor>white</textcolor>
					<aligny>center</aligny>
				</control>
				<!--side blade shadow-->
				<control type="image">
					<left>375</left>
					<top>0</top>
					<width>30</width>
					<height>100%</height>
					<texture>sidebarshadow.png</texture>
					<visible>ControlGroup(9000).HasFocus | Control.HasFocus(9001) | Control.HasFocus(8999)</visible>
				</control>
				<control type="group">
					<top>100</top>
					<bottom>0</bottom>
					<!--buttons group-->
					<control type="group">
						<left>10</left>
						<width>375</width>
						<height>100%</height>
						<control type="grouplist">
							<left>15</left>
							<width>300</width>
							<itemgap>10</itemgap>
							<orientation>horizontal</orientation>
							<control type="label">
								<width>auto</width>
								<height>65</height>
								<aligny>center</aligny>
								<font>button</font>
								<label>$ADDON[script.globalsearch 32297]</label>
								<visible>Control.IsVisible(991)</visible>
							</control>
							<control type="label">
								<width>auto</width>
								<height>65</height>
								<aligny>center</aligny>
								<font>button</font>
								<label>$ADDON[script.globalsearch 32299]</label>
								<visible>!Control.IsVisible(991)</visible>
							</control>
							<control type="label" id="991">
								<width>225</width>
								<height>65</height>
								<aligny>center</aligny>
								<font>button</font>
								<label></label>
							</control>
						</control>
						<!--search-->
						<control type="group">
							<top>2</top>
							<left>300</left>
							<include content="AnimatedCircleButtonGroup">
								<param name="button-id" value="990" />
								<param name="button-width" value="60" />
								<param name="button-texture" value="browsebutton" />
								<param name="button-label" value="" />
								<param name="button-onup" value="SetFocus(9000,99,absolute)" />
								<param name="button-ondown" value="2" />
								<param name="button-onleft" value="50" />
								<param name="button-onright" value="50" />
							</include>
						</control>
						<!--view as-->
						<control type="button" id="2">
							<top>65</top>
							<textwidth>352</textwidth>
							<include>ButtonCommonValues</include>
							<onup>990</onup>
							<ondown>SetFocus(9000,0,absolute)</ondown>
							<onleft>50</onleft>
							<onright>50</onright>
							<onclick>Container.NextViewMode</onclick>
						</control>
						<!--content list-->
						<control type="list" id="9000">
							<top>130</top>
							<width>390</width>
							<height>650</height>
							<onleft>50</onleft>
							<onright>50</onright>
							<onup>2</onup>
							<ondown>990</ondown>
							<pagecontrol></pagecontrol>
							<scrolltime>300</scrolltime>
							<itemlayout height="65" width="355">
								<control type="label">
									<left>15</left>
									<top>0</top>
									<width>300</width>
									<height>60</height>
									<font>button</font>
									<align>left</align>
									<aligny>center</aligny>
									<label>$INFO[ListItem.Label]</label>
								</control>
								<control type="label">
									<right>15</right>
									<top>0</top>
									<width>155</width>
									<height>60</height>
									<font>button</font>
									<align>right</align>
									<aligny>center</aligny>
									<label>$INFO[ListItem.Label2]</label>
								</control>
							</itemlayout>
							<focusedlayout height="65" width="355">
								<control type="image">
									<left>0</left>
									<top>0</top>
									<width>355</width>
									<height>60</height>
									<texture colordiffuse="$INFO[Skin.String(color.500)]">backgrounds/white.png</texture>
									<visible>Control.HasFocus(9000)</visible>
								</control>
								<control type="label">
									<left>15</left>
									<top>0</top>
									<width>300</width>
									<height>60</height>
									<font>button</font>
									<textcolor>white</textcolor>
									<align>left</align>
									<aligny>center</aligny>
									<label>$INFO[ListItem.Label]</label>
									<visible>Control.HasFocus(9000)</visible>
								</control>
								<control type="label">
									<right>15</right>
									<top>0</top>
									<width>155</width>
									<height>60</height>
									<font>button</font>
									<textcolor>white</textcolor>
									<align>right</align>
									<aligny>center</aligny>
									<label>$INFO[ListItem.Label2]</label>
									<visible>Control.HasFocus(9000)</visible>
								</control>
								<control type="label">
									<left>15</left>
									<top>0</top>
									<width>300</width>
									<height>60</height>
									<font>button</font>
									<align>left</align>
									<aligny>center</aligny>
									<label>$INFO[ListItem.Label]</label>
									<visible>!Control.HasFocus(9000)</visible>
								</control>
								<control type="label">
									<right>15</right>
									<top>0</top>
									<width>155</width>
									<height>60</height>
									<font>button</font>
									<align>right</align>
									<aligny>center</aligny>
									<label>$INFO[ListItem.Label2]</label>
									<visible>!Control.HasFocus(9000)</visible>
								</control>
							</focusedlayout>
						</control>
					</control>
				</control>
				<control type="group">
					<include>VisibleFadeEffect</include>
					<include condition="String.IsEqual(Skin.AspectRatio,4:3)">TallListContainer</include>
					<include condition="!String.IsEqual(Skin.AspectRatio,4:3)">ShortListContainer</include>
					<visible>!Control.IsVisible(999)</visible>
					<centerleft>57%</centerleft>
					<width>1381</width>
					<!--content list-->
					<control type="list" id="50">
						<include condition="String.IsEqual(Skin.AspectRatio,4:3)">TallListSlide</include>
						<include condition="!String.IsEqual(Skin.AspectRatio,4:3)">ShortListSlide</include>
						<width>904</width>
						<onleft>9000</onleft>
						<onright>604</onright>
						<onup>50</onup>
						<ondown>50</ondown>
						<viewtype label="$LOCALIZE[544]">list</viewtype>
						<pagecontrol>604</pagecontrol>
						<scrolltime>200</scrolltime>
						<itemlayout height="70" width="904">
							<!--background-->
							<control type="image">
								<left>4</left>
								<top>0</top>
								<width>900</width>
								<height>60</height>
								<texture colordiffuse="button.nf">backgrounds/white.png</texture>
							</control>
							<!--main label-->
							<control type="label">
								<left>19</left>
								<top>0</top>
								<width>870</width>
								<height>60</height>
								<font>label</font>
								<textcolor>white</textcolor>
								<selectedcolor>$INFO[Skin.String(color.500)]</selectedcolor>
								<align>left</align>
								<aligny>center</aligny>
								<label>$INFO[ListItem.Label]</label>
								<visible>!Container.Content(songs)</visible>
							</control>
							<control type="label">
								<left>19</left>
								<top>0</top>
								<width>870</width>
								<height>60</height>
								<font>label</font>
								<textcolor>white</textcolor>
								<selectedcolor>$INFO[Skin.String(color.500)]</selectedcolor>
								<align>left</align>
								<aligny>center</aligny>
								<label>$INFO[ListItem.TrackNumber,,. ]$INFO[ListItem.Label]</label>
								<visible>Container.Content(songs)</visible>
							</control>
							<!-- actor and director count-->
							<control type="label">
								<right>15</right>
								<top>0</top>
								<width>870</width>
								<height>60</height>
								<font>label</font>
								<textcolor>white</textcolor>
								<selectedcolor>$INFO[Skin.String(color.500)]</selectedcolor>
								<align>right</align>
								<aligny>center</aligny>
								<label>$INFO[ListItem.Label2]</label>
								<visible>Container.Content(actors) | Container.Content(directors)</visible>
							</control>
						</itemlayout>
						<focusedlayout height="70" width="904">
							<!--background-->
							<control type="image">
								<left>4</left>
								<top>0</top>
								<width>900</width>
								<height>60</height>
								<texture colordiffuse="$INFO[Skin.String(color.tertiary)]">backgrounds/white.png</texture>
								<animation effect="fade" start="100" end="65" time="200" condition="!Control.HasFocus(50)">Conditional</animation>
							</control>
							<!--background strip-->
							<control type="image">
								<left>0</left>
								<top>0</top>
								<width>4</width>
								<height>60</height>
								<texture colordiffuse="$INFO[Skin.String(color.500)]">backgrounds/white.png</texture>
								<animation effect="fade" start="100" end="65" time="200" condition="!Control.HasFocus(50)">Conditional</animation>
							</control>
							<!--main label-->
							<control type="label">
								<left>19</left>
								<top>0</top>
								<width>870</width>
								<height>60</height>
								<font>label</font>
								<textcolor>$INFO[Skin.String(color.text)]</textcolor>
								<selectedcolor>$INFO[Skin.String(color.500)]</selectedcolor>
								<align>left</align>
								<aligny>center</aligny>
								<label>$INFO[ListItem.Label]</label>
								<visible>!Container.Content(songs)</visible>
							</control>
							<control type="label">
								<left>19</left>
								<top>0</top>
								<width>870</width>
								<height>60</height>
								<font>label</font>
								<textcolor>$INFO[Skin.String(color.text)]</textcolor>
								<selectedcolor>$INFO[Skin.String(color.500)]</selectedcolor>
								<align>left</align>
								<aligny>center</aligny>
								<label>$INFO[ListItem.TrackNumber,,. ]$INFO[ListItem.Label]</label>
								<visible>Container.Content(songs)</visible>
							</control>
							<!-- actor and director count-->
							<control type="label">
								<right>15</right>
								<top>0</top>
								<width>55</width>
								<height>60</height>
								<font>label</font>
								<textcolor>$INFO[Skin.String(color.text)]</textcolor>
								<selectedcolor>$INFO[Skin.String(color.500)]</selectedcolor>
								<align>right</align>
								<aligny>center</aligny>
								<label>$INFO[ListItem.Label2]</label>
								<visible>Container.Content(actors) | Container.Content(directors)</visible>
							</control>
						</focusedlayout>
					</control>
					<!--scrollbar-->
					<control type="scrollbar" id="604">
						<left>914</left>
						<bottom>10</bottom>
						<onleft>50</onleft>
						<onright>2</onright>
						<orientation>vertical</orientation>
						<showonepage>true</showonepage>
						<visible>Control.IsVisible(50)</visible>
					</control>
					<!--movies / tv shows info-->
					<control type="group">
						<left>931</left>
						<centertop>50%</centertop>
						<height>700</height>
						<visible>Control.IsVisible(50) + [Container.Content(Movies) | Container.Content(TVShows) | Container.Content(Seasons)]</visible>
						<!--background-->
						<control type="image">
							<left>-20</left>
							<top>-20</top>
							<width>550</width>
							<height>730</height>
							<texture background="true" colordiffuse="$INFO[Skin.String(color.tertiary)]">backgrounds/info bg.png</texture>
						</control>
						<!--fanart (fallback)-->
						<control type="image">
							<left>0</left>
							<top>0</top>
							<width>510</width>
							<height>287</height>
							<aspectratio>scale</aspectratio>
							<texture background="true" colordiffuse="$INFO[Skin.String(color.500)]">Fanart_Fallback_Small.png</texture>
							<visible>String.IsEmpty(ListItem.Art(fanart))</visible>
						</control>
						<!--fanart (no fallback)-->
						<control type="image">
							<left>0</left>
							<top>0</top>
							<width>510</width>
							<height>287</height>
							<aspectratio>scale</aspectratio>
							<texture background="true">$INFO[ListItem.Art(fanart)]</texture>
							<bordertexture background="true" colordiffuse="$INFO[Skin.String(color.tertiary)]">backgrounds/white.png</bordertexture>
							<bordersize>0</bordersize>
							<visible>!String.IsEmpty(ListItem.Art(fanart))</visible>
						</control>
						<!--info strip background-->
						<control type="image">
							<left>0</left>
							<top>287</top>
							<width>510</width>
							<height>60</height>
							<texture background="true" colordiffuse="$INFO[Skin.String(color.500)]">backgrounds/white.png</texture>
							<animation effect="slide" start="0,0" end="0,-7" time="0" condition="Container.Content(TVShows) | Container.Content(Seasons)">Conditional</animation>
						</control>
						<!--fanart shadow-->
						<control type="image">
							<left>0</left>
							<top>287</top>
							<width>510</width>
							<height>10</height>
							<texture>homeshadow.png</texture>
							<animation effect="fade" start="100" end="100" time="0" condition="true">Conditional</animation>
							<animation effect="slide" start="0,0" end="0,-7" time="0" condition="Container.Content(TVShows) | Container.Content(Seasons)">Conditional</animation>
						</control>
						<!--secondary label-->
						<control type="label">
							<left>15</left>
							<top>287</top>
							<width>480</width>
							<height>55</height>
							<font>secondary.info.big</font>
							<textcolor>white</textcolor>
							<selectedcolor>white</selectedcolor>
							<align>left</align>
							<aligny>center</aligny>
							<label>$INFO[ListItem.Year]$INFO[ListItem.Duration, • ,]$INFO[ListItem.Genre, • ,]</label>
							<visible>!Container.Content(Seasons)</visible>
							<animation effect="slide" start="0,0" end="0,-7" time="0" condition="Container.Content(TVShows) | Container.Content(Seasons)">Conditional</animation>
						</control>
						<!--secondary label-->
						<control type="label">
							<left>15</left>
							<top>280</top>
							<width>480</width>
							<height>55</height>
							<font>secondary.info.big</font>
							<textcolor>white</textcolor>
							<selectedcolor>white</selectedcolor>
							<align>left</align>
							<aligny>center</aligny>
							<label>$INFO[listitem.episode] $LOCALIZE[20360] ($INFO[ListItem.Property(UnWatchedEpisodes), , $LOCALIZE[16101]])</label>
							<visible>Container.Content(Seasons)</visible>
						</control>
						<!--plot (movies)-->
						<control type="textbox">
							<left>15</left>
							<top>354</top>
							<width>480</width>
							<height>268</height>
							<font>label</font>
							<align>left</align>
							<textcolor>$INFO[Skin.String(color.text)]</textcolor>
							<label>$INFO[ListItem.Plot]</label>
							<visible>Container.Content(Movies)</visible>
							<autoscroll time="2000" delay="5000" repeat="8000">Skin.HasSetting(AutoScroll)</autoscroll>
						</control>
						<!--plot (tv shows)-->
						<control type="textbox">
							<left>15</left>
							<top>342</top>
							<width>480</width>
							<height>338</height>
							<font>label</font>
							<align>left</align>
							<textcolor>$INFO[Skin.String(color.text)]</textcolor>
							<label>$INFO[ListItem.Plot]</label>
							<visible>Container.Content(TVShows)</visible>
							<autoscroll time="2000" delay="5000" repeat="8000">Skin.HasSetting(AutoScroll)</autoscroll>
						</control>
						<!--plot (tv shows)-->
						<control type="textbox">
							<left>15</left>
							<top>342</top>
							<width>480</width>
							<height>338</height>
							<font>label</font>
							<align>left</align>
							<textcolor>$INFO[Skin.String(color.text)]</textcolor>
							<label>$INFO[ListItem.Plot]</label>
							<visible>Container.Content(Seasons)</visible>
							<autoscroll time="2000" delay="5000" repeat="8000">Skin.HasSetting(AutoScroll)</autoscroll>
						</control>
						<!--info strip shadow-->
						<control type="image">
							<left>0</left>
							<top>347</top>
							<width>510</width>
							<height>10</height>
							<texture>homeshadow.png</texture>
							<animation effect="fade" start="100" end="100" time="0" condition="true">Conditional</animation>
							<animation effect="slide" start="0,0" end="0,-7" time="0" condition="Container.Content(TVShows) | Container.Content(Seasons)">Conditional</animation>
						</control>
						<!--audio/video flags-->
						<control type="group">
							<left>10</left>
							<top>640</top>
							<visible>Container.Content(Movies)</visible>
							<include>media.flags.small</include>
							<animation effect="zoom" start="100" end="96" center="10,600" time="0" condition="true">Conditional</animation>
						</control>
					</control>
					<!--episodes info-->
					<control type="group">
						<left>931</left>
						<centertop>50%</centertop>
						<height>700</height>
						<visible>Control.IsVisible(50) + Container.Content(Episodes)</visible>
						<!--background glow-->
						<control type="image">
							<left>-20</left>
							<top>-20</top>
							<width>550</width>
							<height>730</height>
							<texture background="true" colordiffuse="$INFO[Skin.String(color.tertiary)]">backgrounds/info bg.png</texture>
						</control>
						<!--background-->
						<control type="image">
							<left>0</left>
							<top>0</top>
							<width>510</width>
							<height>690</height>
							<texture background="true" colordiffuse="$INFO[Skin.String(color.tertiary)]">backgrounds/white.png</texture>
						</control>
						<!--thumb (fallback)-->
						<control type="image">
							<left>0</left>
							<top>0</top>
							<width>510</width>
							<height>287</height>
							<aspectratio>scale</aspectratio>
							<texture background="true" colordiffuse="$INFO[Skin.String(color.500)]">$INFO[ListItem.Icon]</texture>
							<visible>!String.Contains(ListItem.Icon,default)</visible>
						</control>
						<!--thumb (no fallback)-->
						<control type="image">
							<left>0</left>
							<top>0</top>
							<width>510</width>
							<height>287</height>
							<aspectratio>scale</aspectratio>
							<texture background="true">$INFO[ListItem.Icon]</texture>
							<bordertexture background="true" colordiffuse="$INFO[Skin.String(color.tertiary)]">backgrounds/white.png</bordertexture>
							<bordersize>0</bordersize>
							<visible>!String.Contains(ListItem.Icon,default)</visible>
						</control>
						<!--info strip background-->
						<control type="image">
							<left>0</left>
							<top>287</top>
							<width>510</width>
							<height>60</height>
							<texture background="true" colordiffuse="$INFO[Skin.String(color.500)]">backgrounds/white.png</texture>
							<animation effect="slide" start="0,0" end="0,-7" time="0" condition="Container.Content(TVShows) | Container.Content(Seasons)">Conditional</animation>
						</control>
						<!--fanart shadow-->
						<control type="image">
							<left>0</left>
							<top>287</top>
							<width>510</width>
							<height>10</height>
							<texture>homeshadow.png</texture>
							<animation effect="fade" start="100" end="100" time="0" condition="true">Conditional</animation>
							<animation effect="slide" start="0,0" end="0,-7" time="0" condition="Container.Content(TVShows) | Container.Content(Seasons)">Conditional</animation>
						</control>
						<!--secondary label-->
						<control type="label">
							<left>15</left>
							<top>287</top>
							<width>480</width>
							<height>55</height>
							<font>secondary.info.big</font>
							<textcolor>white</textcolor>
							<selectedcolor>white</selectedcolor>
							<align>left</align>
							<aligny>center</aligny>
							<label>$INFO[ListItem.Premiered]$INFO[ListItem.Duration, • ,]$INFO[listitem.Season, • S,x]$INFO[listitem.Episode,E,]</label>
						</control>
						<!--plot-->
						<control type="textbox">
							<left>15</left>
							<top>354</top>
							<width>480</width>
							<height>268</height>
							<font>label</font>
							<align>left</align>
							<textcolor>$INFO[Skin.String(color.text)]</textcolor>
							<label>$INFO[ListItem.Plot]</label>
							<autoscroll time="2000" delay="5000" repeat="8000">Skin.HasSetting(AutoScroll)</autoscroll>
						</control>
						<!--info strip shadow-->
						<control type="image">
							<left>0</left>
							<top>347</top>
							<width>510</width>
							<height>10</height>
							<texture>homeshadow.png</texture>
							<animation effect="fade" start="100" end="100" time="0" condition="true">Conditional</animation>
							<animation effect="slide" start="0,0" end="0,-7" time="0" condition="Container.Content(TVShows) | Container.Content(Seasons)">Conditional</animation>
						</control>
						<!--audio/video flags-->
						<control type="group">
							<left>10</left>
							<top>640</top>
							<include>media.flags.small</include>
							<animation effect="zoom" start="100" end="96" center="10,600" time="0" condition="true">Conditional</animation>
						</control>
					</control>
					<!--songs / album info -->
					<control type="group">
						<left>931</left>
						<centertop>50%</centertop>
						<height>700</height>
						<visible>Control.IsVisible(50) +  [Container.Content(Songs) | Container.Content(Albums)]</visible>
						<!--background-->
						<control type="image">
							<left>-18</left>
							<top>-20</top>
							<width>496</width>
							<height>730</height>
							<texture background="true" colordiffuse="$INFO[Skin.String(color.tertiary)]">backgrounds/info bg.png</texture>
						</control>
						<!--thumb (fallback)-->
						<control type="image">
							<left>0</left>
							<top>0</top>
							<width>460</width>
							<height>460</height>
							<aspectratio>scale</aspectratio>
							<texture background="true" colordiffuse="$INFO[Skin.String(color.500)]">$INFO[ListItem.Icon]</texture>
							<visible>String.Contains(ListItem.Icon,Default)</visible>
						</control>
						<!--thumb (no fallback)-->
						<control type="image">
							<left>0</left>
							<top>0</top>
							<width>460</width>
							<height>460</height>
							<aspectratio>scale</aspectratio>
							<texture background="true">$INFO[ListItem.Icon]</texture>
							<visible>!String.Contains(ListItem.Icon,Default)</visible>
						</control>
						<!--album info-->
						<control type="group">
							<top>460</top>
							<visible>!Container.Content(Songs)</visible>
							<!--info strip background-->
							<control type="image">
								<left>0</left>
								<top>0</top>
								<width>460</width>
								<height>95</height>
								<texture background="true" colordiffuse="$INFO[Skin.String(color.500)]">backgrounds/white.png</texture>
							</control>
							<!--thumb shadow-->
							<control type="image">
								<left>0</left>
								<top>0</top>
								<width>460</width>
								<height>10</height>
								<texture>homeshadow.png</texture>
								<animation effect="fade" start="100" end="100" time="0" condition="true">Conditional</animation>
							</control>
							<!--info strip shadow-->
							<control type="image">
								<left>0</left>
								<top>95</top>
								<width>460</width>
								<height>10</height>
								<texture>homeshadow.png</texture>
								<animation effect="fade" start="100" end="100" time="0" condition="true">Conditional</animation>
							</control>
							<!--artist label-->
							<control type="label">
								<left>15</left>
								<top>0</top>
								<width>430</width>
								<height>55</height>
								<font>secondary.info.big</font>
								<textcolor>white</textcolor>
								<selectedcolor>white</selectedcolor>
								<align>left</align>
								<aligny>center</aligny>
								<label>$INFO[ListItem.Artist]</label>
							</control>
							<!--album label-->
							<control type="label">
								<left>15</left>
								<top>35</top>
								<width>430</width>
								<height>55</height>
								<font>secondary.info.big</font>
								<textcolor>white</textcolor>
								<selectedcolor>white</selectedcolor>
								<align>left</align>
								<aligny>center</aligny>
								<label>$INFO[ListItem.Album]</label>
							</control>
							<control type="group">
								<top>95</top>
								<!--genre label-->
								<control type="label">
									<left>15</left>
									<top>0</top>
									<width>430</width>
									<height>55</height>
									<font>secondary.info.big</font>
									<textcolor>$INFO[Skin.String(color.text)]</textcolor>
									<selectedcolor>white</selectedcolor>
									<align>left</align>
									<aligny>center</aligny>
									<label>$INFO[ListItem.Genre]</label>
								</control>
								<!--year label-->
								<control type="label">
									<left>15</left>
									<top>35</top>
									<width>430</width>
									<height>55</height>
									<font>secondary.info.big</font>
									<textcolor>$INFO[Skin.String(color.text)]</textcolor>
									<selectedcolor>white</selectedcolor>
									<align>left</align>
									<aligny>center</aligny>
									<label>$INFO[ListItem.Year]</label>
								</control>
							</control>
							<!--rating stars-->
							<control type="image">
								<description>Rating value</description>
								<left>10</left>
								<top>180</top>
								<width>128</width>
								<height>32</height>
								<aspectratio>keep</aspectratio>
								<texture fallback="ratings/0.png" colordiffuse="$INFO[Skin.String(color.500)]">$INFO[ListItem.UserRating,ratings/,.png]</texture>
							</control>
						</control>
						<!--song info-->
						<control type="group">
							<top>460</top>
							<visible>Container.Content(Songs)</visible>
							<!--info strip background-->
							<control type="image">
								<left>0</left>
								<top>0</top>
								<width>460</width>
								<height>130</height>
								<texture background="true" colordiffuse="$INFO[Skin.String(color.500)]">backgrounds/white.png</texture>
							</control>
							<!--thumb shadow-->
							<control type="image">
								<left>0</left>
								<top>0</top>
								<width>460</width>
								<height>10</height>
								<texture>homeshadow.png</texture>
								<animation effect="fade" start="100" end="100" time="0" condition="true">Conditional</animation>
							</control>
							<!--info strip shadow-->
							<control type="image">
								<left>0</left>
								<top>130</top>
								<width>460</width>
								<height>10</height>
								<texture>homeshadow.png</texture>
								<animation effect="fade" start="100" end="100" time="0" condition="true">Conditional</animation>
							</control>
							<!--track/title label-->
							<control type="label">
								<left>15</left>
								<top>0</top>
								<width>430</width>
								<height>55</height>
								<font>secondary.info.big</font>
								<textcolor>white</textcolor>
								<selectedcolor>white</selectedcolor>
								<align>left</align>
								<aligny>center</aligny>
								<label>$INFO[listitem.TrackNumber,,.] $INFO[ListItem.Title]</label>
							</control>
							<!--artist label-->
							<control type="label">
								<left>15</left>
								<top>35</top>
								<width>430</width>
								<height>55</height>
								<font>secondary.info.big</font>
								<textcolor>white</textcolor>
								<selectedcolor>white</selectedcolor>
								<align>left</align>
								<aligny>center</aligny>
								<label>$INFO[ListItem.Artist]</label>
							</control>
							<!--album label-->
							<control type="label">
								<left>15</left>
								<top>70</top>
								<width>430</width>
								<height>55</height>
								<font>secondary.info.big</font>
								<textcolor>white</textcolor>
								<selectedcolor>white</selectedcolor>
								<align>left</align>
								<aligny>center</aligny>
								<label>$INFO[ListItem.Album]</label>
							</control>
							<control type="group">
								<top>130</top>
								<!--genre label-->
								<control type="label">
									<left>15</left>
									<top>0</top>
									<width>430</width>
									<height>55</height>
									<font>secondary.info.big</font>
									<textcolor>$INFO[Skin.String(color.text)]</textcolor>
									<selectedcolor>white</selectedcolor>
									<align>left</align>
									<aligny>center</aligny>
									<label>$INFO[ListItem.Genre]</label>
								</control>
								<!--year label-->
								<control type="label">
									<left>15</left>
									<top>35</top>
									<width>430</width>
									<height>55</height>
									<font>secondary.info.big</font>
									<textcolor>$INFO[Skin.String(color.text)]</textcolor>
									<selectedcolor>white</selectedcolor>
									<align>left</align>
									<aligny>center</aligny>
									<label>$INFO[ListItem.Year]</label>
								</control>
							</control>
						</control>
					</control>
					<!--artist / actor / director info -->
					<control type="group">
						<left>931</left>
						<centertop>50%</centertop>
						<height>460</height>
						<visible>Control.IsVisible(50) +  [Container.Content(Artists) | Container.Content(Actors) | Container.Content(Directors)]</visible>
						<!--background-->
						<control type="image">
							<left>-18</left>
							<top>-13</top>
							<width>496</width>
							<height>486</height>
							<texture background="true" colordiffuse="$INFO[Skin.String(color.tertiary)]">backgrounds/info bg.png</texture>
						</control>
						<!--thumb (fallback)-->
						<control type="image">
							<left>0</left>
							<top>0</top>
							<width>460</width>
							<height>460</height>
							<aspectratio>scale</aspectratio>
							<texture background="true" colordiffuse="$INFO[Skin.String(color.500)]">$INFO[ListItem.Icon]</texture>
							<visible>String.Contains(ListItem.Icon,Default)</visible>
						</control>
						<!--thumb (no fallback)-->
						<control type="image">
							<left>0</left>
							<top>0</top>
							<width>460</width>
							<height>460</height>
							<aspectratio>scale</aspectratio>
							<texture background="true">$INFO[ListItem.Icon]</texture>
							<visible>!String.Contains(ListItem.Icon,Default)</visible>
						</control>
					</control>
					<!--live tv info-->
					<control type="group">
						<left>931</left>
						<centertop>50%</centertop>
						<height>700</height>
						<visible>Control.IsVisible(50) + Container.Content(LiveTV)</visible>
						<!--background glow-->
						<control type="image">
							<left>-20</left>
							<top>-20</top>
							<width>550</width>
							<height>730</height>
							<texture background="true" colordiffuse="$INFO[Skin.String(color.tertiary)]">backgrounds/info bg.png</texture>
						</control>
						<!--background-->
						<control type="image">
							<left>0</left>
							<top>0</top>
							<width>510</width>
							<height>690</height>
							<texture background="true" colordiffuse="$INFO[Skin.String(color.tertiary)]">backgrounds/white.png</texture>
						</control>
						<!--thumb (fallback)-->
						<control type="image">
							<left>0</left>
							<top>0</top>
							<width>510</width>
							<height>287</height>
							<aspectratio>scale</aspectratio>
							<texture background="true" colordiffuse="$INFO[Skin.String(color.500)]">$INFO[ListItem.Icon]</texture>
							<visible>!String.Contains(ListItem.Icon,default)</visible>
						</control>
						<!--thumb (no fallback)-->
						<control type="image">
							<left>0</left>
							<top>0</top>
							<width>510</width>
							<height>287</height>
							<aspectratio>scale</aspectratio>
							<texture background="true">$INFO[ListItem.Icon]</texture>
							<bordertexture background="true" colordiffuse="$INFO[Skin.String(color.tertiary)]">backgrounds/white.png</bordertexture>
							<bordersize>0</bordersize>
							<visible>!String.Contains(ListItem.Icon,default)</visible>
						</control>
						<!--info strip background-->
						<control type="image">
							<left>0</left>
							<top>287</top>
							<width>510</width>
							<height>60</height>
							<texture background="true" colordiffuse="$INFO[Skin.String(color.500)]">backgrounds/white.png</texture>
						</control>
						<!--fanart shadow-->
						<control type="image">
							<left>0</left>
							<top>287</top>
							<width>510</width>
							<height>10</height>
							<texture>homeshadow.png</texture>
						</control>
						<!--secondary label-->
						<control type="label">
							<left>15</left>
							<top>287</top>
							<width>480</width>
							<height>55</height>
							<font>secondary.info.big</font>
							<textcolor>white</textcolor>
							<selectedcolor>white</selectedcolor>
							<align>left</align>
							<aligny>center</aligny>
							<label>$INFO[ListItem.Property(ChannelName)]</label>
						</control>
						<!--plot-->
						<control type="textbox">
							<left>15</left>
							<top>360</top>
							<width>480</width>
							<height>300</height>
							<font>label</font>
							<align>left</align>
							<textcolor>$INFO[Skin.String(color.text)]</textcolor>
							<label>$INFO[ListItem.Property(Plot)]</label>
							<autoscroll time="2000" delay="5000" repeat="8000">Skin.HasSetting(AutoScroll)</autoscroll>
						</control>
						<!--info strip shadow-->
						<control type="image">
							<left>0</left>
							<top>347</top>
							<width>510</width>
							<height>10</height>
							<texture>homeshadow.png</texture>
							<animation effect="fade" start="100" end="100" time="0" condition="true">Conditional</animation>
							<animation effect="slide" start="0,0" end="0,-7" time="0" condition="Container.Content(TVShows) | Container.Content(Seasons)">Conditional</animation>
						</control>
					</control>
				</control>
				<control type="label" id="999">
					<left>436</left>
					<top>0</top>
					<width>1484</width>
					<height>1080</height>
					<align>center</align>
					<aligny>center</aligny>
					<font>font_MainMenu</font>
					<label>$LOCALIZE[284]</label>
				</control>
			</control>
			<!--dialog fade-->
			<include>BehindDialogFadeOut</include>
			<include>CommonNowPlaying</include>
			<include>ScrollOffsetLabel</include>
			<include>Clock</include>
			<control type="group">
				<left>348</left>
				<include>CommonPageCount</include>
			</control>
		</control>
	</controls>
</window>