<?xml version="1.0" encoding="UTF-8"?>
<window>
	<defaultcontrol always="true">9000</defaultcontrol>
	<include>CheckSkinColorsSet</include>
	<onunload>RunScript(script.skinshortcuts,type=buildxml&amp;mainmenuID=9000&amp;group=mainmenu&amp;options=noGroups)</onunload>
	<controls>
		<include>CommonBackground</include>
		<include>Clock</include>
		<include>CommonNowPlaying</include>
		<!--breadcrumbs-->
		<include content="DynamicLeftBreadcrumb">
			<param name="breadcrumb1-label" value="$LOCALIZE[5]" />
			<param name="breadcrumb2-label" value="[LOWERCASE]$LOCALIZE[31072][/LOWERCASE]" />
			<param name="breadcrumb2-visible" value="true" />
		</include>
		<!--main content-->
		<control type="group">
			<centerleft>50%</centerleft>
			<centertop>50%</centertop>
			<width>1390</width>
			<height>783</height>
			<visible>![Window.IsActive(PVRChannelManager) | Window.IsActive(PVRGroupManager) | Window.IsActive(1100) | Window.IsActive(script-skinshortcuts.xml)]</visible>
			<animation effect="slide" start="0,1512" end="0,0" time="400" tween="quadratic" easing="out" condition="!Window.Previous(Settings.xml)">WindowOpen</animation>
			<animation effect="slide" start="0,0" end="0,1512" time="400" tween="quadratic" easing="out" condition="!Window.Next(Settings.xml)">WindowClose</animation>
			<animation effect="slide" start="2015,0" end="0,0" time="400" tween="quadratic" easing="out" condition="Window.Previous(Settings.xml)">WindowOpen</animation>
			<animation effect="slide" start="0,0" end="2015,0" time="400" tween="quadratic" easing="out" condition="Window.Next(Settings.xml)">WindowClose</animation>
			<animation effect="slide" start="2015,0" end="0,0" time="400" tween="quadratic" easing="out">Visible</animation>
			<animation effect="slide" start="0,0" end="-2015,0" time="400" tween="quadratic" easing="out">Hidden</animation>
			<!--title bars and backgrounds-->
			<include content="DynamicDialogBackground">
				<param name="dialog-width" value="1390" />
				<param name="dialog-height" value="783" />
				<param name="glow-width" value="1470" />
				<param name="glow-height" value="863" />
				<param name="sidebar-visible" value="true" />
				<param name="sidebar-width" value="375" />
			</include>
			<!--close window button-->
			<control type="button">
				<left>5</left>
				<width>50</width>
				<height>25</height>
				<label></label>
				<font></font>
				<onclick>PreviousMenu</onclick>
				<texturefocus>DialogCloseButton-focus.png</texturefocus>
				<texturenofocus>DialogCloseButton.png</texturenofocus>
				<onleft>9000</onleft>
				<onright>9000</onright>
				<onup>9000</onup>
				<ondown>9000</ondown>
				<visible>system.getbool(input.enablemouse)</visible>
			</control>
			<!--title-->
			<control type="label">
				<left>45</left>
				<top>25</top>
				<width>1545</width>
				<height>60</height>
				<font>info.title</font>
				<align>left</align>
				<aligny>center</aligny>
				<textcolor>white</textcolor>
				<label>$LOCALIZE[31072] - $LOCALIZE[5]</label>
			</control>
			<!--left buttons-->
			<control type="list" id="9000">
				<left>10</left>
				<top>120</top>
				<width>390</width>
				<height>645</height>
				<onleft>9010</onleft>
				<onright>9010</onright>
				<onup>9000</onup>
				<ondown>9000</ondown>
				<pagecontrol></pagecontrol>
				<itemlayout height="65" width="390">
					<!--label-->
					<control type="label">
						<left>15</left>
						<top>0</top>
						<width>570</width>
						<height>60</height>
						<font>button</font>
						<textcolor>white</textcolor>
						<align>left</align>
						<aligny>center</aligny>
						<label>$INFO[ListItem.Label]</label>
					</control>
				</itemlayout>
				<focusedlayout height="65" width="390">
					<!--focused bg-->
					<control type="image">
						<left>0</left>
						<top>0</top>
						<width>355</width>
						<height>60</height>
						<texture colordiffuse="white">backgrounds/white.png</texture>
						<animation effect="fade" start="100" end="30" time="100" condition="!Control.HasFocus(9000)">Conditional</animation>
					</control>
					<!--label-->
					<control type="label">
						<left>15</left>
						<top>0</top>
						<width>325</width>
						<height>60</height>
						<font>button</font>
						<textcolor>$INFO[Skin.String(color.900)]</textcolor>
						<align>left</align>
						<aligny>center</aligny>
						<label>$INFO[ListItem.Label]</label>
					</control>
				</focusedlayout>
				<content>
					<item id="1">
						<label>128</label>
						<label2>5</label2>
					</item>
					<item id="2">
						<label>513</label>
						<label2>31112</label2>
					</item>
					<item id="3">
						<label>31102</label>
						<label2>31112</label2>
					</item>
					<item id="4">
						<label>24000</label>
						<label2>31200</label2>
					</item>
					<item id="5">
						<label>31201</label>
						<label2>31112</label2>
					</item>
				</content>
			</control>
			<!--all settings-->
			<control type="group" id="9010">
				<!--general settings-->
				<control type="grouplist" id="9001">
					<visible>Container(9000).Hasfocus(1)</visible>
					<left>385</left>
					<top>120</top>
					<width>995</width>
					<height>645</height>
					<itemgap>5</itemgap>
					<pagecontrol>60</pagecontrol>
					<onleft>9000</onleft>
					<onright>60</onright>
					<onup>9001</onup>
					<ondown>9001</ondown>
					<control type="label" id="100">
						<width>995</width>
						<height>60</height>
						<font>button.bold</font>
						<textcolor>$INFO[Skin.String(color.500)]</textcolor>
						<textoffsetx>5</textoffsetx>
						<aligny>center</aligny>
						<label>31106</label>
					</control>
					<control type="button" id="115">
						<width>995</width>
						<label>31919</label>
						<onclick>ActivateWindow(1100)</onclick>
					</control>
					<control type="radiobutton" id="101">
						<width>995</width>
						<label>20189</label>
						<onclick>Skin.ToggleSetting(AutoScroll)</onclick>
						<selected>Skin.HasSetting(AutoScroll)</selected>
					</control>
					<control type="radiobutton" id="102">
						<width>995</width>
						<label>31103</label>
						<onclick>Skin.ToggleSetting(Show_SlideShow_Paused)</onclick>
						<selected>!Skin.HasSetting(Show_SlideShow_Paused)</selected>
					</control>
					<control type="radiobutton" id="103">
						<width>995</width>
						<label>31104</label>
						<onclick>Skin.ToggleSetting(HideWindowedTrailer)</onclick>
						<selected>!Skin.HasSetting(HideWindowedTrailer)</selected>
					</control>
					<control type="radiobutton" id="114">
						<width>995</width>
						<label>31178</label>
						<onclick>Skin.ToggleSetting(StopVideoOnBack)</onclick>
						<selected>Skin.HasSetting(StopVideoOnBack)</selected>
					</control>
					<control type="radiobutton" id="110">
						<width>995</width>
						<label>31179</label>
						<onclick>Skin.ToggleSetting(MusicFullscreen)</onclick>
						<selected>Skin.HasSetting(MusicFullscreen)</selected>
					</control>
					<control type="radiobutton" id="111">
						<width>995</width>
						<label>31232</label>
						<onclick>Skin.ToggleSetting(AlwaysShowMusicInfo)</onclick>
						<selected>Skin.HasSetting(AlwaysShowMusicInfo)</selected>
					</control>
					<control type="radiobutton" id="104">
						<width>995</width>
						<label>31107</label>
						<onclick>Skin.ToggleSetting(HideFilenameFlagging)</onclick>
						<selected>Skin.HasSetting(HideFilenameFlagging)</selected>
					</control>
					<control type="label" id="105">
						<width>995</width>
						<height>60</height>
						<font>button.bold</font>
						<textcolor>$INFO[Skin.String(color.500)]</textcolor>
						<textoffsetx>5</textoffsetx>
						<aligny>center</aligny>
						<label>20343</label>
						<visible>System.AddonIsEnabled(script.tvtunes)</visible>
					</control>
					<control type="radiobutton" id="106">
						<width>995</width>
						<label>31126</label>
						<onclick>Skin.ToggleSetting(ActivateTvTunes)</onclick>
						<selected>Skin.HasSetting(ActivateTvTunes)</selected>
						<visible>System.AddonIsEnabled(script.tvtunes)</visible>
					</control>
					<control type="label" id="107">
						<width>995</width>
						<height>60</height>
						<font>button.bold</font>
						<textcolor>$INFO[Skin.String(color.500)]</textcolor>
						<textoffsetx>5</textoffsetx>
						<aligny>center</aligny>
						<label>512</label>
					</control>
					<control type="radiobutton" id="108">
						<width>995</width>
						<label>31007</label>
						<onclick>Skin.ToggleSetting(Use_Startup_Playlist)</onclick>
						<selected>Skin.HasSetting(Use_Startup_Playlist)</selected>
					</control>
					<control type="button" id="109">
						<width>995</width>
						<label>15311</label>
						<label2>$INFO[Skin.String(Startup_Playlist_Path)]</label2>
						<onclick>Skin.SetFile(Startup_Playlist_Path,,special://MusicPlaylists/)</onclick>
						<enable>Skin.HasSetting(Use_Startup_Playlist)</enable>
					</control>
					<control type="label" id="112">
						<width>995</width>
						<height>60</height>
						<font>button.bold</font>
						<textcolor>$INFO[Skin.String(color.500)]</textcolor>
						<textoffsetx>5</textoffsetx>
						<aligny>center</aligny>
						<label>31030</label>
					</control>
					<!--reset all skin settings-->
					<control type="button" id="113">
						<width>995</width>
						<label>31075</label>
						<onclick>Skin.ResetSettings</onclick>
						<onclick>ReloadSkin()</onclick>
					</control>
				</control>
				<!--scrollbar-->
				<control type="scrollbar" id="60">
					<left>1395</left>
					<top>110</top>
					<height>673</height>
					<onleft>9001</onleft>
					<onright>9001</onright>
					<visible>Container(9000).Hasfocus(1)</visible>
				</control>
				<!--home window options-->
				<control type="grouplist" id="9002">
					<visible>Container(9000).Hasfocus(2)</visible>
					<left>385</left>
					<top>120</top>
					<width>995</width>
					<height>645</height>
					<itemgap>5</itemgap>
					<pagecontrol>60</pagecontrol>
					<onleft>9000</onleft>
					<onright>60</onright>
					<onup>9002</onup>
					<ondown>9002</ondown>
					<control type="label" id="200">
						<width>995</width>
						<height>60</height>
						<font>button.bold</font>
						<textcolor>$INFO[Skin.String(color.500)]</textcolor>
						<textoffsetx>5</textoffsetx>
						<aligny>center</aligny>
						<label>31101</label>
					</control>
					<!--enable video info-->
					<control type="radiobutton" id="202">
						<width>995</width>
						<label>20176</label>
						<onclick>Skin.ToggleSetting(homepageVideoinfo)</onclick>
						<selected>!Skin.HasSetting(homepageVideoinfo)</selected>
					</control>
					<!--enable music info-->
					<control type="radiobutton" id="203">
						<width>995</width>
						<label>20083</label>
						<onclick>Skin.ToggleSetting(homepageMusicinfo)</onclick>
						<selected>!Skin.HasSetting(homepageMusicinfo)</selected>
					</control>
					<!--enable weather info-->
					<control type="radiobutton" id="204">
						<width>995</width>
						<label>20084</label>
						<onclick>Skin.ToggleSetting(homepageWeatherinfo)</onclick>
						<selected>Skin.HasSetting(homepageWeatherinfo)</selected>
						<visible>!String.IsEmpty(Weather.Plugin)</visible>
					</control>
					<control type="label" id="230">
						<width>995</width>
						<height>60</height>
						<font>button.bold</font>
						<textcolor>$INFO[Skin.String(color.500)]</textcolor>
						<textoffsetx>5</textoffsetx>
						<aligny>center</aligny>
						<label>$ADDON[script.skinshortcuts 32071]</label>
					</control>
					<!--auto hide submenu-->
					<control type="radiobutton" id="231">
						<width>995</width>
						<label>31115</label>
						<onclick>Skin.ToggleSetting(AutoHideHomepageSubmenu)</onclick>
						<selected>Skin.HasSetting(AutoHideHomepageSubmenu)</selected>
					</control>
					<!--customize skin shortcuts menu-->
					<control type="button" id="232">
						<width>995</width>
						<label>$ADDON[script.skinshortcuts 32035]</label>
						<onclick>RunScript(script.skinshortcuts,type=manage&amp;nolabels=True&amp;group=mainmenu)</onclick>
						<enable>System.AddonIsEnabled(script.skinshortcuts)</enable>
					</control>
					<!--reset skin shortcuts menu-->
					<control type="button" id="233">
						<width>995</width>
						<label>$ADDON[script.skinshortcuts 32037]</label>
						<onclick>RunScript(script.skinshortcuts,type=resetall)</onclick>
						<enable>System.AddonIsEnabled(script.skinshortcuts)</enable>
					</control>
					<control type="label" id="410">
						<width>995</width>
						<height>60</height>
						<font>button.bold</font>
						<textcolor>$INFO[Skin.String(color.500)]</textcolor>
						<textoffsetx>5</textoffsetx>
						<aligny>center</aligny>
						<label>31134</label>
					</control>
					<control type="button" id="411">
						<width>995</width>
						<label>$LOCALIZE[24000] [B]1[/B]</label>
						<label2>$INFO[system.addontitle(Skin.String(HomeVideosButton1))]</label2>
						<onclick>Skin.SetAddon(HomeVideosButton1,xbmc.addon.video,xbmc.addon.executable)</onclick>
					</control>
					<control type="button" id="412">
						<width>995</width>
						<label>$LOCALIZE[24000] [B]2[/B]</label>
						<label2>$INFO[system.addontitle(Skin.String(HomeVideosButton2))]</label2>
						<onclick>Skin.SetAddon(HomeVideosButton2,xbmc.addon.video,xbmc.addon.executable)</onclick>
					</control>
					<control type="button" id="413">
						<width>995</width>
						<label>$LOCALIZE[24000] [B]3[/B]</label>
						<label2>$INFO[system.addontitle(Skin.String(HomeVideosButton3))]</label2>
						<onclick>Skin.SetAddon(HomeVideosButton3,xbmc.addon.video,xbmc.addon.executable)</onclick>
					</control>
					<control type="button" id="414">
						<width>995</width>
						<label>$LOCALIZE[24000] [B]4[/B]</label>
						<label2>$INFO[system.addontitle(Skin.String(HomeVideosButton4))]</label2>
						<onclick>Skin.SetAddon(HomeVideosButton4,xbmc.addon.video,xbmc.addon.executable)</onclick>
					</control>
					<control type="button" id="415">
						<width>995</width>
						<label>$LOCALIZE[24000] [B]5[/B]</label>
						<label2>$INFO[system.addontitle(Skin.String(HomeVideosButton5))]</label2>
						<onclick>Skin.SetAddon(HomeVideosButton5,xbmc.addon.video,xbmc.addon.executable)</onclick>
					</control>
					<control type="label" id="420">
						<width>995</width>
						<height>60</height>
						<font>button.bold</font>
						<textcolor>$INFO[Skin.String(color.500)]</textcolor>
						<textoffsetx>5</textoffsetx>
						<aligny>center</aligny>
						<label>31135</label>
					</control>
					<control type="button" id="421">
						<width>995</width>
						<label>$LOCALIZE[24000] [B]1[/B]</label>
						<label2>$INFO[system.addontitle(Skin.String(HomeMusicButton1))]</label2>
						<onclick>Skin.SetAddon(HomeMusicButton1,xbmc.addon.audio,xbmc.addon.executable)</onclick>
					</control>
					<control type="button" id="422">
						<width>995</width>
						<label>$LOCALIZE[24000] [B]2[/B]</label>
						<label2>$INFO[system.addontitle(Skin.String(HomeMusicButton2))]</label2>
						<onclick>Skin.SetAddon(HomeMusicButton2,xbmc.addon.audio,xbmc.addon.executable)</onclick>
					</control>
					<control type="button" id="423">
						<width>995</width>
						<label>$LOCALIZE[24000] [B]3[/B]</label>
						<label2>$INFO[system.addontitle(Skin.String(HomeMusicButton3))]</label2>
						<onclick>Skin.SetAddon(HomeMusicButton3,xbmc.addon.audio,xbmc.addon.executable)</onclick>
					</control>
					<control type="button" id="424">
						<width>995</width>
						<label>$LOCALIZE[24000] [B]4[/B]</label>
						<label2>$INFO[system.addontitle(Skin.String(HomeMusicButton4))]</label2>
						<onclick>Skin.SetAddon(HomeMusicButton4,xbmc.addon.audio,xbmc.addon.executable)</onclick>
					</control>
					<control type="button" id="425">
						<width>995</width>
						<label>$LOCALIZE[24000] [B]5[/B]</label>
						<label2>$INFO[system.addontitle(Skin.String(HomeMusicButton5))]</label2>
						<onclick>Skin.SetAddon(HomeMusicButton5,xbmc.addon.audio,xbmc.addon.executable)</onclick>
					</control>
					<control type="label" id="430">
						<width>995</width>
						<height>60</height>
						<font>button.bold</font>
						<textcolor>$INFO[Skin.String(color.500)]</textcolor>
						<textoffsetx>5</textoffsetx>
						<aligny>center</aligny>
						<label>31136</label>
					</control>
					<control type="button" id="431">
						<label>$LOCALIZE[24000] [B]1[/B]</label>
						<label2>$INFO[system.addontitle(Skin.String(HomePictureButton1))]</label2>
						<width>995</width>
						<onclick>Skin.SetAddon(HomePictureButton1,xbmc.addon.image,xbmc.addon.executable)</onclick>
					</control>
					<control type="button" id="432">
						<width>995</width>
						<label>$LOCALIZE[24000] [B]2[/B]</label>
						<label2>$INFO[system.addontitle(Skin.String(HomePictureButton2))]</label2>
						<onclick>Skin.SetAddon(HomePictureButton2,xbmc.addon.image,xbmc.addon.executable)</onclick>
					</control>
					<control type="button" id="433">
						<width>995</width>
						<label>$LOCALIZE[24000] [B]3[/B]</label>
						<label2>$INFO[system.addontitle(Skin.String(HomePictureButton3))]</label2>
						<onclick>Skin.SetAddon(HomePictureButton3,xbmc.addon.image,xbmc.addon.executable)</onclick>
					</control>
					<control type="button" id="434">
						<width>995</width>
						<label>$LOCALIZE[24000] [B]4[/B]</label>
						<label2>$INFO[system.addontitle(Skin.String(HomePictureButton4))]</label2>
						<onclick>Skin.SetAddon(HomePictureButton4,xbmc.addon.image,xbmc.addon.executable)</onclick>
					</control>
					<control type="button" id="435">
						<width>995</width>
						<label>$LOCALIZE[24000] [B]5[/B]</label>
						<label2>$INFO[system.addontitle(Skin.String(HomePictureButton5))]</label2>
						<onclick>Skin.SetAddon(HomePictureButton5,xbmc.addon.image,xbmc.addon.executable)</onclick>
					</control>
					<control type="label" id="440">
						<width>995</width>
						<height>60</height>
						<font>button.bold</font>
						<textcolor>$INFO[Skin.String(color.500)]</textcolor>
						<textoffsetx>5</textoffsetx>
						<aligny>center</aligny>
						<label>31118</label>
					</control>
					<control type="button" id="441">
						<width>995</width>
						<label>$LOCALIZE[24000] [B]1[/B]</label>
						<label2>$INFO[system.addontitle(Skin.String(HomeProgramButton1))]</label2>
						<onclick>Skin.SetAddon(HomeProgramButton1,xbmc.addon.executable)</onclick>
					</control>
					<control type="button" id="442">
						<width>995</width>
						<label>$LOCALIZE[24000] [B]2[/B]</label>
						<label2>$INFO[system.addontitle(Skin.String(HomeProgramButton2))]</label2>
						<onclick>Skin.SetAddon(HomeProgramButton2,xbmc.addon.executable)</onclick>
					</control>
					<control type="button" id="443">
						<width>995</width>
						<label>$LOCALIZE[24000] [B]3[/B]</label>
						<label2>$INFO[system.addontitle(Skin.String(HomeProgramButton3))]</label2>
						<onclick>Skin.SetAddon(HomeProgramButton3,xbmc.addon.executable)</onclick>
					</control>
					<control type="button" id="444">
						<width>995</width>
						<label>$LOCALIZE[24000] [B]4[/B]</label>
						<label2>$INFO[system.addontitle(Skin.String(HomeProgramButton4))]</label2>
						<onclick>Skin.SetAddon(HomeProgramButton4,xbmc.addon.executable)</onclick>
					</control>
					<control type="button" id="445">
						<width>995</width>
						<label>$LOCALIZE[24000] [B]5[/B]</label>
						<label2>$INFO[system.addontitle(Skin.String(HomeProgramButton5))]</label2>
						<onclick>Skin.SetAddon(HomeProgramButton5,xbmc.addon.executable)</onclick>
					</control>
					<control type="button" id="446">
						<width>995</width>
						<label>$LOCALIZE[24000] [B]6[/B]</label>
						<label2>$INFO[system.addontitle(Skin.String(HomeProgramButton6))]</label2>
						<onclick>Skin.SetAddon(HomeProgramButton6,xbmc.addon.executable)</onclick>
					</control>
				</control>
				<!--scrollbar-->
				<control type="scrollbar" id="60">
					<left>1395</left>
					<top>110</top>
					<height>673</height>
					<onleft>9002</onleft>
					<onright>9002</onright>
					<visible>Container(9000).Hasfocus(2)</visible>
				</control>
				<!--background options-->
				<control type="grouplist" id="9003">
					<visible>Container(9000).Hasfocus(3)</visible>
					<left>385</left>
					<top>120</top>
					<width>995</width>
					<height>645</height>
					<itemgap>5</itemgap>
					<pagecontrol>60</pagecontrol>
					<onleft>9000</onleft>
					<onright>60</onright>
					<onup>9003</onup>
					<ondown>9003</ondown>
					<control type="label" id="310">
						<width>995</width>
						<height>60</height>
						<font>button.bold</font>
						<textcolor>$INFO[Skin.String(color.500)]</textcolor>
						<textoffsetx>5</textoffsetx>
						<aligny>center</aligny>
						<label>31102</label>
					</control>
					<control type="radiobutton" id="311">
						<width>995</width>
						<label>31109</label>
						<onclick>Skin.ToggleSetting(UseCustomBackground)</onclick>
						<selected>Skin.HasSetting(UseCustomBackground)</selected>
					</control>
					<control type="button" id="312">
						<width>995</width>
						<label>- $LOCALIZE[31110]</label>
						<label2>[COLOR=selected]$INFO[Skin.String(CustomBackgroundPath)][/COLOR]</label2>
						<onclick>SetProperty(CustomSelectDefaultBackground,True)</onclick>
						<onclick>ActivateWindow(1102)</onclick>
						<enable>Skin.HasSetting(UseCustomBackground)</enable>
					</control>
					<control type="radiobutton" id="315">
						<width>995</width>
						<label>$LOCALIZE[13319]</label>
						<onclick>Skin.ToggleSetting(RandomizeBackground)</onclick>
						<selected>Skin.HasSetting(RandomizeBackground)</selected>
					</control>
					<control type="button" id="316">
						<width>995</width>
						<label>31113</label>
						<label2>$INFO[Skin.String(BackgroundSwitchDelay)]</label2>
						<onclick>SetProperty(CustomSelectBackgroundSwitchDelay,True)</onclick>
						<onclick>ActivateWindow(1102)</onclick>
					</control>
					<control type="label" id="313">
						<width>995</width>
						<height>60</height>
						<font>button.bold</font>
						<textcolor>$INFO[Skin.String(color.500)]</textcolor>
						<textoffsetx>5</textoffsetx>
						<aligny>center</aligny>
						<label>2</label>
						<visible>System.AddonIsEnabled(script.artistslideshow)</visible>
					</control>
					<control type="radiobutton" id="314">
						<width>995</width>
						<label>31130</label>
						<onclick>Skin.ToggleSetting(DisableArtistSlideshow)</onclick>
						<selected>!Skin.HasSetting(DisableArtistSlideshow)</selected>
						<visible>System.AddonIsEnabled(script.artistslideshow)</visible>
					</control>
					<control type="label" id="300">
						<width>995</width>
						<height>60</height>
						<font>button.bold</font>
						<textcolor>$INFO[Skin.String(color.500)]</textcolor>
						<textoffsetx>5</textoffsetx>
						<aligny>center</aligny>
						<label>31106</label>
					</control>
					<control type="radiobutton" id="301">
						<width>995</width>
						<label>31119</label>
						<onclick>Skin.ToggleSetting(HideBackGroundFanart)</onclick>
						<selected>Skin.HasSetting(HideBackGroundFanart)</selected>
					</control>
					<control type="radiobutton" id="302">
						<width>995</width>
						<label>31066</label>
						<onclick>Skin.ToggleSetting(SkinHelper.EnableExtraFanart)</onclick>
						<selected>Skin.HasSetting(SkinHelper.EnableExtraFanart)</selected>
						<enable>!Skin.HasSetting(HideBackGroundFanart)</enable>
					</control>
					<control type="radiobutton" id="303">
						<width>995</width>
						<label>31129</label>
						<onclick>Skin.ToggleSetting(HideVisualizationFanart)</onclick>
						<selected>Skin.HasSetting(HideVisualizationFanart)</selected>
					</control>
					<control type="radiobutton" id="304">
						<width>995</width>
						<label>31124</label>
						<onclick>Skin.ToggleSetting(ShowBackgroundVideo)</onclick>
						<selected>!Skin.HasSetting(ShowBackgroundVideo)</selected>
					</control>
					<control type="radiobutton" id="305">
						<width>995</width>
						<label>31125</label>
						<onclick>Skin.ToggleSetting(ShowBackgroundVis)</onclick>
						<selected>!Skin.HasSetting(ShowBackgroundVis)</selected>
					</control>
				</control>
				<!--scrollbar-->
				<control type="scrollbar" id="60">
					<left>1395</left>
					<top>110</top>
					<height>673</height>
					<onleft>9003</onleft>
					<onright>9003</onright>
					<visible>Container(9000).Hasfocus(3)</visible>
				</control>
				<!--add-on options-->
				<control type="grouplist" id="9004">
					<visible>Container(9000).Hasfocus(4)</visible>
					<left>385</left>
					<top>120</top>
					<width>995</width>
					<height>645</height>
					<itemgap>5</itemgap>
					<pagecontrol>60</pagecontrol>
					<onleft>9000</onleft>
					<onright>60</onright>
					<onup>9004</onup>
					<ondown>9004</ondown>
					<control type="label" id="451">
						<width>995</width>
						<height>60</height>
						<font>button.bold</font>
						<textcolor>$INFO[Skin.String(color.500)]</textcolor>
						<textoffsetx>5</textoffsetx>
						<aligny>center</aligny>
						<label>$LOCALIZE[166] $LOCALIZE[24000]</label>
					</control>
					<control type="radiobutton" id="452">
						<width>995</width>
						<label>script.skinshortcuts</label>
						<label2>$INFO[System.AddonVersion(script.skinshortcuts)]             </label2>
						<onclick condition="!System.AddonIsEnabled(script.skinshortcuts)">EnableAddon(script.skinshortcuts)</onclick>
						<onclick>Addon.OpenSettings(script.skinshortcuts)</onclick>
						<onclick condition="!System.HasAddon(script.skinshortcuts)">InstallAddon(script.skinshortcuts)</onclick>
						<selected>System.AddonIsEnabled(script.skinshortcuts)</selected>
					</control>
					<control type="radiobutton" id="453">
						<width>995</width>
						<label>script.skin.helper.colorpicker</label>
						<label2>$INFO[System.AddonVersion(script.skin.helper.colorpicker)]             </label2>
						<onclick condition="!System.AddonIsEnabled(script.skin.helper.colorpicker)">EnableAddon(script.skin.helper.colorpicker)</onclick>
						<onclick condition="!System.HasAddon(script.skin.helper.colorpicker)">InstallAddon(script.skin.helper.colorpicker)</onclick>
						<selected>System.AddonIsEnabled(script.skin.helper.colorpicker)</selected>
					</control>
					<control type="radiobutton" id="454">
						<width>995</width>
						<label>script.globalsearch</label>
						<label2>$INFO[System.AddonVersion(script.globalsearch)]             </label2>
						<onclick condition="!System.AddonIsEnabled(script.globalsearch)">EnableAddon(script.globalsearch)</onclick>
						<onclick>Addon.OpenSettings(script.globalsearch)</onclick>
						<onclick condition="!System.HasAddon(script.globalsearch)">InstallAddon(script.globalsearch)</onclick>
						<selected>System.AddonIsEnabled(script.globalsearch)</selected>
					</control>
					<control type="radiobutton" id="455">
						<width>995</width>
						<label>script.artistslideshow</label>
						<label2>$INFO[System.AddonVersion(script.artistslideshow)]             </label2>
						<onclick condition="!System.AddonIsEnabled(script.artistslideshow)">EnableAddon(script.artistslideshow)</onclick>
						<onclick>Addon.OpenSettings(script.artistslideshow)</onclick>
						<onclick condition="!System.HasAddon(script.artistslideshow)">InstallAddon(script.artistslideshow)</onclick>
						<selected>System.AddonIsEnabled(script.artistslideshow)</selected>
					</control>
					<control type="radiobutton" id="456">
						<width>995</width>
						<label>script.cu.lrclyrics</label>
						<label2>$INFO[System.AddonVersion(script.cu.lrclyrics)]             </label2>
						<onclick condition="!System.AddonIsEnabled(script.cu.lrclyrics)">EnableAddon(script.cu.lrclyrics)</onclick>
						<onclick>Addon.OpenSettings(script.cu.lrclyrics)</onclick>
						<onclick condition="!System.HasAddon(script.cu.lrclyrics)">InstallAddon(script.cu.lrclyrics)</onclick>
						<selected>System.AddonIsEnabled(script.cu.lrclyrics)</selected>
					</control>
				</control>
				<!--scrollbar-->
				<control type="scrollbar" id="60">
					<left>1395</left>
					<top>110</top>
					<height>673</height>
					<onleft>9004</onleft>
					<onright>9004</onright>
					<visible>Container(9000).Hasfocus(4)</visible>
				</control>
				<!--background options-->
				<control type="grouplist" id="9003">
					<visible>Container(9000).Hasfocus(5)</visible>
					<left>385</left>
					<top>120</top>
					<width>995</width>
					<height>645</height>
					<itemgap>5</itemgap>
					<pagecontrol>60</pagecontrol>
					<onleft>9000</onleft>
					<onright>60</onright>
					<onup>9003</onup>
					<ondown>9003</ondown>
					<control type="label" id="501">
						<width>995</width>
						<height>60</height>
						<font>button.bold</font>
						<textcolor>$INFO[Skin.String(color.500)]</textcolor>
						<textoffsetx>5</textoffsetx>
						<aligny>center</aligny>
						<label>31102</label>
					</control>
					<control type="radiobutton" id="502">
						<width>995</width>
						<label>31105</label>
						<onclick>Skin.ToggleSetting(UseMaskedBackground)</onclick>
						<selected>Skin.HasSetting(UseMaskedBackground)</selected>
					</control>
				</control>
				<!--scrollbar-->
				<control type="scrollbar" id="60">
					<left>1395</left>
					<top>110</top>
					<height>673</height>
					<onleft>9003</onleft>
					<onright>9003</onright>
					<visible>Container(9000).Hasfocus(5)</visible>
				</control>
			</control>
		</control>
		<include>BehindDialogFadeOut</include>
	</controls>
</window>