<?xml version="1.0" encoding="UTF-8" standalone="yes"?>
<addon id="script.module.urlresolver" name="URLResolver" version="2021.09.24" provider-name="Resolver Team">
    <requires>
        <import addon="script.module.six" />
        <import addon="script.module.kodi-six" />
        <import addon="plugin.video.youtube" optional="true" />
        <import addon="script.module.python.twitch" optional="true" />
        <import addon="script.module.cryptopy" version="1.2.6" optional="true" />
        <import addon="plugin.video.gdrive" optional="true" />
        <!-- for remote debug -->
        <import addon="script.module.pydevd-pycharm" optional="true"/>
    </requires>
    <extension point="xbmc.python.module" library="lib" />
    <extension point="xbmc.python.pluginsource" library="lib/default.py" />
    <extension point="xbmc.addon.metadata">
        <platform>all</platform>
        <summary lang="de">URLResolver wird für die Stream Wiedergabe benötigt</summary>
        <description lang="de">Empfängt viele Video URL's, die in XBMC/Kodi abspielbar sind</description>
        <assets>
            <icon>icon.png</icon>
            <fanart>fanart.jpg</fanart>
        </assets>
    </extension>
</addon>
