<?xml version="1.0" encoding="utf-8" standalone="yes"?>
<addon id="repository.castagnait" name="CastagnaIT Repository for Kodi 19.x (MATRIX)" provider-name="castagnait" version="1.0.1+matrix">
	<extension name="CastagnaIT Repository" point="xbmc.addon.repository">
		<dir>
			<info>https://github.com/CastagnaIT/repository.castagnait/raw/matrix/addons.xml</info>
			<checksum>https://github.com/CastagnaIT/repository.castagnait/raw/matrix/addons.xml.md5</checksum>
			<datadir zip="true">https://github.com/CastagnaIT/repository.castagnait/raw/matrix/zip</datadir>
		</dir>
	</extension>
	<extension point="xbmc.addon.metadata">
		<summary>CastagnaIT Repository for Kodi 19.x (MATRIX)</summary>
		<description>Castagna IT repository for Kodi 19.x add-ons</description>
		<platform>all</platform>
		<assets>
			<icon>icon.jpg</icon>
		</assets>
	</extension>
</addon>
