<?xml version="1.0" encoding="UTF-8"?>
<addon
  id="skin.stubeboxv4"
  version="18.0.3.32"
  name="STUBE.BOXv4"
  provider-name="braz, A-Mod for STUBE.BOXv4">
	<requires>
		<import addon="xbmc.gui" version="5.14.0"/>
		<import addon="resource.images.studios.white" version="0.0.9"/>
		<!--<import addon="script.skinshortcuts" version="0.6.6"/>-->
		<!--<import addon="script.toolbox" version="1.0.0"/>-->
		<!--<import addon="script.skin.helper.service" version="1.1.3"/>-->
		<import addon="script.skin.helper.colorpicker" version="1.0.1"/>
		<import addon="plugin.video.vavooto"/>
		<import addon="script.extendedinfo" version="5.6.0"/>
	</requires>
	<extension
	  point="xbmc.gui.skin"
	  debugging="false"
	  effectslowdown="0.45">
		<res width="1920" height="1080" aspect="16:9" default="true" folder="1080i" />
	</extension>
	<extension point="xbmc.addon.metadata">
		<summary lang="de_DE">STUBE.BOXv4 Skin</summary>
		<platform>all</platform>
		<license>GNU GENERAL PUBLIC LICENSE. Version 2, June 1991</license>
		<forum></forum>
		<website></website>
		<email></email>
		<source>https://github.com/braz96/skin.mimic</source>
		<assets>
			<icon>resources/icon.png</icon>
		</assets>
	</extension>
</addon>
