<?xml version="1.0" encoding="UTF-8"?>
<addon id="plugin.video.vawatched" name="TV.VAWATCHED" version="18.1.2" provider-name="TEAM.STUBE">
    <requires>
        <import addon="xbmc.python" version="2.1.0"/>
    </requires>
    <extension point="xbmc.python.pluginsource" library="default.py">
        <provides>video</provides>
    </extension>
    <extension point="xbmc.addon.metadata">
        <platform>all</platform>
        <summary lang="en">TV.VAWATCHED</summary>
        <summary lang="de">TV.VAWATCHED</summary>
        <language>de</language>
        <description lang="en">KODI-VAVOO-TV-Stube</description>
        <description lang="de">KODI-VAVOO-TV-Stube</description>
        <source></source>
        <forum></forum>
        <email></email>
        <website></website>
    </extension>
</addon>
