<?xml version="1.0" encoding="UTF-8" standalone="yes"?>
<addon id="repository.stubeclon" name="cabel stube clone repo" version="1.1" provider-name="stube clone cabel Repo">
    <extension point="xbmc.addon.repository" name="Example Repository">
        <dir>
            <info compressed="false">https://raw.githubusercontent.com/cabelw1985/cabelmaster/master/cabelmaster/cabelbasic/repostube/repo/repository/zip/addons.xml</info>
            <checksum>https://raw.githubusercontent.com/cabelw1985/cabelmaster/master/cabelmaster/cabelbasic/repostube/repo/repository/zip/addons.xml.md5</checksum>
            <datadir zip="true">https://raw.github.com/cabelw1985/cabelmaster/main/cabelmaster/cabelbasic/repostube/repo/repository/zip/</datadir>
        </dir>
    </extension>
    <extension point="xbmc.addon.metadata">
        <summary>RhalloooooooRE</summary>
        <description>DESCRIPTION OF YOUR REPO HERE</description>
        <disclaimer></disclaimer>
        <platform>all</platform>
        <assets>
            <icon>icon.png</icon>
            <fanart>fanart.jpg</fanart>
        </assets>
    </extension>
</addon>