<?xml version="1.0" encoding="UTF-8" standalone="yes"?>
<addon id="script.StubeCleaner"
       name="[B][COLOR red]Stube [COLOR skyblue][B]Cleaner[/B][/COLOR]"
       version="1.0.1"
       provider-name="Gatekeeper">
  <requires>
    <import addon="xbmc.python" version="2.1.0"/>
  </requires>
  <extension point="xbmc.python.pluginsource" library="ftg.py">
        <provides>executable</provides>
  </extension>
  <extension point="xbmc.service" library="auto.py" start="startup" />
  <extension point="xbmc.addon.metadata">
    <summary lang="en">[COLOR red]Stube [COLOR skyblue]Cleaner[/COLOR]</summary>
    <description lang="en"></description>
    <platform>all</platform>
  </extension>
</addon>
