<includes>
	<include name="skinshortcuts-mainmenu">
		<item id="1">
			<property name="id">$NUMBER[1]</property>
			<label>$LOCALIZE[19020]</label>
			<label2>Allgemeiner Menü Eintrag</label2>
			<icon>DefaultTVShows.png</icon>
			<thumb />
			<onclick condition="String.IsEqual(ListItem.Property(path),ActivateWindow(1129))">SetProperty(CustomSelectSearch,True,Home)</onclick>
			<onclick condition="System.HasPVRAddon">ActivateWindow(TVChannels)</onclick>
			<property name="path">ActivateWindow(TVChannels)</property>
			<onclick condition="![System.HasPVRAddon]">ActivateWindow(addonbrowser,addons://repository.xbmc.org/xbmc.pvrclient,return)</onclick>
			<visible>String.IsEqual(System.ProfileName,Master user)</visible>
			<property name="submenuVisibility">num-19020</property>
			<property name="hasSubmenu">True</property>
			</item>
		<item id="2">
			<property name="id">$NUMBER[2]</property>
			<label>RADIO</label>
			<label2>Musik-Addon</label2>
			<icon>DefaultShortcut.png</icon>
			<thumb>thumb</thumb>
			<onclick condition="String.IsEqual(ListItem.Property(path),ActivateWindow(1129))">SetProperty(CustomSelectSearch,True,Home)</onclick>
			<onclick>ActivateWindow(Music,"plugin://plugin.audio.radio_de",return)</onclick>
			<property name="path">ActivateWindow(Music,"plugin://plugin.audio.radio_de",return)</property>
			<visible>String.IsEqual(System.ProfileName,Master user)</visible>
			<property name="submenuVisibility">plugin-audio-radio-de</property>
			<property name="hasSubmenu">True</property>
			</item>
		<item id="3">
			<property name="id">$NUMBER[3]</property>
			<label>FILME</label>
			<label2>Video Add-On</label2>
			<icon>DefaultShortcut.png</icon>
			<thumb>image://special://home/addons%5cplugin.video.themoviedb.helper%5c%2fresources%2ficons%2ftmdb%2fmovies.png/</thumb>
			<onclick condition="String.IsEqual(ListItem.Property(path),ActivateWindow(1129))">SetProperty(CustomSelectSearch,True,Home)</onclick>
			<onclick>ActivateWindow(Videos,"plugin://plugin.video.themoviedb.helper/?info=dir_movie&amp;tmdb_type=None&amp;widget=true",return)</onclick>
			<property name="path">ActivateWindow(Videos,"plugin://plugin.video.themoviedb.helper/?info=dir_movie&amp;tmdb_type=None&amp;widget=true",return)</property>
			<visible>String.IsEqual(System.ProfileName,Master user)</visible>
			<property name="submenuVisibility">filme</property>
			<property name="hasSubmenu">True</property>
			</item>
		<item id="4">
			<property name="id">$NUMBER[4]</property>
			<label>Meine Filme</label>
			<label2>Allgemeiner Menü Eintrag</label2>
			<icon>DefaultMovies.png</icon>
			<thumb />
			<visible>False</visible>
			<onclick>noop</onclick>
			<property name="hasSubmenu">True</property>
			</item>
		<item id="5">
			<property name="id">$NUMBER[5]</property>
			<label>SERIEN</label>
			<label2>Video Add-On</label2>
			<icon>DefaultShortcut.png</icon>
			<thumb>image://special://home/addons%5cplugin.video.themoviedb.helper%5c%2fresources%2ficons%2ftmdb%2ftv.png/</thumb>
			<onclick condition="String.IsEqual(ListItem.Property(path),ActivateWindow(1129))">SetProperty(CustomSelectSearch,True,Home)</onclick>
			<onclick>ActivateWindow(Videos,"plugin://plugin.video.themoviedb.helper/?info=dir_tv&amp;tmdb_type=None&amp;widget=true",return)</onclick>
			<property name="path">ActivateWindow(Videos,"plugin://plugin.video.themoviedb.helper/?info=dir_tv&amp;tmdb_type=None&amp;widget=true",return)</property>
			<visible>String.IsEqual(System.ProfileName,Master user)</visible>
			<property name="submenuVisibility">serien</property>
			<property name="hasSubmenu">True</property>
			</item>
		<item id="6">
			<property name="id">$NUMBER[6]</property>
			<label>Meine Serien</label>
			<label2>Allgemeiner Menü Eintrag</label2>
			<icon>DefaultTVShows.png</icon>
			<thumb />
			<visible>False</visible>
			<onclick>noop</onclick>
			<property name="hasSubmenu">True</property>
			</item>
		<item id="7">
			<property name="id">$NUMBER[7]</property>
			<label>24 / 7</label>
			<label2>Video Add-On</label2>
			<icon>DefaultShortcut.png</icon>
			<thumb>image://https%3a%2f%2fflagcdn.com%2fh240%2fde.png/</thumb>
			<onclick condition="String.IsEqual(ListItem.Property(path),ActivateWindow(1129))">SetProperty(CustomSelectSearch,True,Home)</onclick>
			<onclick>ActivateWindow(Videos,"plugin://slyguy.pluto.tv.provider/?_=live_tv&amp;code=de",return)</onclick>
			<property name="path">ActivateWindow(Videos,"plugin://slyguy.pluto.tv.provider/?_=live_tv&amp;code=de",return)</property>
			<visible>String.IsEqual(System.ProfileName,Master user)</visible>
			<property name="submenuVisibility">24-7</property>
			<property name="hasSubmenu">True</property>
			</item>
		<item id="8">
			<property name="id">$NUMBER[8]</property>
			<label>KIDS</label>
			<label2>Video Add-On</label2>
			<icon>DefaultShortcut.png</icon>
			<thumb>thumb</thumb>
			<onclick condition="String.IsEqual(ListItem.Property(path),ActivateWindow(1129))">SetProperty(CustomSelectSearch,True,Home)</onclick>
			<onclick>ActivateWindow(Videos,"plugin://plugin.video.kika_de",return)</onclick>
			<property name="path">ActivateWindow(Videos,"plugin://plugin.video.kika_de",return)</property>
			<visible>String.IsEqual(System.ProfileName,Master user)</visible>
			<property name="submenuVisibility">plugin-video-kika-de</property>
			<property name="hasSubmenu">True</property>
			</item>
		<item id="9">
			<property name="id">$NUMBER[9]</property>
			<label>MEDIATHEK</label>
			<label2>Video Add-On</label2>
			<icon>DefaultShortcut.png</icon>
			<thumb>thumb</thumb>
			<onclick condition="String.IsEqual(ListItem.Property(path),ActivateWindow(1129))">SetProperty(CustomSelectSearch,True,Home)</onclick>
			<onclick>ActivateWindow(Videos,"plugin://plugin.video.mediathekviewweb",return)</onclick>
			<property name="path">ActivateWindow(Videos,"plugin://plugin.video.mediathekviewweb",return)</property>
			<visible>String.IsEqual(System.ProfileName,Master user)</visible>
			<property name="submenuVisibility">plugin-video-mediathekviewweb</property>
			<property name="hasSubmenu">True</property>
			</item>
		<item id="10">
			<property name="id">$NUMBER[10]</property>
			<label>MUSIK</label>
			<label2>Musik Add-On</label2>
			<icon>DefaultShortcut.png</icon>
			<thumb>thumb</thumb>
			<onclick condition="String.IsEqual(ListItem.Property(path),ActivateWindow(1129))">SetProperty(CustomSelectSearch,True,Home)</onclick>
			<onclick>ActivateWindow(Music,"plugin://plugin.audio.mp3streams",return)</onclick>
			<property name="path">ActivateWindow(Music,"plugin://plugin.audio.mp3streams",return)</property>
			<visible>String.IsEqual(System.ProfileName,Master user)</visible>
			<property name="submenuVisibility">plugin-audio-mp3streams</property>
			<property name="hasSubmenu">True</property>
			</item>
		<item id="11">
			<property name="id">$NUMBER[11]</property>
			<label>Meine Musik</label>
			<label2>Allgemeiner Menü Eintrag</label2>
			<icon>DefaultMusicAlbums.png</icon>
			<thumb />
			<visible>False</visible>
			<onclick>noop</onclick>
			<property name="hasSubmenu">True</property>
			</item>
		<item id="12">
			<property name="id">$NUMBER[12]</property>
			<label>SPORT</label>
			<label2>Video Add-On</label2>
			<icon>DefaultShortcut.png</icon>
			<thumb>image://special://home/addons%5cplugin.video.sporthdme%5cicon.png/</thumb>
			<onclick condition="String.IsEqual(ListItem.Property(path),ActivateWindow(1129))">SetProperty(CustomSelectSearch,True,Home)</onclick>
			<onclick>ActivateWindow(Videos,"plugin://plugin.video.sporthdme/?url=http%3A%2F%2Fwww.sporthd.live%2Findex.php%3F&amp;mode=5&amp;name=%5BB%5D%5BCOLOR+white%5DLIVE+EVENTS%5B%2FCOLOR%5D%5B%2FB%5D&amp;iconimage=C%3A%5CUsers%5CSascha+Gartmann%5CAppData%5CRoaming%5CKodi%5Caddons%5Cplugin.video.sporthdme%5Cicon.png&amp;description=",return)</onclick>
			<property name="path">ActivateWindow(Videos,"plugin://plugin.video.sporthdme/?url=http%3A%2F%2Fwww.sporthd.live%2Findex.php%3F&amp;mode=5&amp;name=%5BB%5D%5BCOLOR+white%5DLIVE+EVENTS%5B%2FCOLOR%5D%5B%2FB%5D&amp;iconimage=C%3A%5CUsers%5CSascha+Gartmann%5CAppData%5CRoaming%5CKodi%5Caddons%5Cplugin.video.sporthdme%5Cicon.png&amp;description=",return)</property>
			<visible>String.IsEqual(System.ProfileName,Master user)</visible>
			<property name="submenuVisibility">sport</property>
			<property name="hasSubmenu">True</property>
			</item>
		<item id="13">
			<property name="id">$NUMBER[13]</property>
			<label>$LOCALIZE[1]</label>
			<label2>Allgemeiner Menü Eintrag</label2>
			<icon>special://skin/extras/icons/DefaultPicture.png</icon>
			<thumb />
			<visible>False</visible>
			<onclick>noop</onclick>
			<property name="hasSubmenu">True</property>
			</item>
		<item id="14">
			<property name="id">$NUMBER[14]</property>
			<label>Spiele</label>
			<label2>Allgemeiner Menü Eintrag</label2>
			<icon>DefaultShortcut.png</icon>
			<thumb />
			<visible>False</visible>
			<onclick>noop</onclick>
			<property name="hasSubmenu">False</property>
			</item>
		<item id="15">
			<property name="id">$NUMBER[15]</property>
			<label>XXX</label>
			<label2>XXX</label2>
			<icon>DefaultShortcut.png</icon>
			<thumb />
			<visible>!Skin.HasSetting(HideXXX)</visible>
			<onclick condition="String.IsEqual(ListItem.Property(path),ActivateWindow(1129))">SetProperty(CustomSelectSearch,True,Home)</onclick>
			<onclick>ActivateWindow(Videos,"plugin://plugin.video.cumination/?url=&amp;mode=main.site_list&amp;page=&amp;channel=None&amp;section=None&amp;keyword=&amp;name=%5BCOLOR+white%5DSites%5B%2FCOLOR%5D",return)</onclick>
			<property name="path">ActivateWindow(Videos,"plugin://plugin.video.cumination/?url=&amp;mode=main.site_list&amp;page=&amp;channel=None&amp;section=None&amp;keyword=&amp;name=%5BCOLOR+white%5DSites%5B%2FCOLOR%5D",return)</property>
			<visible>String.IsEqual(System.ProfileName,Master user)</visible>
			<property name="submenuVisibility">xxx</property>
			<property name="hasSubmenu">True</property>
			</item>
		<item id="16">
			<property name="id">$NUMBER[16]</property>
			<label>WARTUNG</label>
			<label2>Programm</label2>
			<icon>DefaultShortcut.png</icon>
			<thumb>thumb</thumb>
			<onclick condition="String.IsEqual(ListItem.Property(path),ActivateWindow(1129))">SetProperty(CustomSelectSearch,True,Home)</onclick>
			<onclick>ActivateWindow(Programs,"plugin://plugin.program.kus-allinone-wizard",return)</onclick>
			<property name="path">ActivateWindow(Programs,"plugin://plugin.program.kus-allinone-wizard",return)</property>
			<visible>String.IsEqual(System.ProfileName,Master user)</visible>
			<property name="submenuVisibility">plugin-program-kus-allinone-wizard</property>
			<property name="hasSubmenu">True</property>
			</item>
		<item id="17">
			<property name="id">$NUMBER[17]</property>
			<label>SYSTEM</label>
			<label2>Allgemeiner Menü Eintrag</label2>
			<icon>DefaultShortcut.png</icon>
			<thumb />
			<onclick condition="String.IsEqual(ListItem.Property(path),ActivateWindow(1129))">SetProperty(CustomSelectSearch,True,Home)</onclick>
			<onclick>ActivateWindow(Settings)</onclick>
			<property name="path">ActivateWindow(Settings)</property>
			<visible>String.IsEqual(System.ProfileName,Master user)</visible>
			<property name="submenuVisibility">system</property>
			<property name="hasSubmenu">True</property>
			</item>
		</include>
	<include />
	<include name="skinshortcuts-submenu">
		<item id="1">
			<property name="id">$NUMBER[1]</property>
			<property name="mainmenuid">1</property>
			<label>$LOCALIZE[137]</label>
			<label2>Live-TV</label2>
			<icon>DefaultTVShows.png</icon>
			<thumb />
			<onclick condition="System.HasPVRAddon">ActivateWindow(TVSearch)</onclick>
			<property name="path">ActivateWindow(TVSearch)</property>
			<onclick condition="![System.HasPVRAddon]">ActivateWindow(addonbrowser,addons://repository.xbmc.org/xbmc.pvrclient,return)</onclick>
			<visible>[String.IsEqual(System.ProfileName,Master user)] + String.IsEqual(Container(9000).ListItem.Property(submenuVisibility),num-19020)</visible>
			<property name="isSubmenu">True</property>
			</item>
		<item id="2">
			<property name="id">$NUMBER[2]</property>
			<property name="mainmenuid">1</property>
			<label>$LOCALIZE[22020]</label>
			<label2>Live-TV</label2>
			<icon>DefaultTVShows.png</icon>
			<thumb />
			<onclick condition="System.HasPVRAddon">ActivateWindow(TVGuide)</onclick>
			<property name="path">ActivateWindow(TVGuide)</property>
			<onclick condition="![System.HasPVRAddon]">ActivateWindow(addonbrowser,addons://repository.xbmc.org/xbmc.pvrclient,return)</onclick>
			<visible>[String.IsEqual(System.ProfileName,Master user)] + String.IsEqual(Container(9000).ListItem.Property(submenuVisibility),num-19020)</visible>
			<property name="isSubmenu">True</property>
			</item>
		<item id="3">
			<property name="id">$NUMBER[3]</property>
			<property name="mainmenuid">1</property>
			<label>Joyn</label>
			<label2>Video Add-On</label2>
			<icon>DefaultShortcut.png</icon>
			<thumb>image://special://home/addons%5cplugin.video.joyn%5cresources%5cmedia%5clogo.gif/</thumb>
			<onclick>ActivateWindow(Videos,"plugin://plugin.video.joyn/?mode=channels&amp;tv_show_id=&amp;season_id=&amp;video_id=&amp;stream_type=LIVE&amp;channel_id=&amp;channel_path=&amp;block_id=&amp;fav_type=&amp;title=Live+TV&amp;client_data=&amp;compilation_id=&amp;movie_id=&amp;viewtype=",return)</onclick>
			<property name="path">ActivateWindow(Videos,"plugin://plugin.video.joyn/?mode=channels&amp;tv_show_id=&amp;season_id=&amp;video_id=&amp;stream_type=LIVE&amp;channel_id=&amp;channel_path=&amp;block_id=&amp;fav_type=&amp;title=Live+TV&amp;client_data=&amp;compilation_id=&amp;movie_id=&amp;viewtype=",return)</property>
			<visible>[String.IsEqual(System.ProfileName,Master user)] + String.IsEqual(Container(9000).ListItem.Property(submenuVisibility),num-19020)</visible>
			<property name="isSubmenu">True</property>
			</item>
		<item id="4">
			<property name="id">$NUMBER[4]</property>
			<property name="mainmenuid">1</property>
			<label>Zappn</label>
			<label2>Video Add-On</label2>
			<icon>DefaultShortcut.png</icon>
			<thumb>image://https%3a%2f%2fassets-secure.applicaster.com%2fzapp%2fassets%2fapp_family%2f286%2fmediathek.png/</thumb>
			<onclick>ActivateWindow(Videos,"plugin://plugin.video.zappntv/category/livestream",return)</onclick>
			<property name="path">ActivateWindow(Videos,"plugin://plugin.video.zappntv/category/livestream",return)</property>
			<visible>[String.IsEqual(System.ProfileName,Master user)] + String.IsEqual(Container(9000).ListItem.Property(submenuVisibility),num-19020)</visible>
			<property name="isSubmenu">True</property>
			</item>
		<item id="5">
			<property name="id">$NUMBER[5]</property>
			<property name="mainmenuid">1</property>
			<label>PlutoTV</label>
			<label2>Video Add-On</label2>
			<icon>DefaultShortcut.png</icon>
			<thumb>image://special://home/addons%5cslyguy.pluto.tv.provider%5cicon.png/</thumb>
			<onclick>ActivateWindow(Videos,"plugin://slyguy.pluto.tv.provider/?_=live_tv",return)</onclick>
			<property name="path">ActivateWindow(Videos,"plugin://slyguy.pluto.tv.provider/?_=live_tv",return)</property>
			<visible>[String.IsEqual(System.ProfileName,Master user)] + String.IsEqual(Container(9000).ListItem.Property(submenuVisibility),num-19020)</visible>
			<property name="isSubmenu">True</property>
			</item>
		<item id="6">
			<property name="id">$NUMBER[6]</property>
			<property name="mainmenuid">1</property>
			<label>SamsungTV+</label>
			<label2>Video Add-On</label2>
			<icon>DefaultShortcut.png</icon>
			<thumb>image://special://home/addons%5cslyguy.samsung.tv.plus%5cicon.png/</thumb>
			<onclick>ActivateWindow(Videos,"plugin://slyguy.samsung.tv.plus/?_=live_tv",return)</onclick>
			<property name="path">ActivateWindow(Videos,"plugin://slyguy.samsung.tv.plus/?_=live_tv",return)</property>
			<visible>[String.IsEqual(System.ProfileName,Master user)] + String.IsEqual(Container(9000).ListItem.Property(submenuVisibility),num-19020)</visible>
			<property name="isSubmenu">True</property>
			</item>
		<item id="1">
			<property name="id">$NUMBER[1]</property>
			<property name="mainmenuid">2</property>
			<label>Suche</label>
			<label2>Musik Add-On</label2>
			<icon>DefaultShortcut.png</icon>
			<thumb>thumb</thumb>
			<onclick>ActivateWindow(Music,"plugin://plugin.audio.radio_de/stations/search/",return)</onclick>
			<property name="path">ActivateWindow(Music,"plugin://plugin.audio.radio_de/stations/search/",return)</property>
			<visible>[String.IsEqual(System.ProfileName,Master user)] + String.IsEqual(Container(9000).ListItem.Property(submenuVisibility),plugin-audio-radio-de)</visible>
			<property name="isSubmenu">True</property>
			</item>
		<item id="2">
			<property name="id">$NUMBER[2]</property>
			<property name="mainmenuid">2</property>
			<label>Sender in der Nähe</label>
			<label2>Musik Add-On</label2>
			<icon>DefaultShortcut.png</icon>
			<thumb>thumb</thumb>
			<onclick>ActivateWindow(Music,"plugin://plugin.audio.radio_de/stations/local/1",return)</onclick>
			<property name="path">ActivateWindow(Music,"plugin://plugin.audio.radio_de/stations/local/1",return)</property>
			<visible>[String.IsEqual(System.ProfileName,Master user)] + String.IsEqual(Container(9000).ListItem.Property(submenuVisibility),plugin-audio-radio-de)</visible>
			<property name="isSubmenu">True</property>
			</item>
		<item id="3">
			<property name="id">$NUMBER[3]</property>
			<property name="mainmenuid">2</property>
			<label>Beliebteste Sender</label>
			<label2>Musik Add-On</label2>
			<icon>DefaultShortcut.png</icon>
			<thumb>thumb</thumb>
			<onclick>ActivateWindow(Music,"plugin://plugin.audio.radio_de/stations/top/1",return)</onclick>
			<property name="path">ActivateWindow(Music,"plugin://plugin.audio.radio_de/stations/top/1",return)</property>
			<visible>[String.IsEqual(System.ProfileName,Master user)] + String.IsEqual(Container(9000).ListItem.Property(submenuVisibility),plugin-audio-radio-de)</visible>
			<property name="isSubmenu">True</property>
			</item>
		<item id="4">
			<property name="id">$NUMBER[4]</property>
			<property name="mainmenuid">2</property>
			<label>Nach Musikrichtung</label>
			<label2>Musik Add-On</label2>
			<icon>DefaultShortcut.png</icon>
			<thumb>thumb</thumb>
			<onclick>ActivateWindow(Music,"plugin://plugin.audio.radio_de/stations/genres",return)</onclick>
			<property name="path">ActivateWindow(Music,"plugin://plugin.audio.radio_de/stations/genres",return)</property>
			<visible>[String.IsEqual(System.ProfileName,Master user)] + String.IsEqual(Container(9000).ListItem.Property(submenuVisibility),plugin-audio-radio-de)</visible>
			<property name="isSubmenu">True</property>
			</item>
		<item id="5">
			<property name="id">$NUMBER[5]</property>
			<property name="mainmenuid">2</property>
			<label>Meine Sender</label>
			<label2>Musik Add-On</label2>
			<icon>DefaultShortcut.png</icon>
			<thumb>thumb</thumb>
			<onclick>ActivateWindow(Music,"plugin://plugin.audio.radio_de/stations/my/",return)</onclick>
			<property name="path">ActivateWindow(Music,"plugin://plugin.audio.radio_de/stations/my/",return)</property>
			<visible>[String.IsEqual(System.ProfileName,Master user)] + String.IsEqual(Container(9000).ListItem.Property(submenuVisibility),plugin-audio-radio-de)</visible>
			<property name="isSubmenu">True</property>
			</item>
		<item id="1">
			<property name="id">$NUMBER[1]</property>
			<property name="mainmenuid">3</property>
			<label>Suche</label>
			<label2>Video Add-On</label2>
			<icon>DefaultShortcut.png</icon>
			<thumb>image://special://home/addons%5cplugin.video.themoviedb.helper%5c%2fresources%2ficons%2ftmdb%2fsearch.png/</thumb>
			<onclick>ActivateWindow(Videos,"plugin://plugin.video.themoviedb.helper/?info=dir_search&amp;tmdb_type=movie&amp;widget=true",return)</onclick>
			<property name="path">ActivateWindow(Videos,"plugin://plugin.video.themoviedb.helper/?info=dir_search&amp;tmdb_type=movie&amp;widget=true",return)</property>
			<visible>[String.IsEqual(System.ProfileName,Master user)] + String.IsEqual(Container(9000).ListItem.Property(submenuVisibility),filme)</visible>
			<property name="isSubmenu">True</property>
			</item>
		<item id="2">
			<property name="id">$NUMBER[2]</property>
			<property name="mainmenuid">3</property>
			<label>Im Kino</label>
			<label2>Video Add-On</label2>
			<icon>DefaultShortcut.png</icon>
			<thumb>image://special://home/addons%5cplugin.video.themoviedb.helper%5c%2fresources%2ficons%2ftmdb%2fintheatres.png/</thumb>
			<onclick>ActivateWindow(Videos,"plugin://plugin.video.themoviedb.helper/?info=now_playing&amp;tmdb_type=movie&amp;widget=true",return)</onclick>
			<property name="path">ActivateWindow(Videos,"plugin://plugin.video.themoviedb.helper/?info=now_playing&amp;tmdb_type=movie&amp;widget=true",return)</property>
			<visible>[String.IsEqual(System.ProfileName,Master user)] + String.IsEqual(Container(9000).ListItem.Property(submenuVisibility),filme)</visible>
			<property name="isSubmenu">True</property>
			</item>
		<item id="3">
			<property name="id">$NUMBER[3]</property>
			<property name="mainmenuid">3</property>
			<label>Populär</label>
			<label2>Video Add-On</label2>
			<icon>DefaultShortcut.png</icon>
			<thumb>image://special://home/addons%5cplugin.video.themoviedb.helper%5c%2fresources%2ficons%2ftmdb%2fpopular.png/</thumb>
			<onclick>ActivateWindow(Videos,"plugin://plugin.video.themoviedb.helper/?info=popular&amp;tmdb_type=movie&amp;widget=true",return)</onclick>
			<property name="path">ActivateWindow(Videos,"plugin://plugin.video.themoviedb.helper/?info=popular&amp;tmdb_type=movie&amp;widget=true",return)</property>
			<visible>[String.IsEqual(System.ProfileName,Master user)] + String.IsEqual(Container(9000).ListItem.Property(submenuVisibility),filme)</visible>
			<property name="isSubmenu">True</property>
			</item>
		<item id="4">
			<property name="id">$NUMBER[4]</property>
			<property name="mainmenuid">3</property>
			<label>Bestbewerted</label>
			<label2>Video Add-On</label2>
			<icon>DefaultShortcut.png</icon>
			<thumb>image://special://home/addons%5cplugin.video.themoviedb.helper%5c%2fresources%2ficons%2ftmdb%2ftoprated.png/</thumb>
			<onclick>ActivateWindow(Videos,"plugin://plugin.video.themoviedb.helper/?info=top_rated&amp;tmdb_type=movie&amp;widget=true",return)</onclick>
			<property name="path">ActivateWindow(Videos,"plugin://plugin.video.themoviedb.helper/?info=top_rated&amp;tmdb_type=movie&amp;widget=true",return)</property>
			<visible>[String.IsEqual(System.ProfileName,Master user)] + String.IsEqual(Container(9000).ListItem.Property(submenuVisibility),filme)</visible>
			<property name="isSubmenu">True</property>
			</item>
		<item id="5">
			<property name="id">$NUMBER[5]</property>
			<property name="mainmenuid">3</property>
			<label>Genre</label>
			<label2>Video Add-On</label2>
			<icon>DefaultShortcut.png</icon>
			<thumb>image://special://home/addons%5cplugin.video.themoviedb.helper%5c%2fresources%2ficons%2ftmdb%2fgenre.png/</thumb>
			<onclick>ActivateWindow(Videos,"plugin://plugin.video.themoviedb.helper/?info=genres&amp;tmdb_type=movie&amp;widget=true",return)</onclick>
			<property name="path">ActivateWindow(Videos,"plugin://plugin.video.themoviedb.helper/?info=genres&amp;tmdb_type=movie&amp;widget=true",return)</property>
			<visible>[String.IsEqual(System.ProfileName,Master user)] + String.IsEqual(Container(9000).ListItem.Property(submenuVisibility),filme)</visible>
			<property name="isSubmenu">True</property>
			</item>
		<item id="6">
			<property name="id">$NUMBER[6]</property>
			<property name="mainmenuid">3</property>
			<label>Filmreihen</label>
			<label2>Video Add-On</label2>
			<icon>DefaultShortcut.png</icon>
			<thumb>image://special://home/addons%5cplugin.video.themoviedb.helper%5c%2fresources%2fposter.png/</thumb>
			<onclick>ActivateWindow(Videos,"plugin://plugin.video.themoviedb.helper/?info=all_items&amp;tmdb_type=collection&amp;widget=true",return)</onclick>
			<property name="path">ActivateWindow(Videos,"plugin://plugin.video.themoviedb.helper/?info=all_items&amp;tmdb_type=collection&amp;widget=true",return)</property>
			<visible>[String.IsEqual(System.ProfileName,Master user)] + String.IsEqual(Container(9000).ListItem.Property(submenuVisibility),filme)</visible>
			<property name="isSubmenu">True</property>
			</item>
		<item id="7">
			<property name="id">$NUMBER[7]</property>
			<property name="mainmenuid">3</property>
			<label>TMDb/Trakt</label>
			<label2>Video Add-On</label2>
			<icon>DefaultShortcut.png</icon>
			<thumb>image://special://home/addons%5cplugin.video.themoviedb.helper%5c%2fresources%2ftrakt.png/</thumb>
			<onclick>ActivateWindow(Videos,"plugin://plugin.video.themoviedb.helper/?info=dir_trakt&amp;tmdb_type=None&amp;widget=true",return)</onclick>
			<property name="path">ActivateWindow(Videos,"plugin://plugin.video.themoviedb.helper/?info=dir_trakt&amp;tmdb_type=None&amp;widget=true",return)</property>
			<visible>[String.IsEqual(System.ProfileName,Master user)] + String.IsEqual(Container(9000).ListItem.Property(submenuVisibility),filme)</visible>
			<property name="isSubmenu">True</property>
			</item>
		<item id="8">
			<property name="id">$NUMBER[8]</property>
			<property name="mainmenuid">3</property>
			<label>xStream</label>
			<label2>Video Add-On</label2>
			<icon>DefaultShortcut.png</icon>
			<thumb>thumb</thumb>
			<onclick>ActivateWindow(Videos,"plugin://plugin.video.xstream",return)</onclick>
			<property name="path">ActivateWindow(Videos,"plugin://plugin.video.xstream",return)</property>
			<visible>[String.IsEqual(System.ProfileName,Master user)] + String.IsEqual(Container(9000).ListItem.Property(submenuVisibility),filme)</visible>
			<property name="isSubmenu">True</property>
			</item>
		<item id="9">
			<property name="id">$NUMBER[9]</property>
			<property name="mainmenuid">3</property>
			<label>xShip</label>
			<label2>Video Add-On</label2>
			<icon>DefaultShortcut.png</icon>
			<thumb>thumb</thumb>
			<onclick>ActivateWindow(Videos,"plugin://plugin.video.xship/?action=movieNavigator",return)</onclick>
			<property name="path">ActivateWindow(Videos,"plugin://plugin.video.xship/?action=movieNavigator",return)</property>
			<visible>[String.IsEqual(System.ProfileName,Master user)] + String.IsEqual(Container(9000).ListItem.Property(submenuVisibility),filme)</visible>
			<property name="isSubmenu">True</property>
			</item>
		<item id="10">
			<property name="id">$NUMBER[10]</property>
			<property name="mainmenuid">3</property>
			<label>PlutoTV</label>
			<label2>Favorit</label2>
			<icon>DefaultShortcut.png</icon>
			<thumb>special://home/addons\plugin.video.plutotv\resources\images\icon.png</thumb>
			<onclick>ActivateWindow(10025,"plugin://plugin.video.plutotv/vod/5cd1539321cb6c55e258bbea",return)</onclick>
			<property name="path">ActivateWindow(10025,"plugin://plugin.video.plutotv/vod/5cd1539321cb6c55e258bbea",return)</property>
			<visible>[String.IsEqual(System.ProfileName,Master user)] + String.IsEqual(Container(9000).ListItem.Property(submenuVisibility),filme)</visible>
			<property name="isSubmenu">True</property>
			</item>
		<item id="11">
			<property name="id">$NUMBER[11]</property>
			<property name="mainmenuid">3</property>
			<label>MovieDome</label>
			<label2>Video-Addon</label2>
			<icon>DefaultShortcut.png</icon>
			<thumb>image://https%3a%2f%2fimg.joyn.de%2fcms%2fvar%2fassets%2fContent%2fShared%2fBrand%2fCMS%2fAVOD%2fmoviedome%2fwhite%252B%2525284%252529.png%2fprofile%3aoriginal%7cUser-Agent%3dMozilla%2f5.0%2520%2528Windows%2520NT%252010.0%253B%2520Win64%253B%2520x64%2529%2520AppleWebKit%2f537.36%2520%2528KHTML%252C%2520like%2520Gecko%2529%2520Chrome%2f78.0.3904.108%2520Safari%2f537.36/</thumb>
			<onclick>ActivateWindow(Videos,"plugin://plugin.video.joyn/?mode=tvshows&amp;tv_show_id=&amp;season_id=&amp;video_id=&amp;stream_type=VOD&amp;channel_id=1034&amp;channel_path=%2Fchannels%2Fmoviedome&amp;block_id=&amp;fav_type=&amp;title=MOVIEDOME&amp;client_data=&amp;compilation_id=&amp;movie_id=&amp;viewtype=",return)</onclick>
			<property name="path">ActivateWindow(Videos,"plugin://plugin.video.joyn/?mode=tvshows&amp;tv_show_id=&amp;season_id=&amp;video_id=&amp;stream_type=VOD&amp;channel_id=1034&amp;channel_path=%2Fchannels%2Fmoviedome&amp;block_id=&amp;fav_type=&amp;title=MOVIEDOME&amp;client_data=&amp;compilation_id=&amp;movie_id=&amp;viewtype=",return)</property>
			<visible>[String.IsEqual(System.ProfileName,Master user)] + String.IsEqual(Container(9000).ListItem.Property(submenuVisibility),filme)</visible>
			<property name="isSubmenu">True</property>
			</item>
		<item id="1">
			<property name="id">$NUMBER[1]</property>
			<property name="mainmenuid">4</property>
			<label>$LOCALIZE[31328]</label>
			<label2>$ADDON[script.skinshortcuts 32014]</label2>
			<icon>DefaultRecentlyAddedMovies.png</icon>
			<thumb />
			<onclick>ActivateWindow(Videos,videodb://recentlyaddedmovies/,return)</onclick>
			<property name="path">ActivateWindow(Videos,videodb://recentlyaddedmovies/,return)</property>
			<visible>[String.IsEqual(System.ProfileName,Master user)] + String.IsEqual(Container(9000).ListItem.Property(submenuVisibility),meinefilme)</visible>
			<property name="isSubmenu">True</property>
			</item>
		<item id="2">
			<property name="id">$NUMBER[2]</property>
			<property name="mainmenuid">4</property>
			<label>$LOCALIZE[20434]</label>
			<label2>$LOCALIZE[342]</label2>
			<icon>DefaultSets.png</icon>
			<thumb />
			<visible>[Library.HasContent(MovieSets)] + String.IsEqual(Container(9000).ListItem.Property(submenuVisibility),meinefilme)</visible>
			<onclick>ActivateWindow(Videos,videodb://movies/sets/,return)</onclick>
			<property name="path">ActivateWindow(Videos,videodb://movies/sets/,return)</property>
			<visible>String.IsEqual(System.ProfileName,Master user)</visible>
			<property name="isSubmenu">True</property>
			</item>
		<item id="3">
			<property name="id">$NUMBER[3]</property>
			<property name="mainmenuid">4</property>
			<label>$LOCALIZE[369]</label>
			<label2>$LOCALIZE[342]</label2>
			<icon>DefaultMovieTitle.png</icon>
			<thumb />
			<onclick condition="Library.HasContent(Movies)">ActivateWindow(Videos,videodb://movies/titles/,return)</onclick>
			<property name="path">ActivateWindow(Videos,videodb://movies/titles/,return)</property>
			<onclick condition="![Library.HasContent(Movies)]">ActivateWindow(videos,files,return)</onclick>
			<visible>[String.IsEqual(System.ProfileName,Master user)] + String.IsEqual(Container(9000).ListItem.Property(submenuVisibility),meinefilme)</visible>
			<property name="isSubmenu">True</property>
			</item>
		<item id="4">
			<property name="id">$NUMBER[4]</property>
			<property name="mainmenuid">4</property>
			<label>$LOCALIZE[135]</label>
			<label2>$LOCALIZE[342]</label2>
			<icon>DefaultGenre.png</icon>
			<thumb />
			<onclick condition="Library.HasContent(Movies)">ActivateWindow(Videos,videodb://movies/genres/,return)</onclick>
			<property name="path">ActivateWindow(Videos,videodb://movies/genres/,return)</property>
			<onclick condition="![Library.HasContent(Movies)]">ActivateWindow(videos,files,return)</onclick>
			<visible>[String.IsEqual(System.ProfileName,Master user)] + String.IsEqual(Container(9000).ListItem.Property(submenuVisibility),meinefilme)</visible>
			<property name="isSubmenu">True</property>
			</item>
		<item id="5">
			<property name="id">$NUMBER[5]</property>
			<property name="mainmenuid">4</property>
			<label>$LOCALIZE[652]</label>
			<label2>$LOCALIZE[342]</label2>
			<icon>DefaultYear.png</icon>
			<thumb />
			<onclick condition="Library.HasContent(Movies)">ActivateWindow(Videos,videodb://movies/years/,return)</onclick>
			<property name="path">ActivateWindow(Videos,videodb://movies/years/,return)</property>
			<onclick condition="![Library.HasContent(Movies)]">ActivateWindow(videos,files,return)</onclick>
			<visible>[String.IsEqual(System.ProfileName,Master user)] + String.IsEqual(Container(9000).ListItem.Property(submenuVisibility),meinefilme)</visible>
			<property name="isSubmenu">True</property>
			</item>
		<item id="6">
			<property name="id">$NUMBER[6]</property>
			<property name="mainmenuid">4</property>
			<label>$LOCALIZE[344]</label>
			<label2>$LOCALIZE[342]</label2>
			<icon>DefaultActor.png</icon>
			<thumb />
			<onclick condition="Library.HasContent(Movies)">ActivateWindow(Videos,videodb://movies/actors/,return)</onclick>
			<property name="path">ActivateWindow(Videos,videodb://movies/actors/,return)</property>
			<onclick condition="![Library.HasContent(Movies)]">ActivateWindow(videos,files,return)</onclick>
			<visible>[String.IsEqual(System.ProfileName,Master user)] + String.IsEqual(Container(9000).ListItem.Property(submenuVisibility),meinefilme)</visible>
			<property name="isSubmenu">True</property>
			</item>
		<item id="1">
			<property name="id">$NUMBER[1]</property>
			<property name="mainmenuid">5</property>
			<label>Suche</label>
			<label2>Video Add-On</label2>
			<icon>DefaultShortcut.png</icon>
			<thumb>image://special://home/addons%5cplugin.video.themoviedb.helper%5c%2fresources%2ficons%2ftmdb%2fsearch.png/</thumb>
			<onclick>ActivateWindow(Videos,"plugin://plugin.video.themoviedb.helper/?info=dir_search&amp;tmdb_type=tv&amp;widget=true",return)</onclick>
			<property name="path">ActivateWindow(Videos,"plugin://plugin.video.themoviedb.helper/?info=dir_search&amp;tmdb_type=tv&amp;widget=true",return)</property>
			<visible>[String.IsEqual(System.ProfileName,Master user)] + String.IsEqual(Container(9000).ListItem.Property(submenuVisibility),serien)</visible>
			<property name="isSubmenu">True</property>
			</item>
		<item id="2">
			<property name="id">$NUMBER[2]</property>
			<property name="mainmenuid">5</property>
			<label>Populär</label>
			<label2>Video Add-On</label2>
			<icon>DefaultShortcut.png</icon>
			<thumb>image://special://home/addons%5cplugin.video.themoviedb.helper%5c%2fresources%2ficons%2ftmdb%2fpopular.png/</thumb>
			<onclick>ActivateWindow(Videos,"plugin://plugin.video.themoviedb.helper/?info=popular&amp;tmdb_type=tv&amp;widget=true",return)</onclick>
			<property name="path">ActivateWindow(Videos,"plugin://plugin.video.themoviedb.helper/?info=popular&amp;tmdb_type=tv&amp;widget=true",return)</property>
			<visible>[String.IsEqual(System.ProfileName,Master user)] + String.IsEqual(Container(9000).ListItem.Property(submenuVisibility),serien)</visible>
			<property name="isSubmenu">True</property>
			</item>
		<item id="3">
			<property name="id">$NUMBER[3]</property>
			<property name="mainmenuid">5</property>
			<label>Bestbewerted</label>
			<label2>Video Add-On</label2>
			<icon>DefaultShortcut.png</icon>
			<thumb>image://special://home/addons%5cplugin.video.themoviedb.helper%5c%2fresources%2ficons%2ftmdb%2ftoprated.png/</thumb>
			<onclick>ActivateWindow(Videos,"plugin://plugin.video.themoviedb.helper/?info=top_rated&amp;tmdb_type=tv&amp;widget=true",return)</onclick>
			<property name="path">ActivateWindow(Videos,"plugin://plugin.video.themoviedb.helper/?info=top_rated&amp;tmdb_type=tv&amp;widget=true",return)</property>
			<visible>[String.IsEqual(System.ProfileName,Master user)] + String.IsEqual(Container(9000).ListItem.Property(submenuVisibility),serien)</visible>
			<property name="isSubmenu">True</property>
			</item>
		<item id="4">
			<property name="id">$NUMBER[4]</property>
			<property name="mainmenuid">5</property>
			<label>Genre</label>
			<label2>Video Add-On</label2>
			<icon>DefaultShortcut.png</icon>
			<thumb>image://special://home/addons%5cplugin.video.themoviedb.helper%5c%2fresources%2ficons%2ftmdb%2fgenre.png/</thumb>
			<onclick>ActivateWindow(Videos,"plugin://plugin.video.themoviedb.helper/?info=genres&amp;tmdb_type=tv&amp;widget=true",return)</onclick>
			<property name="path">ActivateWindow(Videos,"plugin://plugin.video.themoviedb.helper/?info=genres&amp;tmdb_type=tv&amp;widget=true",return)</property>
			<visible>[String.IsEqual(System.ProfileName,Master user)] + String.IsEqual(Container(9000).ListItem.Property(submenuVisibility),serien)</visible>
			<property name="isSubmenu">True</property>
			</item>
		<item id="5">
			<property name="id">$NUMBER[5]</property>
			<property name="mainmenuid">5</property>
			<label>xStream</label>
			<label2>Video Add-On</label2>
			<icon>DefaultShortcut.png</icon>
			<thumb>thumb</thumb>
			<onclick>ActivateWindow(Videos,"plugin://plugin.video.xstream",return)</onclick>
			<property name="path">ActivateWindow(Videos,"plugin://plugin.video.xstream",return)</property>
			<visible>[String.IsEqual(System.ProfileName,Master user)] + String.IsEqual(Container(9000).ListItem.Property(submenuVisibility),serien)</visible>
			<property name="isSubmenu">True</property>
			</item>
		<item id="6">
			<property name="id">$NUMBER[6]</property>
			<property name="mainmenuid">5</property>
			<label>xShip</label>
			<label2>Video Add-On</label2>
			<icon>DefaultShortcut.png</icon>
			<thumb>thumb</thumb>
			<onclick>ActivateWindow(Videos,"plugin://plugin.video.xship/?action=tvNavigator",return)</onclick>
			<property name="path">ActivateWindow(Videos,"plugin://plugin.video.xship/?action=tvNavigator",return)</property>
			<visible>[String.IsEqual(System.ProfileName,Master user)] + String.IsEqual(Container(9000).ListItem.Property(submenuVisibility),serien)</visible>
			<property name="isSubmenu">True</property>
			</item>
		<item id="7">
			<property name="id">$NUMBER[7]</property>
			<property name="mainmenuid">5</property>
			<label>SerienStream</label>
			<label2>Video Add-On</label2>
			<icon>DefaultShortcut.png</icon>
			<thumb>image://special://home/addons%5cplugin.video.xstream%5cresources%5cart%5csites%5cserienstream.png/</thumb>
			<onclick>ActivateWindow(Videos,"plugin://plugin.video.xstream/?site=serienstream_to&amp;function=load&amp;title=SerienStream&amp;params=0",return)</onclick>
			<property name="path">ActivateWindow(Videos,"plugin://plugin.video.xstream/?site=serienstream_to&amp;function=load&amp;title=SerienStream&amp;params=0",return)</property>
			<visible>[String.IsEqual(System.ProfileName,Master user)] + String.IsEqual(Container(9000).ListItem.Property(submenuVisibility),serien)</visible>
			<property name="isSubmenu">True</property>
			</item>
		<item id="8">
			<property name="id">$NUMBER[8]</property>
			<property name="mainmenuid">5</property>
			<label>PlutoTV</label>
			<label2>Favorit</label2>
			<icon>DefaultShortcut.png</icon>
			<thumb>special://home/addons\plugin.video.plutotv\resources\images\icon.png</thumb>
			<onclick>ActivateWindow(10025,"plugin://plugin.video.plutotv/vod/5cd152f0d9e0ec55c4ecc015",return)</onclick>
			<property name="path">ActivateWindow(10025,"plugin://plugin.video.plutotv/vod/5cd152f0d9e0ec55c4ecc015",return)</property>
			<visible>[String.IsEqual(System.ProfileName,Master user)] + String.IsEqual(Container(9000).ListItem.Property(submenuVisibility),serien)</visible>
			<property name="isSubmenu">True</property>
			</item>
		<item id="1">
			<property name="id">$NUMBER[1]</property>
			<property name="mainmenuid">6</property>
			<label>$LOCALIZE[31328]</label>
			<label2>$ADDON[script.skinshortcuts 32014]</label2>
			<icon>DefaultRecentlyAddedEpisodes.png</icon>
			<thumb />
			<onclick>ActivateWindow(Videos,videodb://recentlyaddedepisodes/,return)</onclick>
			<property name="path">ActivateWindow(Videos,videodb://recentlyaddedepisodes/,return)</property>
			<visible>[String.IsEqual(System.ProfileName,Master user)] + String.IsEqual(Container(9000).ListItem.Property(submenuVisibility),meineserien)</visible>
			<property name="isSubmenu">True</property>
			</item>
		<item id="2">
			<property name="id">$NUMBER[2]</property>
			<property name="mainmenuid">6</property>
			<label>$LOCALIZE[369]</label>
			<label2>$LOCALIZE[20343]</label2>
			<icon>DefaultTVShowTitle.png</icon>
			<thumb />
			<onclick condition="Library.HasContent(TVShows)">ActivateWindow(Videos,videodb://tvshows/titles/,return)</onclick>
			<property name="path">ActivateWindow(Videos,videodb://tvshows/titles/,return)</property>
			<onclick condition="![Library.HasContent(TVShows)]">ActivateWindow(videos,files,return)</onclick>
			<visible>[String.IsEqual(System.ProfileName,Master user)] + String.IsEqual(Container(9000).ListItem.Property(submenuVisibility),meineserien)</visible>
			<property name="isSubmenu">True</property>
			</item>
		<item id="3">
			<property name="id">$NUMBER[3]</property>
			<property name="mainmenuid">6</property>
			<label>$LOCALIZE[135]</label>
			<label2>$LOCALIZE[20343]</label2>
			<icon>DefaultGenre.png</icon>
			<thumb />
			<onclick condition="Library.HasContent(TVShows)">ActivateWindow(Videos,videodb://tvshows/genres/,return)</onclick>
			<property name="path">ActivateWindow(Videos,videodb://tvshows/genres/,return)</property>
			<onclick condition="![Library.HasContent(TVShows)]">ActivateWindow(videos,files,return)</onclick>
			<visible>[String.IsEqual(System.ProfileName,Master user)] + String.IsEqual(Container(9000).ListItem.Property(submenuVisibility),meineserien)</visible>
			<property name="isSubmenu">True</property>
			</item>
		<item id="4">
			<property name="id">$NUMBER[4]</property>
			<property name="mainmenuid">6</property>
			<label>$LOCALIZE[652]</label>
			<label2>$LOCALIZE[20343]</label2>
			<icon>DefaultYear.png</icon>
			<thumb />
			<onclick condition="Library.HasContent(TVShows)">ActivateWindow(Videos,videodb://tvshows/years/,return)</onclick>
			<property name="path">ActivateWindow(Videos,videodb://tvshows/years/,return)</property>
			<onclick condition="![Library.HasContent(TVShows)]">ActivateWindow(videos,files,return)</onclick>
			<visible>[String.IsEqual(System.ProfileName,Master user)] + String.IsEqual(Container(9000).ListItem.Property(submenuVisibility),meineserien)</visible>
			<property name="isSubmenu">True</property>
			</item>
		<item id="5">
			<property name="id">$NUMBER[5]</property>
			<property name="mainmenuid">6</property>
			<label>$LOCALIZE[344]</label>
			<label2>$LOCALIZE[20343]</label2>
			<icon>DefaultActor.png</icon>
			<thumb />
			<onclick condition="Library.HasContent(TVShows)">ActivateWindow(Videos,videodb://tvshows/actors/,return)</onclick>
			<property name="path">ActivateWindow(Videos,videodb://tvshows/actors/,return)</property>
			<onclick condition="![Library.HasContent(TVShows)]">ActivateWindow(videos,files,return)</onclick>
			<visible>[String.IsEqual(System.ProfileName,Master user)] + String.IsEqual(Container(9000).ListItem.Property(submenuVisibility),meineserien)</visible>
			<property name="isSubmenu">True</property>
			</item>
		<item id="1">
			<property name="id">$NUMBER[1]</property>
			<property name="mainmenuid">7</property>
			<label>Filme</label>
			<label2>Video Add-On</label2>
			<icon>DefaultShortcut.png</icon>
			<thumb>image://https%3a%2f%2fflagcdn.com%2fh240%2fde.png/</thumb>
			<onclick>ActivateWindow(Videos,"plugin://slyguy.pluto.tv.provider/?_=live_tv&amp;code=de&amp;group=Filme",return)</onclick>
			<property name="path">ActivateWindow(Videos,"plugin://slyguy.pluto.tv.provider/?_=live_tv&amp;code=de&amp;group=Filme",return)</property>
			<visible>[String.IsEqual(System.ProfileName,Master user)] + String.IsEqual(Container(9000).ListItem.Property(submenuVisibility),24-7)</visible>
			<property name="isSubmenu">True</property>
			</item>
		<item id="2">
			<property name="id">$NUMBER[2]</property>
			<property name="mainmenuid">7</property>
			<label>Serien</label>
			<label2>Video Add-On</label2>
			<icon>DefaultShortcut.png</icon>
			<thumb>image://https%3a%2f%2fflagcdn.com%2fh240%2fde.png/</thumb>
			<onclick>ActivateWindow(Videos,"plugin://slyguy.pluto.tv.provider/?_=live_tv&amp;code=de&amp;group=Serien",return)</onclick>
			<property name="path">ActivateWindow(Videos,"plugin://slyguy.pluto.tv.provider/?_=live_tv&amp;code=de&amp;group=Serien",return)</property>
			<visible>[String.IsEqual(System.ProfileName,Master user)] + String.IsEqual(Container(9000).ListItem.Property(submenuVisibility),24-7)</visible>
			<property name="isSubmenu">True</property>
			</item>
		<item id="3">
			<property name="id">$NUMBER[3]</property>
			<property name="mainmenuid">7</property>
			<label>Kids</label>
			<label2>Video Add-On</label2>
			<icon>DefaultShortcut.png</icon>
			<thumb>image://https%3a%2f%2fflagcdn.com%2fh240%2fde.png/</thumb>
			<onclick>ActivateWindow(Videos,"plugin://slyguy.pluto.tv.provider/?_=live_tv&amp;code=de&amp;group=Kids",return)</onclick>
			<property name="path">ActivateWindow(Videos,"plugin://slyguy.pluto.tv.provider/?_=live_tv&amp;code=de&amp;group=Kids",return)</property>
			<visible>[String.IsEqual(System.ProfileName,Master user)] + String.IsEqual(Container(9000).ListItem.Property(submenuVisibility),24-7)</visible>
			<property name="isSubmenu">True</property>
			</item>
		<item id="4">
			<property name="id">$NUMBER[4]</property>
			<property name="mainmenuid">7</property>
			<label>Comedy</label>
			<label2>Video Add-On</label2>
			<icon>DefaultShortcut.png</icon>
			<thumb>image://https%3a%2f%2fflagcdn.com%2fh240%2fde.png/</thumb>
			<onclick>ActivateWindow(Videos,"plugin://slyguy.pluto.tv.provider/?_=live_tv&amp;code=de&amp;group=Comedy",return)</onclick>
			<property name="path">ActivateWindow(Videos,"plugin://slyguy.pluto.tv.provider/?_=live_tv&amp;code=de&amp;group=Comedy",return)</property>
			<visible>[String.IsEqual(System.ProfileName,Master user)] + String.IsEqual(Container(9000).ListItem.Property(submenuVisibility),24-7)</visible>
			<property name="isSubmenu">True</property>
			</item>
		<item id="5">
			<property name="id">$NUMBER[5]</property>
			<property name="mainmenuid">7</property>
			<label>Entertainment</label>
			<label2>Video Add-On</label2>
			<icon>DefaultShortcut.png</icon>
			<thumb>image://https%3a%2f%2fflagcdn.com%2fh240%2fde.png/</thumb>
			<onclick>ActivateWindow(Videos,"plugin://slyguy.pluto.tv.provider/?_=live_tv&amp;code=de&amp;group=Entertainment",return)</onclick>
			<property name="path">ActivateWindow(Videos,"plugin://slyguy.pluto.tv.provider/?_=live_tv&amp;code=de&amp;group=Entertainment",return)</property>
			<visible>[String.IsEqual(System.ProfileName,Master user)] + String.IsEqual(Container(9000).ListItem.Property(submenuVisibility),24-7)</visible>
			<property name="isSubmenu">True</property>
			</item>
		<item id="6">
			<property name="id">$NUMBER[6]</property>
			<property name="mainmenuid">7</property>
			<label>Dokus + Wissen</label>
			<label2>Video Add-On</label2>
			<icon>DefaultShortcut.png</icon>
			<thumb>image://https%3a%2f%2fflagcdn.com%2fh240%2fde.png/</thumb>
			<onclick>ActivateWindow(Videos,"plugin://slyguy.pluto.tv.provider/?_=live_tv&amp;code=de&amp;group=Dokus+%2B+Wissen",return)</onclick>
			<property name="path">ActivateWindow(Videos,"plugin://slyguy.pluto.tv.provider/?_=live_tv&amp;code=de&amp;group=Dokus+%2B+Wissen",return)</property>
			<visible>[String.IsEqual(System.ProfileName,Master user)] + String.IsEqual(Container(9000).ListItem.Property(submenuVisibility),24-7)</visible>
			<property name="isSubmenu">True</property>
			</item>
		<item id="7">
			<property name="id">$NUMBER[7]</property>
			<property name="mainmenuid">7</property>
			<label>Lifestyle</label>
			<label2>Video Add-On</label2>
			<icon>DefaultShortcut.png</icon>
			<thumb>image://https%3a%2f%2fflagcdn.com%2fh240%2fde.png/</thumb>
			<onclick>ActivateWindow(Videos,"plugin://slyguy.pluto.tv.provider/?_=live_tv&amp;code=de&amp;group=Lifestyle",return)</onclick>
			<property name="path">ActivateWindow(Videos,"plugin://slyguy.pluto.tv.provider/?_=live_tv&amp;code=de&amp;group=Lifestyle",return)</property>
			<visible>[String.IsEqual(System.ProfileName,Master user)] + String.IsEqual(Container(9000).ListItem.Property(submenuVisibility),24-7)</visible>
			<property name="isSubmenu">True</property>
			</item>
		<item id="8">
			<property name="id">$NUMBER[8]</property>
			<property name="mainmenuid">7</property>
			<label>Musik</label>
			<label2>Video Add-On</label2>
			<icon>DefaultShortcut.png</icon>
			<thumb>image://https%3a%2f%2fflagcdn.com%2fh240%2fde.png/</thumb>
			<onclick>ActivateWindow(Videos,"plugin://slyguy.pluto.tv.provider/?_=live_tv&amp;code=de&amp;group=Musik",return)</onclick>
			<property name="path">ActivateWindow(Videos,"plugin://slyguy.pluto.tv.provider/?_=live_tv&amp;code=de&amp;group=Musik",return)</property>
			<visible>[String.IsEqual(System.ProfileName,Master user)] + String.IsEqual(Container(9000).ListItem.Property(submenuVisibility),24-7)</visible>
			<property name="isSubmenu">True</property>
			</item>
		<item id="9">
			<property name="id">$NUMBER[9]</property>
			<property name="mainmenuid">7</property>
			<label>Frohes Fest</label>
			<label2>Video Add-On</label2>
			<icon>DefaultShortcut.png</icon>
			<thumb>image://https%3a%2f%2fflagcdn.com%2fh240%2fde.png/</thumb>
			<onclick>ActivateWindow(Videos,"plugin://slyguy.pluto.tv.provider/?_=live_tv&amp;code=de&amp;group=Frohes+Fest",return)</onclick>
			<property name="path">ActivateWindow(Videos,"plugin://slyguy.pluto.tv.provider/?_=live_tv&amp;code=de&amp;group=Frohes+Fest",return)</property>
			<visible>[String.IsEqual(System.ProfileName,Master user)] + String.IsEqual(Container(9000).ListItem.Property(submenuVisibility),24-7)</visible>
			<property name="isSubmenu">True</property>
			</item>
		<item id="1">
			<property name="id">$NUMBER[1]</property>
			<property name="mainmenuid">8</property>
			<label>Disney Filme</label>
			<label2>Favorit</label2>
			<icon>DefaultFolder.png</icon>
			<thumb>special://home/addons\plugin.video.themoviedb.helper\/resources/poster.png</thumb>
			<onclick>ActivateWindow(10025,"plugin://plugin.video.themoviedb.helper/?info=trakt_userlist&amp;list_name=Disney&amp;list_slug=disney&amp;user_slug=themoodymuck",return)</onclick>
			<property name="path">ActivateWindow(10025,"plugin://plugin.video.themoviedb.helper/?info=trakt_userlist&amp;list_name=Disney&amp;list_slug=disney&amp;user_slug=themoodymuck",return)</property>
			<visible>[String.IsEqual(System.ProfileName,Master user)] + String.IsEqual(Container(9000).ListItem.Property(submenuVisibility),plugin-video-kika-de)</visible>
			<property name="isSubmenu">True</property>
			</item>
		<item id="2">
			<property name="id">$NUMBER[2]</property>
			<property name="mainmenuid">8</property>
			<label>Pixar Filme</label>
			<label2>Favorit</label2>
			<icon>DefaultFolder.png</icon>
			<thumb>special://home/addons\plugin.video.themoviedb.helper\/resources/poster.png</thumb>
			<onclick>ActivateWindow(10025,"plugin://plugin.video.themoviedb.helper/?info=trakt_userlist&amp;list_name=Pixar%20Feature%20Films&amp;list_slug=pixar-feature-films&amp;user_slug=draackje",return)</onclick>
			<property name="path">ActivateWindow(10025,"plugin://plugin.video.themoviedb.helper/?info=trakt_userlist&amp;list_name=Pixar%20Feature%20Films&amp;list_slug=pixar-feature-films&amp;user_slug=draackje",return)</property>
			<visible>[String.IsEqual(System.ProfileName,Master user)] + String.IsEqual(Container(9000).ListItem.Property(submenuVisibility),plugin-video-kika-de)</visible>
			<property name="isSubmenu">True</property>
			</item>
		<item id="3">
			<property name="id">$NUMBER[3]</property>
			<property name="mainmenuid">8</property>
			<label>Dreamworks Filme</label>
			<label2>Favorit</label2>
			<icon>DefaultFolder.png</icon>
			<thumb>special://home/addons\plugin.video.themoviedb.helper\/resources/poster.png</thumb>
			<onclick>ActivateWindow(10025,"plugin://plugin.video.themoviedb.helper/?info=trakt_userlist&amp;list_name=Dreamworks%20Feature%20Films&amp;list_slug=dreamworks-feature-films&amp;user_slug=draackje",return)</onclick>
			<property name="path">ActivateWindow(10025,"plugin://plugin.video.themoviedb.helper/?info=trakt_userlist&amp;list_name=Dreamworks%20Feature%20Films&amp;list_slug=dreamworks-feature-films&amp;user_slug=draackje",return)</property>
			<visible>[String.IsEqual(System.ProfileName,Master user)] + String.IsEqual(Container(9000).ListItem.Property(submenuVisibility),plugin-video-kika-de)</visible>
			<property name="isSubmenu">True</property>
			</item>
		<item id="4">
			<property name="id">$NUMBER[4]</property>
			<property name="mainmenuid">8</property>
			<label>Familie Filme</label>
			<label2>Video Add-On</label2>
			<icon>DefaultShortcut.png</icon>
			<thumb>image://special://home/addons%5cplugin.video.themoviedb.helper%5c%2fresources%2fposter.png/</thumb>
			<onclick>ActivateWindow(Videos,"plugin://plugin.video.themoviedb.helper/?info=discover&amp;tmdb_type=movie&amp;with_genres=10751&amp;with_id=True&amp;widget=true",return)</onclick>
			<property name="path">ActivateWindow(Videos,"plugin://plugin.video.themoviedb.helper/?info=discover&amp;tmdb_type=movie&amp;with_genres=10751&amp;with_id=True&amp;widget=true",return)</property>
			<visible>[String.IsEqual(System.ProfileName,Master user)] + String.IsEqual(Container(9000).ListItem.Property(submenuVisibility),plugin-video-kika-de)</visible>
			<property name="isSubmenu">True</property>
			</item>
		<item id="5">
			<property name="id">$NUMBER[5]</property>
			<property name="mainmenuid">8</property>
			<label>S.to Zeichentrickserien</label>
			<label2>Video Add-On</label2>
			<icon>DefaultShortcut.png</icon>
			<thumb>thumb</thumb>
			<onclick>ActivateWindow(Videos,"plugin://plugin.video.xstream/?site=serienstream_to&amp;function=showEntries&amp;title=Zeichentrick&amp;sUrl=http%3A%2F%2F190.115.18.20%2Fgenre%2Fzeichentrick&amp;sCont=homeContentGenresList",return)</onclick>
			<property name="path">ActivateWindow(Videos,"plugin://plugin.video.xstream/?site=serienstream_to&amp;function=showEntries&amp;title=Zeichentrick&amp;sUrl=http%3A%2F%2F190.115.18.20%2Fgenre%2Fzeichentrick&amp;sCont=homeContentGenresList",return)</property>
			<visible>[String.IsEqual(System.ProfileName,Master user)] + String.IsEqual(Container(9000).ListItem.Property(submenuVisibility),plugin-video-kika-de)</visible>
			<property name="isSubmenu">True</property>
			</item>
		<item id="6">
			<property name="id">$NUMBER[6]</property>
			<property name="mainmenuid">8</property>
			<label>S.to Kindrserien</label>
			<label2>Video Add-On</label2>
			<icon>DefaultShortcut.png</icon>
			<thumb>thumb</thumb>
			<onclick>ActivateWindow(Videos,"plugin://plugin.video.xstream/?site=serienstream_to&amp;function=showEntries&amp;title=Kinderserie&amp;sUrl=http%3A%2F%2F190.115.18.20%2Fgenre%2Fkinderserie&amp;sCont=homeContentGenresList",return)</onclick>
			<property name="path">ActivateWindow(Videos,"plugin://plugin.video.xstream/?site=serienstream_to&amp;function=showEntries&amp;title=Kinderserie&amp;sUrl=http%3A%2F%2F190.115.18.20%2Fgenre%2Fkinderserie&amp;sCont=homeContentGenresList",return)</property>
			<visible>[String.IsEqual(System.ProfileName,Master user)] + String.IsEqual(Container(9000).ListItem.Property(submenuVisibility),plugin-video-kika-de)</visible>
			<property name="isSubmenu">True</property>
			</item>
		<item id="7">
			<property name="id">$NUMBER[7]</property>
			<property name="mainmenuid">8</property>
			<label>Kids Radio</label>
			<label2>Musik Add-On</label2>
			<icon>DefaultShortcut.png</icon>
			<thumb>thumb</thumb>
			<onclick>ActivateWindow(Music,"plugin://plugin.audio.radio_de/stations/popular/topics/Children/1",return)</onclick>
			<property name="path">ActivateWindow(Music,"plugin://plugin.audio.radio_de/stations/popular/topics/Children/1",return)</property>
			<visible>[String.IsEqual(System.ProfileName,Master user)] + String.IsEqual(Container(9000).ListItem.Property(submenuVisibility),plugin-video-kika-de)</visible>
			<property name="isSubmenu">True</property>
			</item>
		<item id="1">
			<property name="id">$NUMBER[1]</property>
			<property name="mainmenuid">9</property>
			<label>Joyn</label>
			<label2>Video Add-On</label2>
			<icon>DefaultShortcut.png</icon>
			<thumb>thumb</thumb>
			<onclick>ActivateWindow(Videos,"plugin://plugin.video.joyn",return)</onclick>
			<property name="path">ActivateWindow(Videos,"plugin://plugin.video.joyn",return)</property>
			<visible>[String.IsEqual(System.ProfileName,Master user)] + String.IsEqual(Container(9000).ListItem.Property(submenuVisibility),plugin-video-mediathekviewweb)</visible>
			<property name="isSubmenu">True</property>
			</item>
		<item id="2">
			<property name="id">$NUMBER[2]</property>
			<property name="mainmenuid">9</property>
			<label>RTL+</label>
			<label2>Video-Addon</label2>
			<icon>DefaultShortcut.png</icon>
			<thumb>thumb</thumb>
			<onclick>ActivateWindow(Videos,"plugin://plugin.video.rtlgroup.de",return)</onclick>
			<property name="path">ActivateWindow(Videos,"plugin://plugin.video.rtlgroup.de",return)</property>
			<visible>[String.IsEqual(System.ProfileName,Master user)] + String.IsEqual(Container(9000).ListItem.Property(submenuVisibility),plugin-video-mediathekviewweb)</visible>
			<property name="isSubmenu">True</property>
			</item>
		<item id="3">
			<property name="id">$NUMBER[3]</property>
			<property name="mainmenuid">9</property>
			<label>Zappn</label>
			<label2>Video Add-On</label2>
			<icon>DefaultShortcut.png</icon>
			<thumb>thumb</thumb>
			<onclick>ActivateWindow(Videos,"plugin://plugin.video.zappntv",return)</onclick>
			<property name="path">ActivateWindow(Videos,"plugin://plugin.video.zappntv",return)</property>
			<visible>[String.IsEqual(System.ProfileName,Master user)] + String.IsEqual(Container(9000).ListItem.Property(submenuVisibility),plugin-video-mediathekviewweb)</visible>
			<property name="isSubmenu">True</property>
			</item>
		<item id="4">
			<property name="id">$NUMBER[4]</property>
			<property name="mainmenuid">9</property>
			<label>Dokustreams</label>
			<label2>Video Add-On</label2>
			<icon>DefaultShortcut.png</icon>
			<thumb>thumb</thumb>
			<onclick>ActivateWindow(Videos,"plugin://plugin.video.dokustreams.de",return)</onclick>
			<property name="path">ActivateWindow(Videos,"plugin://plugin.video.dokustreams.de",return)</property>
			<visible>[String.IsEqual(System.ProfileName,Master user)] + String.IsEqual(Container(9000).ListItem.Property(submenuVisibility),plugin-video-mediathekviewweb)</visible>
			<property name="isSubmenu">True</property>
			</item>
		<item id="5">
			<property name="id">$NUMBER[5]</property>
			<property name="mainmenuid">9</property>
			<label>YouTube</label>
			<label2>Video Add-On</label2>
			<icon>DefaultShortcut.png</icon>
			<thumb>thumb</thumb>
			<onclick>ActivateWindow(Videos,"plugin://plugin.video.youtube",return)</onclick>
			<property name="path">ActivateWindow(Videos,"plugin://plugin.video.youtube",return)</property>
			<visible>[String.IsEqual(System.ProfileName,Master user)] + String.IsEqual(Container(9000).ListItem.Property(submenuVisibility),plugin-video-mediathekviewweb)</visible>
			<property name="isSubmenu">True</property>
			</item>
		<item id="1">
			<property name="id">$NUMBER[1]</property>
			<property name="mainmenuid">10</property>
			<label>Suche Lied</label>
			<label2>Musik Add-On</label2>
			<icon>DefaultShortcut.png</icon>
			<thumb>image://special://home/addons%5cplugin.audio.mp3streams%5cart%2fsearchsongs.jpg/</thumb>
			<onclick>ActivateWindow(Music,"plugin://plugin.audio.mp3streams/?url=url&amp;mode=24&amp;name=Search+Songs&amp;iconimage=C%3A%5CUsers%5CSascha+Gartmann%5CAppData%5CRoaming%5CKodi%5Caddons%5Cplugin.audio.mp3streams%5Cart%2Fsearchsongs.jpg&amp;list=search songs&lt;&gt;url&lt;&gt;C:\\Users\\Sascha Gartmann\\AppData\\Roaming\\Kodi\\addons\\plugin.audio.mp3streams\\art/searchsongs.jpg&amp;type=",return)</onclick>
			<property name="path">ActivateWindow(Music,"plugin://plugin.audio.mp3streams/?url=url&amp;mode=24&amp;name=Search+Songs&amp;iconimage=C%3A%5CUsers%5CSascha+Gartmann%5CAppData%5CRoaming%5CKodi%5Caddons%5Cplugin.audio.mp3streams%5Cart%2Fsearchsongs.jpg&amp;list=search songs&lt;&gt;url&lt;&gt;C:\\Users\\Sascha Gartmann\\AppData\\Roaming\\Kodi\\addons\\plugin.audio.mp3streams\\art/searchsongs.jpg&amp;type=",return)</property>
			<visible>[String.IsEqual(System.ProfileName,Master user)] + String.IsEqual(Container(9000).ListItem.Property(submenuVisibility),plugin-audio-mp3streams)</visible>
			<property name="isSubmenu">True</property>
			</item>
		<item id="2">
			<property name="id">$NUMBER[2]</property>
			<property name="mainmenuid">10</property>
			<label>Suche Album</label>
			<label2>Musik Add-On</label2>
			<icon>DefaultShortcut.png</icon>
			<thumb>image://special://home/addons%5cplugin.audio.mp3streams%5cart%2fsearchalbums.jpg/</thumb>
			<onclick>ActivateWindow(Music,"plugin://plugin.audio.mp3streams/?url=url&amp;mode=24&amp;name=Search+Albums&amp;iconimage=C%3A%5CUsers%5CSascha+Gartmann%5CAppData%5CRoaming%5CKodi%5Caddons%5Cplugin.audio.mp3streams%5Cart%2Fsearchalbums.jpg&amp;list=search albums&lt;&gt;url&lt;&gt;C:\\Users\\Sascha Gartmann\\AppData\\Roaming\\Kodi\\addons\\plugin.audio.mp3streams\\art/searchalbums.jpg&amp;type=",return)</onclick>
			<property name="path">ActivateWindow(Music,"plugin://plugin.audio.mp3streams/?url=url&amp;mode=24&amp;name=Search+Albums&amp;iconimage=C%3A%5CUsers%5CSascha+Gartmann%5CAppData%5CRoaming%5CKodi%5Caddons%5Cplugin.audio.mp3streams%5Cart%2Fsearchalbums.jpg&amp;list=search albums&lt;&gt;url&lt;&gt;C:\\Users\\Sascha Gartmann\\AppData\\Roaming\\Kodi\\addons\\plugin.audio.mp3streams\\art/searchalbums.jpg&amp;type=",return)</property>
			<visible>[String.IsEqual(System.ProfileName,Master user)] + String.IsEqual(Container(9000).ListItem.Property(submenuVisibility),plugin-audio-mp3streams)</visible>
			<property name="isSubmenu">True</property>
			</item>
		<item id="3">
			<property name="id">$NUMBER[3]</property>
			<property name="mainmenuid">10</property>
			<label>Neue Alben</label>
			<label2>Musik Add-On</label2>
			<icon>DefaultShortcut.png</icon>
			<thumb>image://special://home/addons%5cplugin.audio.mp3streams%5cart%2fnewalbums.jpg/</thumb>
			<onclick>ActivateWindow(Music,"plugin://plugin.audio.mp3streams/?url=http%3A%2F%2Fmusicmp3.ru%2Fnew_albums.html&amp;mode=12&amp;name=New+Albums&amp;iconimage=C%3A%5CUsers%5CSascha+Gartmann%5CAppData%5CRoaming%5CKodi%5Caddons%5Cplugin.audio.mp3streams%5Cart%2Fnewalbums.jpg&amp;list=new albums&lt;&gt;http://musicmp3.ru/new_albums.html&lt;&gt;C:\\Users\\Sascha Gartmann\\AppData\\Roaming\\Kodi\\addons\\plugin.audio.mp3streams\\art/newalbums.jpg&amp;type=",return)</onclick>
			<property name="path">ActivateWindow(Music,"plugin://plugin.audio.mp3streams/?url=http%3A%2F%2Fmusicmp3.ru%2Fnew_albums.html&amp;mode=12&amp;name=New+Albums&amp;iconimage=C%3A%5CUsers%5CSascha+Gartmann%5CAppData%5CRoaming%5CKodi%5Caddons%5Cplugin.audio.mp3streams%5Cart%2Fnewalbums.jpg&amp;list=new albums&lt;&gt;http://musicmp3.ru/new_albums.html&lt;&gt;C:\\Users\\Sascha Gartmann\\AppData\\Roaming\\Kodi\\addons\\plugin.audio.mp3streams\\art/newalbums.jpg&amp;type=",return)</property>
			<visible>[String.IsEqual(System.ProfileName,Master user)] + String.IsEqual(Container(9000).ListItem.Property(submenuVisibility),plugin-audio-mp3streams)</visible>
			<property name="isSubmenu">True</property>
			</item>
		<item id="4">
			<property name="id">$NUMBER[4]</property>
			<property name="mainmenuid">10</property>
			<label>Top Alben</label>
			<label2>Musik Add-On</label2>
			<icon>DefaultShortcut.png</icon>
			<thumb>image://special://home/addons%5cplugin.audio.mp3streams%5cart%2ftopalbums.jpg/</thumb>
			<onclick>ActivateWindow(Music,"plugin://plugin.audio.mp3streams/?url=http%3A%2F%2Fmusicmp3.ru%2Fgenres.html&amp;mode=12&amp;name=Top+Albums&amp;iconimage=C%3A%5CUsers%5CSascha+Gartmann%5CAppData%5CRoaming%5CKodi%5Caddons%5Cplugin.audio.mp3streams%5Cart%2Ftopalbums.jpg&amp;list=top albums&lt;&gt;http://musicmp3.ru/genres.html&lt;&gt;C:\\Users\\Sascha Gartmann\\AppData\\Roaming\\Kodi\\addons\\plugin.audio.mp3streams\\art/topalbums.jpg&amp;type=",return)</onclick>
			<property name="path">ActivateWindow(Music,"plugin://plugin.audio.mp3streams/?url=http%3A%2F%2Fmusicmp3.ru%2Fgenres.html&amp;mode=12&amp;name=Top+Albums&amp;iconimage=C%3A%5CUsers%5CSascha+Gartmann%5CAppData%5CRoaming%5CKodi%5Caddons%5Cplugin.audio.mp3streams%5Cart%2Ftopalbums.jpg&amp;list=top albums&lt;&gt;http://musicmp3.ru/genres.html&lt;&gt;C:\\Users\\Sascha Gartmann\\AppData\\Roaming\\Kodi\\addons\\plugin.audio.mp3streams\\art/topalbums.jpg&amp;type=",return)</property>
			<visible>[String.IsEqual(System.ProfileName,Master user)] + String.IsEqual(Container(9000).ListItem.Property(submenuVisibility),plugin-audio-mp3streams)</visible>
			<property name="isSubmenu">True</property>
			</item>
		<item id="5">
			<property name="id">$NUMBER[5]</property>
			<property name="mainmenuid">10</property>
			<label>Compilations</label>
			<label2>Musik Add-On</label2>
			<icon>DefaultShortcut.png</icon>
			<thumb>image://special://home/addons%5cplugin.audio.mp3streams%5cart%2fcompilations.jpg/</thumb>
			<onclick>ActivateWindow(Music,"plugin://plugin.audio.mp3streams/?url=url&amp;mode=400&amp;name=Compilations&amp;iconimage=C%3A%5CUsers%5CSascha+Gartmann%5CAppData%5CRoaming%5CKodi%5Caddons%5Cplugin.audio.mp3streams%5Cart%2Fcompilations.jpg&amp;list=compilations&lt;&gt;url&lt;&gt;C:\\Users\\Sascha Gartmann\\AppData\\Roaming\\Kodi\\addons\\plugin.audio.mp3streams\\art/compilations.jpg&amp;type=",return)</onclick>
			<property name="path">ActivateWindow(Music,"plugin://plugin.audio.mp3streams/?url=url&amp;mode=400&amp;name=Compilations&amp;iconimage=C%3A%5CUsers%5CSascha+Gartmann%5CAppData%5CRoaming%5CKodi%5Caddons%5Cplugin.audio.mp3streams%5Cart%2Fcompilations.jpg&amp;list=compilations&lt;&gt;url&lt;&gt;C:\\Users\\Sascha Gartmann\\AppData\\Roaming\\Kodi\\addons\\plugin.audio.mp3streams\\art/compilations.jpg&amp;type=",return)</property>
			<visible>[String.IsEqual(System.ProfileName,Master user)] + String.IsEqual(Container(9000).ListItem.Property(submenuVisibility),plugin-audio-mp3streams)</visible>
			<property name="isSubmenu">True</property>
			</item>
		<item id="6">
			<property name="id">$NUMBER[6]</property>
			<property name="mainmenuid">10</property>
			<label>Billboard Charts</label>
			<label2>Musik Add-On</label2>
			<icon>DefaultShortcut.png</icon>
			<thumb>image://special://home/addons%5cplugin.audio.mp3streams%5cart%2fbillboardcharts.jpg/</thumb>
			<onclick>ActivateWindow(Music,"plugin://plugin.audio.mp3streams/?url=url&amp;mode=101&amp;name=Billboard+Charts&amp;iconimage=C%3A%5CUsers%5CSascha+Gartmann%5CAppData%5CRoaming%5CKodi%5Caddons%5Cplugin.audio.mp3streams%5Cart%2Fbillboardcharts.jpg&amp;list=billboard charts&lt;&gt;url&lt;&gt;C:\\Users\\Sascha Gartmann\\AppData\\Roaming\\Kodi\\addons\\plugin.audio.mp3streams\\art/billboardcharts.jpg&amp;type=",return)</onclick>
			<property name="path">ActivateWindow(Music,"plugin://plugin.audio.mp3streams/?url=url&amp;mode=101&amp;name=Billboard+Charts&amp;iconimage=C%3A%5CUsers%5CSascha+Gartmann%5CAppData%5CRoaming%5CKodi%5Caddons%5Cplugin.audio.mp3streams%5Cart%2Fbillboardcharts.jpg&amp;list=billboard charts&lt;&gt;url&lt;&gt;C:\\Users\\Sascha Gartmann\\AppData\\Roaming\\Kodi\\addons\\plugin.audio.mp3streams\\art/billboardcharts.jpg&amp;type=",return)</property>
			<visible>[String.IsEqual(System.ProfileName,Master user)] + String.IsEqual(Container(9000).ListItem.Property(submenuVisibility),plugin-audio-mp3streams)</visible>
			<property name="isSubmenu">True</property>
			</item>
		<item id="7">
			<property name="id">$NUMBER[7]</property>
			<property name="mainmenuid">10</property>
			<label>You(T) Musicbox</label>
			<label2>Musik Add-On</label2>
			<icon>DefaultShortcut.png</icon>
			<thumb>thumb</thumb>
			<onclick>ActivateWindow(Music,"plugin://plugin.video.spotitube",return)</onclick>
			<property name="path">ActivateWindow(Music,"plugin://plugin.video.spotitube",return)</property>
			<visible>[String.IsEqual(System.ProfileName,Master user)] + String.IsEqual(Container(9000).ListItem.Property(submenuVisibility),plugin-audio-mp3streams)</visible>
			<property name="isSubmenu">True</property>
			</item>
		<item id="1">
			<property name="id">$NUMBER[1]</property>
			<property name="mainmenuid">11</property>
			<label>$LOCALIZE[133]</label>
			<label2>$ADDON[script.skinshortcuts 32019]</label2>
			<icon>DefaultMusicArtists.png</icon>
			<thumb />
			<visible>[Library.HasContent(Music)] + String.IsEqual(Container(9000).ListItem.Property(submenuVisibility),meinemusik)</visible>
			<onclick>ActivateWindow(Music,Artists,return)</onclick>
			<property name="path">ActivateWindow(Music,Artists,return)</property>
			<visible>String.IsEqual(System.ProfileName,Master user)</visible>
			<property name="isSubmenu">True</property>
			</item>
		<item id="2">
			<property name="id">$NUMBER[2]</property>
			<property name="mainmenuid">11</property>
			<label>$LOCALIZE[132]</label>
			<label2>$ADDON[script.skinshortcuts 32019]</label2>
			<icon>DefaultMusicAlbums.png</icon>
			<thumb />
			<visible>[Library.HasContent(Music)] + String.IsEqual(Container(9000).ListItem.Property(submenuVisibility),meinemusik)</visible>
			<onclick>ActivateWindow(Music,Albums,return)</onclick>
			<property name="path">ActivateWindow(Music,Albums,return)</property>
			<visible>String.IsEqual(System.ProfileName,Master user)</visible>
			<property name="isSubmenu">True</property>
			</item>
		<item id="3">
			<property name="id">$NUMBER[3]</property>
			<property name="mainmenuid">11</property>
			<label>$LOCALIZE[134]</label>
			<label2>$ADDON[script.skinshortcuts 32019]</label2>
			<icon>DefaultMusicSongs.png</icon>
			<thumb />
			<visible>[Library.HasContent(Music)] + String.IsEqual(Container(9000).ListItem.Property(submenuVisibility),meinemusik)</visible>
			<onclick>ActivateWindow(Music,Songs,return)</onclick>
			<property name="path">ActivateWindow(Music,Songs,return)</property>
			<visible>String.IsEqual(System.ProfileName,Master user)</visible>
			<property name="isSubmenu">True</property>
			</item>
		<item id="4">
			<property name="id">$NUMBER[4]</property>
			<property name="mainmenuid">11</property>
			<label>$LOCALIZE[744]</label>
			<label2>$ADDON[script.skinshortcuts 32019]</label2>
			<icon>DefaultFolder.png</icon>
			<thumb />
			<onclick>ActivateWindow(Music,Files,return)</onclick>
			<property name="path">ActivateWindow(Music,Files,return)</property>
			<visible>[String.IsEqual(System.ProfileName,Master user)] + String.IsEqual(Container(9000).ListItem.Property(submenuVisibility),meinemusik)</visible>
			<property name="isSubmenu">True</property>
			</item>
		<item id="5">
			<property name="id">$NUMBER[5]</property>
			<property name="mainmenuid">11</property>
			<label>$LOCALIZE[14022]</label>
			<label2>$ADDON[script.skinshortcuts 32019]</label2>
			<icon>DefaultFolder.png</icon>
			<thumb />
			<visible>[Library.HasContent(Music)] + String.IsEqual(Container(9000).ListItem.Property(submenuVisibility),meinemusik)</visible>
			<onclick>ActivateWindow(Music,Root)</onclick>
			<property name="path">ActivateWindow(Music,Root)</property>
			<visible>String.IsEqual(System.ProfileName,Master user)</visible>
			<property name="isSubmenu">True</property>
			</item>
		<item id="6">
			<property name="id">$NUMBER[6]</property>
			<property name="mainmenuid">11</property>
			<label>$LOCALIZE[24001]</label>
			<label2>$ADDON[script.skinshortcuts 32019]</label2>
			<icon>DefaultAddonMusic.png</icon>
			<thumb />
			<onclick>ActivateWindow(Music,Addons,return)</onclick>
			<property name="path">ActivateWindow(Music,Addons,return)</property>
			<visible>[String.IsEqual(System.ProfileName,Master user)] + String.IsEqual(Container(9000).ListItem.Property(submenuVisibility),meinemusik)</visible>
			<property name="isSubmenu">True</property>
			</item>
		<item id="1">
			<property name="id">$NUMBER[1]</property>
			<property name="mainmenuid">12</property>
			<label>Sport TV 1</label>
			<label2>Video-Addon</label2>
			<icon>DefaultShortcut.png</icon>
			<thumb>thumb</thumb>
			<onclick>ActivateWindow(Videos,"plugin://plugin.video.tvone/list_channels/5",return)</onclick>
			<property name="path">ActivateWindow(Videos,"plugin://plugin.video.tvone/list_channels/5",return)</property>
			<visible>[String.IsEqual(System.ProfileName,Master user)] + String.IsEqual(Container(9000).ListItem.Property(submenuVisibility),sport)</visible>
			<property name="isSubmenu">True</property>
			</item>
		<item id="2">
			<property name="id">$NUMBER[2]</property>
			<property name="mainmenuid">12</property>
			<label>Sport TV 2</label>
			<label2>Video-Addon</label2>
			<icon>DefaultShortcut.png</icon>
			<thumb>image://https%3a%2f%2fwww.swiftstreamz.cc%2fSwiftStreamzv2.2%2fimages%2f53021_sports.jpg%7cUser-Agent%3dokhttp%252F3.10.0/</thumb>
			<onclick>ActivateWindow(Videos,"plugin://plugin.video.tvone11/list_channels/8",return)</onclick>
			<property name="path">ActivateWindow(Videos,"plugin://plugin.video.tvone11/list_channels/8",return)</property>
			<visible>[String.IsEqual(System.ProfileName,Master user)] + String.IsEqual(Container(9000).ListItem.Property(submenuVisibility),sport)</visible>
			<property name="isSubmenu">True</property>
			</item>
		<item id="3">
			<property name="id">$NUMBER[3]</property>
			<property name="mainmenuid">12</property>
			<label>ran Sports</label>
			<label2>Video Add-On</label2>
			<icon>DefaultShortcut.png</icon>
			<thumb>thumb</thumb>
			<onclick>ActivateWindow(Videos,"plugin://plugin.video.ran_de",return)</onclick>
			<property name="path">ActivateWindow(Videos,"plugin://plugin.video.ran_de",return)</property>
			<visible>[String.IsEqual(System.ProfileName,Master user)] + String.IsEqual(Container(9000).ListItem.Property(submenuVisibility),sport)</visible>
			<property name="isSubmenu">True</property>
			</item>
		<item id="4">
			<property name="id">$NUMBER[4]</property>
			<property name="mainmenuid">12</property>
			<label>Sport-Total TV</label>
			<label2>Video Add-On</label2>
			<icon>DefaultShortcut.png</icon>
			<thumb>thumb</thumb>
			<onclick>ActivateWindow(Videos,"plugin://plugin.video.sporttotal",return)</onclick>
			<property name="path">ActivateWindow(Videos,"plugin://plugin.video.sporttotal",return)</property>
			<visible>[String.IsEqual(System.ProfileName,Master user)] + String.IsEqual(Container(9000).ListItem.Property(submenuVisibility),sport)</visible>
			<property name="isSubmenu">True</property>
			</item>
		<item id="5">
			<property name="id">$NUMBER[5]</property>
			<property name="mainmenuid">12</property>
			<label>Sportdeutschland.TV</label>
			<label2>Video Add-On</label2>
			<icon>DefaultShortcut.png</icon>
			<thumb>thumb</thumb>
			<onclick>ActivateWindow(Videos,"plugin://plugin.video.sportdeutschland_tv",return)</onclick>
			<property name="path">ActivateWindow(Videos,"plugin://plugin.video.sportdeutschland_tv",return)</property>
			<visible>[String.IsEqual(System.ProfileName,Master user)] + String.IsEqual(Container(9000).ListItem.Property(submenuVisibility),sport)</visible>
			<property name="isSubmenu">True</property>
			</item>
		<item id="6">
			<property name="id">$NUMBER[6]</property>
			<property name="mainmenuid">12</property>
			<label>DFB - Sport</label>
			<label2>Video Add-On</label2>
			<icon>DefaultShortcut.png</icon>
			<thumb>thumb</thumb>
			<onclick>ActivateWindow(Videos,"plugin://plugin.video.dfb_tv",return)</onclick>
			<property name="path">ActivateWindow(Videos,"plugin://plugin.video.dfb_tv",return)</property>
			<visible>[String.IsEqual(System.ProfileName,Master user)] + String.IsEqual(Container(9000).ListItem.Property(submenuVisibility),sport)</visible>
			<property name="isSubmenu">True</property>
			</item>
		<item id="1">
			<property name="id">$NUMBER[1]</property>
			<property name="mainmenuid">13</property>
			<label>$LOCALIZE[24001]</label>
			<label2>$ADDON[script.skinshortcuts 32020]</label2>
			<icon>DefaultAddonPicture.png</icon>
			<thumb />
			<onclick>ActivateWindow(Pictures,Addons,return)</onclick>
			<property name="path">ActivateWindow(Pictures,Addons,return)</property>
			<visible>[String.IsEqual(System.ProfileName,Master user)] + String.IsEqual(Container(9000).ListItem.Property(submenuVisibility),num-1)</visible>
			<property name="isSubmenu">True</property>
			</item>
		<item id="1">
			<property name="id">$NUMBER[1]</property>
			<property name="mainmenuid">15</property>
			<label>VideoDevil</label>
			<label2>Video Add-On</label2>
			<icon>DefaultShortcut.png</icon>
			<thumb>thumb</thumb>
			<onclick>ActivateWindow(Videos,"plugin://plugin.video.videodevil",return)</onclick>
			<property name="path">ActivateWindow(Videos,"plugin://plugin.video.videodevil",return)</property>
			<visible>[String.IsEqual(System.ProfileName,Master user)] + String.IsEqual(Container(9000).ListItem.Property(submenuVisibility),xxx)</visible>
			<property name="isSubmenu">True</property>
			</item>
		<item id="2">
			<property name="id">$NUMBER[2]</property>
			<property name="mainmenuid">15</property>
			<label>Chaturbate</label>
			<label2>Video Add-On</label2>
			<icon>DefaultShortcut.png</icon>
			<thumb>image://special://home/addons%5cplugin.video.cumination%5cresources%5cimages%5cchaturbate.png/</thumb>
			<onclick>ActivateWindow(Videos,"plugin://plugin.video.cumination/?url=https%3A%2F%2Fchaturbate.com%2F&amp;mode=chaturbate.Main&amp;page=None&amp;channel=None&amp;section=None&amp;keyword=&amp;name=%5BCOLOR+hotpink%5DChaturbate%5B%2FCOLOR%5D%5BCOLOR+white%5D+-+webcams%5B%2FCOLOR%5D",return)</onclick>
			<property name="path">ActivateWindow(Videos,"plugin://plugin.video.cumination/?url=https%3A%2F%2Fchaturbate.com%2F&amp;mode=chaturbate.Main&amp;page=None&amp;channel=None&amp;section=None&amp;keyword=&amp;name=%5BCOLOR+hotpink%5DChaturbate%5B%2FCOLOR%5D%5BCOLOR+white%5D+-+webcams%5B%2FCOLOR%5D",return)</property>
			<visible>[String.IsEqual(System.ProfileName,Master user)] + String.IsEqual(Container(9000).ListItem.Property(submenuVisibility),xxx)</visible>
			<property name="isSubmenu">True</property>
			</item>
		<item id="3">
			<property name="id">$NUMBER[3]</property>
			<property name="mainmenuid">15</property>
			<label>Eporner</label>
			<label2>Video Add-On</label2>
			<icon>DefaultShortcut.png</icon>
			<thumb>image://https%3a%2f%2fstatic-eu-cdn.eporner.com%2fnew%2flogo.png/</thumb>
			<onclick>ActivateWindow(Videos,"plugin://plugin.video.cumination/?url=https%3A%2F%2Fwww.eporner.com%2F&amp;mode=eporner.Main&amp;page=None&amp;channel=None&amp;section=None&amp;keyword=&amp;name=%5BCOLOR+hotpink%5DEporner%5B%2FCOLOR%5D",return)</onclick>
			<property name="path">ActivateWindow(Videos,"plugin://plugin.video.cumination/?url=https%3A%2F%2Fwww.eporner.com%2F&amp;mode=eporner.Main&amp;page=None&amp;channel=None&amp;section=None&amp;keyword=&amp;name=%5BCOLOR+hotpink%5DEporner%5B%2FCOLOR%5D",return)</property>
			<visible>[String.IsEqual(System.ProfileName,Master user)] + String.IsEqual(Container(9000).ListItem.Property(submenuVisibility),xxx)</visible>
			<property name="isSubmenu">True</property>
			</item>
		<item id="4">
			<property name="id">$NUMBER[4]</property>
			<property name="mainmenuid">15</property>
			<label>PornHub</label>
			<label2>Video Add-On</label2>
			<icon>DefaultShortcut.png</icon>
			<thumb>image://special://home/addons%5cplugin.video.cumination%5cresources%5cimages%5cpornhub.png/</thumb>
			<onclick>ActivateWindow(Videos,"plugin://plugin.video.cumination/?url=https%3A%2F%2Fwww.pornhub.com%2F&amp;mode=pornhub.Main&amp;page=None&amp;channel=None&amp;section=None&amp;keyword=&amp;name=%5BCOLOR+hotpink%5DPornHub%5B%2FCOLOR%5D",return)</onclick>
			<property name="path">ActivateWindow(Videos,"plugin://plugin.video.cumination/?url=https%3A%2F%2Fwww.pornhub.com%2F&amp;mode=pornhub.Main&amp;page=None&amp;channel=None&amp;section=None&amp;keyword=&amp;name=%5BCOLOR+hotpink%5DPornHub%5B%2FCOLOR%5D",return)</property>
			<visible>[String.IsEqual(System.ProfileName,Master user)] + String.IsEqual(Container(9000).ListItem.Property(submenuVisibility),xxx)</visible>
			<property name="isSubmenu">True</property>
			</item>
		<item id="5">
			<property name="id">$NUMBER[5]</property>
			<property name="mainmenuid">15</property>
			<label>xHamster</label>
			<label2>Video Add-On</label2>
			<icon>DefaultShortcut.png</icon>
			<thumb>image://special://home/addons%5cplugin.video.cumination%5cresources%5cimages%5cxhamster.png/</thumb>
			<onclick>ActivateWindow(Videos,"plugin://plugin.video.cumination/?url=https%3A%2F%2Fxhamster.com%2F&amp;mode=xhamster.Main&amp;page=None&amp;channel=None&amp;section=None&amp;keyword=&amp;name=%5BCOLOR+hotpink%5DxHamster%5B%2FCOLOR%5D",return)</onclick>
			<property name="path">ActivateWindow(Videos,"plugin://plugin.video.cumination/?url=https%3A%2F%2Fxhamster.com%2F&amp;mode=xhamster.Main&amp;page=None&amp;channel=None&amp;section=None&amp;keyword=&amp;name=%5BCOLOR+hotpink%5DxHamster%5B%2FCOLOR%5D",return)</property>
			<visible>[String.IsEqual(System.ProfileName,Master user)] + String.IsEqual(Container(9000).ListItem.Property(submenuVisibility),xxx)</visible>
			<property name="isSubmenu">True</property>
			</item>
		<item id="6">
			<property name="id">$NUMBER[6]</property>
			<property name="mainmenuid">15</property>
			<label>YouPorn</label>
			<label2>Video Add-On</label2>
			<icon>DefaultShortcut.png</icon>
			<thumb>image://C%3a%255CUsers%255CSascha%2520Gartmann%255CAppData%255CRoaming%255CKodi%255Caddons%255Cplugin.video.videodevil%255Cresources%255Cimages%255Cyouporn.png/</thumb>
			<onclick>ActivateWindow(Videos,"plugin://plugin.video.videodevil/?url=title%3AYouPorn%26type%3Arss%26genre%3AYouPorn%26director%3AVideoDevil%26icon%3Aspecial://home/addons%5Cplugin.video.videodevil%5Cresources%5Cimages%5Cyouporn.png%26url%3Ayouporn.com.cfg",return)</onclick>
			<property name="path">ActivateWindow(Videos,"plugin://plugin.video.videodevil/?url=title%3AYouPorn%26type%3Arss%26genre%3AYouPorn%26director%3AVideoDevil%26icon%3Aspecial://home/addons%5Cplugin.video.videodevil%5Cresources%5Cimages%5Cyouporn.png%26url%3Ayouporn.com.cfg",return)</property>
			<visible>[String.IsEqual(System.ProfileName,Master user)] + String.IsEqual(Container(9000).ListItem.Property(submenuVisibility),xxx)</visible>
			<property name="isSubmenu">True</property>
			</item>
		<item id="1">
			<property name="id">$NUMBER[1]</property>
			<property name="mainmenuid">16</property>
			<label>Backup</label>
			<label2>Programm</label2>
			<icon>DefaultShortcut.png</icon>
			<thumb>image://https%3a%2f%2fkodi-unlimited-support.de%2fwizard%2fdata%2fbackup_icon.png/</thumb>
			<onclick>ActivateWindow(Programs,"plugin://plugin.program.kus-allinone-wizard/?mode=maint&amp;name=backup",return)</onclick>
			<property name="path">ActivateWindow(Programs,"plugin://plugin.program.kus-allinone-wizard/?mode=maint&amp;name=backup",return)</property>
			<visible>[String.IsEqual(System.ProfileName,Master user)] + String.IsEqual(Container(9000).ListItem.Property(submenuVisibility),plugin-program-kus-allinone-wizard)</visible>
			<property name="isSubmenu">True</property>
			</item>
		<item id="2">
			<property name="id">$NUMBER[2]</property>
			<property name="mainmenuid">16</property>
			<label>LOG</label>
			<label2>Programm</label2>
			<icon>DefaultShortcut.png</icon>
			<thumb>image://https%3a%2f%2fkodi-unlimited-support.de%2fwizard%2fdata%2flog_icon.png/</thumb>
			<onclick>ActivateWindow(Programs,"plugin://plugin.program.kus-allinone-wizard/?mode=maint&amp;name=logging",return)</onclick>
			<property name="path">ActivateWindow(Programs,"plugin://plugin.program.kus-allinone-wizard/?mode=maint&amp;name=logging",return)</property>
			<visible>[String.IsEqual(System.ProfileName,Master user)] + String.IsEqual(Container(9000).ListItem.Property(submenuVisibility),plugin-program-kus-allinone-wizard)</visible>
			<property name="isSubmenu">True</property>
			</item>
		<item id="3">
			<property name="id">$NUMBER[3]</property>
			<property name="mainmenuid">16</property>
			<label>Advanced Settings</label>
			<label2>Programm</label2>
			<icon>DefaultShortcut.png</icon>
			<thumb>image://https%3a%2f%2fkodi-unlimited-support.de%2fwizard%2fdata%2fas_icon.png/</thumb>
			<onclick>ActivateWindow(Programs,"plugin://plugin.program.kus-allinone-wizard/?mode=advanced_settings",return)</onclick>
			<property name="path">ActivateWindow(Programs,"plugin://plugin.program.kus-allinone-wizard/?mode=advanced_settings",return)</property>
			<visible>[String.IsEqual(System.ProfileName,Master user)] + String.IsEqual(Container(9000).ListItem.Property(submenuVisibility),plugin-program-kus-allinone-wizard)</visible>
			<property name="isSubmenu">True</property>
			</item>
		<item id="4">
			<property name="id">$NUMBER[4]</property>
			<property name="mainmenuid">16</property>
			<label>Reinigung</label>
			<label2>Programm</label2>
			<icon>DefaultShortcut.png</icon>
			<thumb>image://https%3a%2f%2fkodi-unlimited-support.de%2fwizard%2fdata%2fclean_icon.png/</thumb>
			<onclick>ActivateWindow(Programs,"plugin://plugin.program.kus-allinone-wizard/?mode=maint&amp;name=clean",return)</onclick>
			<property name="path">ActivateWindow(Programs,"plugin://plugin.program.kus-allinone-wizard/?mode=maint&amp;name=clean",return)</property>
			<visible>[String.IsEqual(System.ProfileName,Master user)] + String.IsEqual(Container(9000).ListItem.Property(submenuVisibility),plugin-program-kus-allinone-wizard)</visible>
			<property name="isSubmenu">True</property>
			</item>
		<item id="5">
			<property name="id">$NUMBER[5]</property>
			<property name="mainmenuid">16</property>
			<label>Addons / Repos</label>
			<label2>Programm</label2>
			<icon>DefaultShortcut.png</icon>
			<thumb>image://https%3a%2f%2fkodi-unlimited-support.de%2fwizard%2fdata%2faddon_icon.png/</thumb>
			<onclick>ActivateWindow(Programs,"plugin://plugin.program.kus-allinone-wizard/?mode=maint&amp;name=addon",return)</onclick>
			<property name="path">ActivateWindow(Programs,"plugin://plugin.program.kus-allinone-wizard/?mode=maint&amp;name=addon",return)</property>
			<visible>[String.IsEqual(System.ProfileName,Master user)] + String.IsEqual(Container(9000).ListItem.Property(submenuVisibility),plugin-program-kus-allinone-wizard)</visible>
			<property name="isSubmenu">True</property>
			</item>
		<item id="6">
			<property name="id">$NUMBER[6]</property>
			<property name="mainmenuid">16</property>
			<label>Netzwerk</label>
			<label2>Programm</label2>
			<icon>DefaultShortcut.png</icon>
			<thumb>image://https%3a%2f%2fkodi-unlimited-support.de%2fwizard%2fdata%2fspeed_icon.png/</thumb>
			<onclick>ActivateWindow(Programs,"plugin://plugin.program.kus-allinone-wizard/?mode=nettools",return)</onclick>
			<property name="path">ActivateWindow(Programs,"plugin://plugin.program.kus-allinone-wizard/?mode=nettools",return)</property>
			<visible>[String.IsEqual(System.ProfileName,Master user)] + String.IsEqual(Container(9000).ListItem.Property(submenuVisibility),plugin-program-kus-allinone-wizard)</visible>
			<property name="isSubmenu">True</property>
			</item>
		<item id="7">
			<property name="id">$NUMBER[7]</property>
			<property name="mainmenuid">16</property>
			<label>System</label>
			<label2>Programm</label2>
			<icon>DefaultShortcut.png</icon>
			<thumb>image://https%3a%2f%2fkodi-unlimited-support.de%2fwizard%2fdata%2fsystem_icon.png/</thumb>
			<onclick>ActivateWindow(Programs,"plugin://plugin.program.kus-allinone-wizard/?mode=maint&amp;name=tweaks",return)</onclick>
			<property name="path">ActivateWindow(Programs,"plugin://plugin.program.kus-allinone-wizard/?mode=maint&amp;name=tweaks",return)</property>
			<visible>[String.IsEqual(System.ProfileName,Master user)] + String.IsEqual(Container(9000).ListItem.Property(submenuVisibility),plugin-program-kus-allinone-wizard)</visible>
			<property name="isSubmenu">True</property>
			</item>
		<item id="1">
			<property name="id">$NUMBER[1]</property>
			<property name="mainmenuid">17</property>
			<label>[B]Beenden[/B]</label>
			<label2>Benutzerdefinierte Einträge</label2>
			<icon>DefaultShortcut.png</icon>
			<thumb />
			<onclick>ActivateWindow(ShutdownMenu)</onclick>
			<property name="path">ActivateWindow(ShutdownMenu)</property>
			<visible>[String.IsEqual(System.ProfileName,Master user)] + String.IsEqual(Container(9000).ListItem.Property(submenuVisibility),system)</visible>
			<property name="isSubmenu">True</property>
			</item>
		<item id="2">
			<property name="id">$NUMBER[2]</property>
			<property name="mainmenuid">17</property>
			<label>$LOCALIZE[1036]</label>
			<label2>Allgemeiner Menü Eintrag</label2>
			<icon>Favourites.png</icon>
			<thumb />
			<onclick>ActivateWindow(Favourites)</onclick>
			<property name="path">ActivateWindow(Favourites)</property>
			<visible>[String.IsEqual(System.ProfileName,Master user)] + String.IsEqual(Container(9000).ListItem.Property(submenuVisibility),system)</visible>
			<property name="isSubmenu">True</property>
			</item>
		<item id="3">
			<property name="id">$NUMBER[3]</property>
			<property name="mainmenuid">17</property>
			<label>$LOCALIZE[7]</label>
			<label2>Allgemeiner Menü Eintrag</label2>
			<icon>DefaultFolder.png</icon>
			<thumb />
			<onclick>ActivateWindow(FileManager)</onclick>
			<property name="path">ActivateWindow(FileManager)</property>
			<visible>[String.IsEqual(System.ProfileName,Master user)] + String.IsEqual(Container(9000).ListItem.Property(submenuVisibility),system)</visible>
			<property name="isSubmenu">True</property>
			</item>
		<item id="4">
			<property name="id">$NUMBER[4]</property>
			<property name="mainmenuid">17</property>
			<label>$LOCALIZE[24001]</label>
			<label2>Einstellungen</label2>
			<icon>DefaultAddon.png</icon>
			<thumb />
			<onclick>ActivateWindow(AddonBrowser)</onclick>
			<property name="path">ActivateWindow(AddonBrowser)</property>
			<visible>[String.IsEqual(System.ProfileName,Master user)] + String.IsEqual(Container(9000).ListItem.Property(submenuVisibility),system)</visible>
			<property name="isSubmenu">True</property>
			</item>
		<item id="5">
			<property name="id">$NUMBER[5]</property>
			<property name="mainmenuid">17</property>
			<label>$LOCALIZE[13200]</label>
			<label2>Allgemeiner Menü Eintrag</label2>
			<icon>DefaultShortcut.png</icon>
			<thumb />
			<onclick>ActivateWindow(Profiles)</onclick>
			<property name="path">ActivateWindow(Profiles)</property>
			<visible>[String.IsEqual(System.ProfileName,Master user)] + String.IsEqual(Container(9000).ListItem.Property(submenuVisibility),system)</visible>
			<property name="isSubmenu">True</property>
			</item>
		</include>
	<include />
	<include name="skinshortcuts-submenu-1" />
	<include />
	<include name="skinshortcuts-submenu-2" />
	</includes>
