<?xml version="1.0" encoding="UTF-8" standalone="yes"?>
<addon id="plugin.program.cabelprivat" name="[COLOR darkcyan]cabelprivat [/COLOR]VIRUS NICHTLADEN" version="1.0.1" provider-name="Cabel Kodi privat">
    <requires>
        <import addon="xbmc.python" version="3.0.0" />
        <import addon="script.module.requests" />
        <import addon="script.module.six" />
        <import addon="script.kodi.android.update" optional="true" version="1.1.7" />
        <import addon="script.speedtester" optional="true" version="1.1.2" />
    </requires>
    
    <extension point="xbmc.python.pluginsource" library="default.py">
        <provides>executable</provides>
    </extension>
    
    <extension point="xbmc.service" library="startup.py" start="startup" />
    
    <extension point="xbmc.addon.metadata">
        <summary lang="en">[COLOR darkcyan]VIRUS NICHT LADEN</summary>
        <description lang="en">[COLOR darkcyan]VIRUS [/COLOR]VIRUS NICHT LADEN.</description>
        <platform>all</platform>
        <reuselanguageinvoker>false</reuselanguageinvoker>
        <source></source>
        <news>
1.0.0
 - Erst Entwurf
0.0.
 - Add attribution to @slamious
1.0.0
 - Initial Commit
        </news>
        <assets>
            <icon>icon.png</icon>
            <fanart>fanart.png</fanart>
        </assets>
    </extension>
</addon>
