<?xml version="1.0" encoding="UTF-8" standalone="yes"?>
<addon id="service.update."
       name="Stubebox Update Info"
       version="0.01"
       provider-name="TEAM STUBE">
  <requires>
    <import addon="xbmc.python" version="2.1.0"/>
  </requires>
  <extension point="xbmc.service" library="service.py" start="startup" />
    <provides>executable</provides>
  <extension point="xbmc.addon.metadata">
      <summary lang="en">Stubebox Update Info</summary>
      <language></language>
      <description lang="en">Stubebox Update Info</description>
      <license>GNU GENERAL PUBLIC LICENSE. Version 2, June 1991</license>
      <source></source>
      <forum></forum>
      <email></email>
      <website></website>
  </extension>
</addon>
