<?xml version="1.0" encoding="utf-8"?>
<shortcuts>
    <shortcut>
        <label>TV</label>
        <label2>Common Shortcut</label2>
        <defaultID>livetv</defaultID>
        <icon>DefaultAddonPVRClient.png</icon>
        <visible>PVR.HasTVChannels</visible>
        <action>ActivateWindow(TVChannels)</action>
    </shortcut>
    <shortcut>
        <label>FAVORITEN</label>
        <label2>Common Shortcut</label2>
        <defaultID>favourites</defaultID>
        <icon>DefaultIconFavourite.png</icon>
        <action>ActivateWindow(Favourites)</action>
    </shortcut>
    <shortcut>
        <label>APPS</label>
        <label2>Common Shortcut</label2>
        <defaultID>programs</defaultID>
        <icon>DefaultAddonsRepo.png</icon>
        <visible>System.Platform.Android</visible>
        <action>ActivateWindow(Videos,"androidapp://sources/apps/",return)</action>
    </shortcut>
    <shortcut>
        <label>SYSTEM</label>
        <label2>Common Shortcut</label2>
        <defaultID>null</defaultID>
        <icon>special://skin/extras/icons/settings.png</icon>
        <action>ActivateWindow(Settings)</action>
    </shortcut>
    <shortcut>
        <label>33060</label>
        <label2>Common Shortcut</label2>
        <defaultID>power</defaultID>
        <icon>special://skin/extras/icons/power.png</icon>
        <action>RunAddon(plugin.close.kodi)</action>
    </shortcut>
</shortcuts>
