<?xml version="1.0" encoding="utf-8"?><shortcuts>
	<shortcut>
		<defaultID>7</defaultID>
		<label>7</label>
		<label2>Common menu item</label2>
		<icon>special://skin/extras/icons/file.png</icon>
		<thumb/>
		<action>ActivateWindow(FileManager)</action>
	</shortcut>
	<shortcut>
		<defaultID>14111</defaultID>
		<label>14111</label>
		<label2>Common menu item</label2>
		<icon>special://skin/extras/icons/info.png</icon>
		<thumb/>
		<action>ActivateWindow(EventLog,events://,return)</action>
	</shortcut>
	<shortcut>
		<defaultID>13009</defaultID>
		<label>13009</label>
		<label2>RunAddon(plugin.close.kodi)</label2>
		<icon>Quit.png</icon>
		<thumb/>
		<action>Quit</action>
	</shortcut>
</shortcuts>