<?xml version="1.0" encoding="UTF-8" standalone="yes"?>
<addon id="script.module.libmediathek4" name="libmediathek4" version="1.0.0" provider-name="sarbes">
  <requires>
    <import addon="xbmc.python" version="3.0.0" />
  </requires>
  <extension point="xbmc.python.module" library="lib" />
  <extension point="xbmc.addon.metadata">
    <platform>all</platform>
    <license>GPL-2.0-only</license>
    <source>https://github.com/sarbes/plugin.video.libmediathek4</source>
    <summary lang="en_GB">Supplementary lib for Mediathek add-ons.</summary>
    <description lang="en_GB">This lib is a mini framework. It is used in my (sarbes) "Mediathek" scrapers.</description>
    <assets>
      <icon>resources/icon.png</icon>
    </assets>
  </extension>
</addon>
